-- phpMyAdmin SQL Dump
-- version 4.0.10.7
-- http://www.phpmyadmin.net
--
-- Host: localhost:3306
-- Generation Time: Nov 04, 2015 at 02:12 AM
-- Server version: 5.5.46-cll
-- PHP Version: 5.4.31

SET SQL_MODE = "NO_AUTO_VALUE_ON_ZERO";
SET time_zone = "+00:00";


/*!40101 SET @OLD_CHARACTER_SET_CLIENT=@@CHARACTER_SET_CLIENT */;
/*!40101 SET @OLD_CHARACTER_SET_RESULTS=@@CHARACTER_SET_RESULTS */;
/*!40101 SET @OLD_COLLATION_CONNECTION=@@COLLATION_CONNECTION */;
/*!40101 SET NAMES utf8 */;

--
-- Database: `rcecilee_analyser`
--

-- --------------------------------------------------------

--
-- Table structure for table `app_users`
--

CREATE TABLE IF NOT EXISTS `app_users` (
  `app_user_id` int(10) unsigned NOT NULL AUTO_INCREMENT,
  `email` varchar(255) COLLATE utf8_unicode_ci NOT NULL,
  `password` varchar(150) COLLATE utf8_unicode_ci NOT NULL,
  `first_name` varchar(45) COLLATE utf8_unicode_ci NOT NULL,
  `last_name` varchar(45) COLLATE utf8_unicode_ci NOT NULL,
  `gender` varchar(10) COLLATE utf8_unicode_ci DEFAULT NULL,
  `phone_no` varchar(15) COLLATE utf8_unicode_ci DEFAULT NULL,
  `dob` date DEFAULT NULL,
  `avatar` varchar(255) COLLATE utf8_unicode_ci DEFAULT NULL,
  `about_me` text COLLATE utf8_unicode_ci,
  `lga_id` int(10) unsigned NOT NULL,
  `verified` int(10) unsigned NOT NULL DEFAULT '0',
  `status` int(10) unsigned NOT NULL DEFAULT '1',
  `verification_code` varchar(255) COLLATE utf8_unicode_ci DEFAULT NULL,
  `remember_token` varchar(100) COLLATE utf8_unicode_ci DEFAULT NULL,
  `created_at` timestamp NOT NULL DEFAULT '0000-00-00 00:00:00',
  `updated_at` timestamp NOT NULL DEFAULT '0000-00-00 00:00:00',
  PRIMARY KEY (`app_user_id`),
  UNIQUE KEY `app_users_email_unique` (`email`),
  KEY `app_users_lga_id_index` (`lga_id`)
) ENGINE=InnoDB DEFAULT CHARSET=utf8 COLLATE=utf8_unicode_ci AUTO_INCREMENT=1 ;

-- --------------------------------------------------------

--
-- Table structure for table `beneficiaries`
--

CREATE TABLE IF NOT EXISTS `beneficiaries` (
  `beneficiary_id` int(10) unsigned NOT NULL AUTO_INCREMENT,
  `name` varchar(150) COLLATE utf8_unicode_ci NOT NULL,
  `address` text COLLATE utf8_unicode_ci NOT NULL,
  `project_id` int(10) unsigned NOT NULL,
  `created_at` timestamp NOT NULL DEFAULT '0000-00-00 00:00:00',
  `updated_at` timestamp NOT NULL DEFAULT '0000-00-00 00:00:00',
  PRIMARY KEY (`beneficiary_id`),
  KEY `beneficiaries_project_id_index` (`project_id`)
) ENGINE=InnoDB DEFAULT CHARSET=utf8 COLLATE=utf8_unicode_ci AUTO_INCREMENT=1 ;

-- --------------------------------------------------------

--
-- Table structure for table `bills`
--

CREATE TABLE IF NOT EXISTS `bills` (
  `bill_id` int(10) unsigned NOT NULL AUTO_INCREMENT,
  `title` varchar(255) COLLATE utf8_unicode_ci NOT NULL,
  `number` varchar(255) COLLATE utf8_unicode_ci DEFAULT NULL,
  `bill_date` date NOT NULL,
  `upload_url` varchar(255) COLLATE utf8_unicode_ci NOT NULL,
  `user_id` int(10) unsigned NOT NULL,
  `house_id` int(10) unsigned NOT NULL,
  `created_at` timestamp NOT NULL DEFAULT '0000-00-00 00:00:00',
  `updated_at` timestamp NOT NULL DEFAULT '0000-00-00 00:00:00',
  PRIMARY KEY (`bill_id`),
  UNIQUE KEY `bills_number_unique` (`number`),
  KEY `bills_user_id_index` (`user_id`),
  KEY `bills_house_id_index` (`house_id`)
) ENGINE=InnoDB  DEFAULT CHARSET=utf8 COLLATE=utf8_unicode_ci AUTO_INCREMENT=72 ;

--
-- Dumping data for table `bills`
--

INSERT INTO `bills` (`bill_id`, `title`, `number`, `bill_date`, `upload_url`, `user_id`, `house_id`, `created_at`, `updated_at`) VALUES
(4, 'APPROPRIATION ACT 2014', 'S0004', '2014-01-01', '4_upload.pdf', 1, 3, '2015-09-23 22:04:05', '2015-09-23 22:04:06'),
(5, 'PENSION REFORM ACT 2014', 'S0005', '2014-01-01', '5_upload.pdf', 1, 3, '2015-09-23 22:05:21', '2015-09-23 22:05:22'),
(6, 'NATIONAL ASSEMBLY SERVICE COMMISSION ACT 2014', 'S0006', '2014-01-01', '6_upload.pdf', 1, 3, '2015-09-23 22:06:10', '2015-09-24 17:00:14'),
(7, 'National Assembly Service Act 2014', 'S0007', '2014-01-01', '7_upload.pdf', 1, 3, '2015-09-23 22:07:55', '2015-09-23 22:07:56'),
(8, 'TRANSFER OF CONVICTED OFFENDERS (ENACTMENT AND ENFORCEMENT) (AMENDMENT) ACT 2013', 'S0008', '2013-01-01', '8_upload.pdf', 1, 3, '2015-09-23 22:09:43', '2015-09-23 22:09:43'),
(9, 'TERRORISM (PREVENTION) (AMENDMENT) ACT, 2013', 'S0009', '2013-01-01', '9_upload.pdf', 1, 3, '2015-09-23 22:10:27', '2015-09-23 22:10:28'),
(10, 'APPROPRIATION ACT 2013', 'S0010', '2013-01-01', '10_upload.pdf', 1, 3, '2015-09-23 22:11:13', '2015-09-23 22:11:14'),
(11, 'APPROPRIATION (AMENDMENT) ACT 2013', 'S0011', '2013-01-01', '11_upload.pdf', 1, 3, '2015-09-23 22:31:39', '2015-09-23 22:31:40'),
(12, 'SAME SEX MARRIAGE (PROHIBITION) ACT 2013', 'S0012', '2013-01-01', '12_upload.pdf', 1, 3, '2015-09-23 22:32:51', '2015-09-23 22:32:51'),
(13, 'COURT OF APPEAL (AMENDMENT) ACT 2013', 'S0013', '2013-01-01', '13_upload.pdf', 1, 3, '2015-09-23 22:33:25', '2015-09-23 22:33:25'),
(14, 'FEDERAL CAPITAL TERRITORY APPROPRIATION ACT 2013', 'S0014', '2013-01-01', '14_upload.pdf', 1, 3, '2015-09-24 15:27:58', '2015-09-24 15:27:59'),
(15, 'HYDRO-ELECTRIC POWER PRODUCING AREAS DEVELOPMENT COMMISSION (AMENDMENT) ACT 2013', 'S0015', '2013-01-01', '15_upload.pdf', 1, 3, '2015-09-24 15:28:51', '2015-09-24 15:28:51'),
(16, 'MONEY LAUNDERING (PROHIBITION) (AMENDMENT) ACT, 2012', 'S0016', '2012-01-01', '16_upload.pdf', 1, 3, '2015-09-24 15:29:45', '2015-09-24 15:29:45'),
(17, 'NIGER DELTA DEVELOPMENT COMMISSION APPROPRIATION ACT 2012', 'S0017', '2012-01-01', '17_upload.pdf', 1, 3, '2015-09-24 15:30:43', '2015-09-24 15:30:44'),
(18, 'APPROPRIATION ACT 2012', 'S0018', '2012-01-01', '18_upload.pdf', 1, 3, '2015-09-24 15:32:04', '2015-09-24 15:32:05'),
(19, 'FEDERAL CAPITAL TERRITORY APPROPRIATION ACT 2012', 'S0019', '2012-01-01', '19_upload.pdf', 1, 3, '2015-09-24 16:34:20', '2015-09-24 16:34:21'),
(20, 'SUPPLEMENTARY APPROPRIATION ACT 2012', 'S0020', '2012-01-01', '20_upload.pdf', 1, 3, '2015-09-24 16:37:50', '2015-09-24 16:37:50'),
(21, 'UNIVERSITIES (MISCELLANEOUS PROVISIONS) (AMENDMENT) ACT 2012', 'S0021', '2012-01-01', '21_upload.pdf', 1, 3, '2015-09-24 16:39:06', '2015-09-24 16:39:06'),
(22, 'Appropriation (Amendment) Act, 2011', 'S0022', '2011-01-01', '22_upload.pdf', 1, 3, '2015-09-24 16:41:44', '2015-09-24 16:41:45'),
(23, 'Appropriation (Amendment) Act, 2011', 'S0023', '2011-06-01', '23_upload.pdf', 1, 3, '2015-09-24 17:03:54', '2015-09-24 17:03:55'),
(24, 'NATIONAL MINIMUM WAGE (AMENDMENT) ACT, 2011', 'S0024', '2011-01-01', '24_upload.pdf', 1, 3, '2015-09-24 17:26:37', '2015-09-24 17:26:37'),
(25, 'ELECTORAL ACT 2011', 'S0025', '2011-01-01', '25_upload.pdf', 1, 3, '2015-09-24 18:12:24', '2015-09-24 18:12:25'),
(26, 'PENSION REFORM (AMENDMENT) ACT, 2011', 'S0026', '2011-01-01', '26_upload.pdf', 1, 3, '2015-09-24 18:13:26', '2015-09-24 18:13:27'),
(27, 'NATIONAL INSTITUTE FOR LEGISLATIVE STUDIES ACT, 2011', 'S0027', '2011-01-01', '27_upload.pdf', 1, 3, '2015-09-24 18:15:37', '2015-09-24 18:15:38'),
(28, 'FREEDOM OF INFORMATION ACT, 2011', 'S0028', '2011-01-01', '28_upload.pdf', 1, 3, '2015-09-24 18:23:43', '2015-09-24 18:23:44'),
(29, 'APPROPRIATION (AMENDMENT) ACT, 2011', 'S0029', '2011-01-01', '29_upload.pdf', 1, 3, '2015-09-25 17:03:09', '2015-09-25 17:03:10'),
(30, 'NIGERIA SOVEREIGN INVESTMENT AUTHORITY (ESTABLISHMENT,ETC.) ACT, 2011', 'S0030', '2011-01-01', '30_upload.pdf', 1, 3, '2015-09-25 18:35:59', '2015-09-25 18:36:00'),
(31, 'ELECTORAL (AMENDMENT) ACT (NO.2), 2011', 'S0031', '2011-01-01', '31_upload.pdf', 1, 3, '2015-09-25 18:38:36', '2015-09-25 18:38:37'),
(32, 'FISCAL RESPONSIBILITY COMMISSION ACT (AMENDMENT) BILL, 2011', 'S0032', '2011-01-01', '32_upload.pdf', 1, 3, '2015-09-25 18:39:15', '2015-09-25 18:39:15'),
(33, 'FEDERAL CAPITAL TERRITORY APPROPRIATION ACT, 2011', 'S0033', '2011-01-01', '33_upload.pdf', 1, 3, '2015-09-25 18:40:07', '2015-09-25 18:40:08'),
(34, 'MONEY LAUNDERING (PROHIBITION) ACT 2011', 'S0034', '2011-01-01', '34_upload.pdf', 1, 3, '2015-09-25 18:41:23', '2015-09-25 18:41:24'),
(35, 'TERRORISM (PREVENTION) ACT, 2011', 'S0035', '2011-01-01', '35_upload.pdf', 1, 3, '2015-09-25 19:54:24', '2015-09-25 19:54:25'),
(36, 'EVIDENCE ACT, 2011', 'S0036', '2011-01-01', '36_upload.pdf', 1, 3, '2015-09-25 20:30:10', '2015-09-25 20:30:11'),
(37, 'TERTIARY EDUCATION TRUST FUND ACT, 2011', 'S0037', '2011-01-01', '37_upload.pdf', 1, 3, '2015-09-25 21:08:24', '2015-09-25 21:08:26'),
(38, 'INDUSTRIAL TRAINING FUND (AMENDMENT) ACT, 2011', 'S0038', '2011-01-01', '38_upload.pdf', 1, 3, '2015-09-25 21:12:17', '2015-09-25 21:12:18'),
(39, 'DEBT MANAGEMENT BUREAU (ESTABLISHMENT ETC.) ACT 2011', 'S0039', '2011-01-01', '39_upload.pdf', 1, 3, '2015-09-28 18:28:09', '2015-09-28 18:28:10'),
(40, 'FINANCIAL REPORTING COUNCIL OF NIGERIA ACT 2011', 'S0040', '2011-01-01', '40_upload.pdf', 1, 3, '2015-09-28 18:29:06', '2015-09-28 18:29:07'),
(41, 'PERSONAL INCOME TAX (AMENDMENT) ACT 2011', 'S0041', '2011-01-01', '41_upload.pdf', 1, 3, '2015-09-28 18:29:50', '2015-09-28 18:29:51'),
(42, 'CUSTOMARY COURT OF APPEAL OF THE FEDERAL CAPITAL TERRITORY ABUJA (JURISDICTION ON CHIEFTAINCY MATERS)ACT 2011', 'S0042', '2011-01-01', '42_upload.pdf', 1, 3, '2015-09-28 18:31:16', '2015-09-28 18:31:17'),
(43, 'LEGAL AID ACT 2011', 'S0043', '2011-01-01', '43_upload.pdf', 1, 3, '2015-09-28 18:32:01', '2015-09-28 18:32:02'),
(44, 'APPROPRIATION (AMENDMENT) ACT 2011', 'S0044', '2011-01-01', '44_upload.pdf', 1, 3, '2015-09-28 18:33:06', '2015-09-28 18:33:07'),
(45, 'CONSTITUTION OF THE FEDERAL REPUBLIC OF NIGERIA (FIRST ALTERATION) ACT, 2010', 'S0045', '2010-01-01', '45_upload.pdf', 1, 5, '2015-09-28 18:35:03', '2015-09-28 18:35:03'),
(46, 'ELECTORAL ACT, 2010', 'S0046', '2010-01-01', '46_upload.pdf', 1, 5, '2015-09-28 18:37:41', '2015-09-28 18:37:42'),
(47, 'APPROPRIATION AMENDMENT ACT, 2010', 'S0047', '2010-01-01', '47_upload.pdf', 1, 5, '2015-09-28 18:39:56', '2015-09-28 18:39:58'),
(48, 'ASSET MANAGEMENT CORPORATION OF NIGERIA ACT, 2010', 'S0048', '2010-01-01', '48_upload.pdf', 1, 5, '2015-09-28 18:42:36', '2015-09-28 18:42:38'),
(49, 'CONSTITUTION OF THE FEDERAL REPUBLIC OF NIGERIA (SECOND ALTERATION) ACT, 2010', 'S0049', '2010-01-01', '49_upload.pdf', 1, 5, '2015-09-28 18:44:04', '2015-09-28 18:44:05'),
(50, 'CONSTITUTION OF THE FEDERAL REPUBLIC OF NIGERIA (THIRD ALTERATION) ACT, 2010', 'S0050', '2010-01-01', '50_upload.pdf', 1, 5, '2015-09-28 18:45:02', '2015-09-28 18:45:03'),
(51, 'NATIONAL HUMAN RIGHTS COMMISSION (AMENDMENT) ACT, 2010', 'S0051', '2010-01-01', '51_upload.pdf', 1, 5, '2015-09-28 18:45:58', '2015-09-28 18:45:59'),
(52, 'EMPLOYEE''S COMPENSATION ACT, 2010', 'S0052', '2010-01-01', '52_upload.pdf', 1, 5, '2015-09-28 18:47:50', '2015-09-28 18:47:51'),
(53, 'HYDROELECTRIC POWER PRODUCING AREAS DEVELOPMENT COMMISSION (ESTABLISHMENT, ETC.) ACT, 2010', 'S0053', '2010-01-01', '53_upload.pdf', 1, 5, '2015-09-28 18:48:58', '2015-09-28 18:48:59'),
(54, 'FEDERAL CAPITAL TERRITORY ABUJA AREA COURTS (REPEAL AND ENACTMENT) ACT, 2010', 'S0054', '2010-01-01', '54_upload.pdf', 1, 5, '2015-09-28 18:49:30', '2015-09-28 18:49:31'),
(55, 'NATIONAL SPACE RESEARCH AND DEVELOPMENT AGENCY ACT, 2010', 'S0055', '2010-01-01', '55_upload.pdf', 1, 5, '2015-09-28 18:50:32', '2015-09-28 18:50:32'),
(56, 'NIGERIA HYDROLOGICAL SERVICES AGENCY (ESTABLISHMENT) ACT, 2010', 'S0056', '2010-01-01', '56_upload.pdf', 1, 5, '2015-09-28 18:51:20', '2015-09-28 18:51:21'),
(57, 'NIGERIAN OIL AND GAS INDUSTRY CONTENT DEVELOPMENT BILL, 2010', 'S0057', '2010-01-01', '57_upload.pdf', 1, 5, '2015-09-28 18:54:13', '2015-09-28 18:54:15'),
(58, 'THE APPROPRIATION ACT, 2010', 'S0058', '2010-01-01', '58_upload.pdf', 1, 5, '2015-09-28 18:59:39', '2015-09-28 18:59:39'),
(59, 'SUPPLEMENTARY APPROPRIATION ACT, 2010', 'S0059', '2010-01-01', '59_upload.pdf', 1, 5, '2015-09-28 19:00:21', '2015-09-28 19:00:22'),
(60, 'FEDERAL CAPITAL TERRITORY APPROPRIATION ACT, 2010', 'S0060', '2010-01-01', '60_upload.pdf', 1, 5, '2015-09-28 19:00:51', '2015-09-28 19:00:52'),
(61, 'ELECTORAL (AMENDMENT) ACT, 2010', 'S0061', '2010-01-01', '61_upload.pdf', 1, 5, '2015-09-28 19:01:33', '2015-09-28 19:01:34'),
(62, 'NIGERIA EXPORT PROCESSING ZONES ACT (CAP N 107 2004) TINAPA FREE ZONE AND RESORT REGULATIONS, 2009', 'S0062', '2009-01-01', '62_upload.pdf', 1, 5, '2015-09-28 19:02:28', '2015-09-28 19:02:28'),
(63, 'FEDERAL CAPITAL TERRITORY APPROPRIATION ACT, 2009', 'S0063', '2009-01-01', '63_upload.pdf', 1, 5, '2015-09-28 19:03:19', '2015-09-28 19:03:20'),
(64, 'SUPPLEMENTARY APPROPRIATION ACT, 2009', 'S0064', '2009-01-01', '64_upload.pdf', 1, 5, '2015-09-28 19:03:54', '2015-09-28 19:03:55'),
(65, 'SUPPLEMENTARY APPROPRIATION ACT (NO.2), 2009', 'S0065', '2009-01-01', '65_upload.pdf', 1, 5, '2015-09-28 19:13:25', '2015-09-28 19:13:26'),
(66, 'NIGER DELTA DEVELOPMENT COMMISSION APPROPRIATION ACT, 2009', 'S0066', '2009-01-01', '66_upload.pdf', 1, 5, '2015-09-28 19:15:24', '2015-09-28 19:15:25'),
(67, 'Appropriation Act 2008', 'S0067', '2008-12-15', '67_upload.pdf', 1, 5, '2015-09-28 19:28:09', '2015-09-28 19:28:10'),
(68, 'APPROPRIATION ACT 2008', 'S0068', '2008-01-01', '68_upload.pdf', 1, 5, '2015-09-28 19:28:56', '2015-09-28 19:28:57'),
(69, 'CERTAIN POLITICAL, PUBLIC AND JUDICIAL OFFICE HOLDERS (SALARIES AND ALLOWANCES, ETC) (AMENDMENT) ACT, 2008', 'S0069', '2008-01-01', '69_upload.pdf', 1, 5, '2015-09-28 19:29:41', '2015-09-28 19:29:41'),
(70, 'ELECTRIC POWER SECTOR REFORM ACT, 2008', 'S0070', '2008-01-01', '70_upload.pdf', 1, 5, '2015-09-28 19:30:31', '2015-09-28 19:30:32'),
(71, 'NIGER DELTA DEVELOPMENT COMMISSION STATUTORY APPROPRIATION ACT 2008', 'S0071', '2008-01-01', '71_upload.pdf', 1, 5, '2015-09-28 19:31:04', '2015-09-28 19:31:05');

-- --------------------------------------------------------

--
-- Table structure for table `bills_sponsors`
--

CREATE TABLE IF NOT EXISTS `bills_sponsors` (
  `bill_id` int(10) unsigned NOT NULL,
  `user_id` int(10) unsigned NOT NULL,
  `created_at` date NOT NULL,
  KEY `bills_sponsors_bill_id_index` (`bill_id`),
  KEY `bills_sponsors_user_id_index` (`user_id`)
) ENGINE=InnoDB DEFAULT CHARSET=utf8 COLLATE=utf8_unicode_ci;

--
-- Dumping data for table `bills_sponsors`
--

INSERT INTO `bills_sponsors` (`bill_id`, `user_id`, `created_at`) VALUES
(4, 72, '2015-09-28');

-- --------------------------------------------------------

--
-- Table structure for table `committee_details`
--

CREATE TABLE IF NOT EXISTS `committee_details` (
  `committee_detail_id` int(10) unsigned NOT NULL AUTO_INCREMENT,
  `committee_id` int(10) unsigned NOT NULL,
  `chairman_id` int(10) unsigned NOT NULL,
  `vice_chairman_id` int(10) unsigned NOT NULL,
  `house_id` int(10) unsigned NOT NULL,
  `inaugurated_at` date NOT NULL,
  `closed_at` date NOT NULL,
  `created_at` timestamp NOT NULL DEFAULT '0000-00-00 00:00:00',
  `updated_at` timestamp NOT NULL DEFAULT '0000-00-00 00:00:00',
  PRIMARY KEY (`committee_detail_id`),
  KEY `committee_details_committee_id_index` (`committee_id`),
  KEY `committee_details_chairman_id_index` (`chairman_id`),
  KEY `committee_details_vice_chairman_id_index` (`vice_chairman_id`),
  KEY `committee_details_house_id_index` (`house_id`)
) ENGINE=InnoDB DEFAULT CHARSET=utf8 COLLATE=utf8_unicode_ci AUTO_INCREMENT=1 ;

-- --------------------------------------------------------

--
-- Table structure for table `committee_members`
--

CREATE TABLE IF NOT EXISTS `committee_members` (
  `committee_detail_id` int(10) unsigned NOT NULL,
  `user_id` int(10) unsigned NOT NULL,
  KEY `committee_members_committee_detail_id_index` (`committee_detail_id`),
  KEY `committee_members_user_id_index` (`user_id`)
) ENGINE=InnoDB DEFAULT CHARSET=utf8 COLLATE=utf8_unicode_ci;

-- --------------------------------------------------------

--
-- Table structure for table `committee_types`
--

CREATE TABLE IF NOT EXISTS `committee_types` (
  `committee_type_id` int(10) unsigned NOT NULL AUTO_INCREMENT,
  `committee_type` varchar(255) COLLATE utf8_unicode_ci NOT NULL,
  `user_type_id` int(10) unsigned NOT NULL,
  `created_at` timestamp NOT NULL DEFAULT '0000-00-00 00:00:00',
  `updated_at` timestamp NOT NULL DEFAULT '0000-00-00 00:00:00',
  PRIMARY KEY (`committee_type_id`),
  KEY `committee_types_user_type_id_index` (`user_type_id`)
) ENGINE=InnoDB  DEFAULT CHARSET=utf8 COLLATE=utf8_unicode_ci AUTO_INCREMENT=5 ;

--
-- Dumping data for table `committee_types`
--

INSERT INTO `committee_types` (`committee_type_id`, `committee_type`, `user_type_id`, `created_at`, `updated_at`) VALUES
(1, 'Senate', 3, '2015-09-02 13:44:47', '2015-09-03 08:38:05'),
(2, 'Federal House of Representatives', 4, '2015-09-02 13:44:47', '2015-09-03 12:53:49'),
(3, 'State House of Assembly', 5, '2015-09-02 13:44:47', '2015-09-02 15:22:33'),
(4, 'Joint (Senate and House of Representatives)', 3, '2015-09-02 13:44:47', '2015-09-03 08:38:05');

-- --------------------------------------------------------

--
-- Table structure for table `committees`
--

CREATE TABLE IF NOT EXISTS `committees` (
  `committee_id` int(10) unsigned NOT NULL AUTO_INCREMENT,
  `committee` varchar(255) COLLATE utf8_unicode_ci NOT NULL,
  `committee_type_id` int(10) unsigned NOT NULL,
  `created_at` timestamp NOT NULL DEFAULT '0000-00-00 00:00:00',
  `updated_at` timestamp NOT NULL DEFAULT '0000-00-00 00:00:00',
  PRIMARY KEY (`committee_id`),
  KEY `committees_committee_type_id_index` (`committee_type_id`)
) ENGINE=InnoDB  DEFAULT CHARSET=utf8 COLLATE=utf8_unicode_ci AUTO_INCREMENT=109 ;

--
-- Dumping data for table `committees`
--

INSERT INTO `committees` (`committee_id`, `committee`, `committee_type_id`, `created_at`, `updated_at`) VALUES
(1, 'Senate Committee on Appropriation', 1, '2015-09-03 09:22:25', '2015-09-03 09:22:25'),
(2, 'Senate Committee on Air Force', 1, '2015-09-03 09:22:25', '2015-09-03 09:22:25'),
(3, 'Senate Committee on Health', 1, '2015-09-03 09:22:25', '2015-09-03 09:22:25'),
(4, 'Senate Committee on Environment', 1, '2015-09-03 11:22:27', '2015-09-03 11:22:27'),
(5, 'Senate Committee on Banking / Insurance', 1, '2015-09-03 11:29:08', '2015-09-03 11:29:08'),
(6, 'Senate Committee on Marine Transport', 1, '2015-09-03 11:30:25', '2015-09-03 11:30:25'),
(7, 'Senate Committee on National Planning', 1, '2015-09-03 11:30:25', '2015-09-03 11:30:25'),
(8, 'Senate Committee on Women Affairs', 1, '2015-09-03 11:30:25', '2015-09-03 11:30:25'),
(9, 'Senate Committee on Finance', 1, '2015-09-03 11:30:25', '2015-09-03 11:30:25'),
(10, 'Senate Committee on Integration & Cooperation', 1, '2015-09-03 11:30:25', '2015-09-03 11:46:17'),
(11, 'Senate Committee on Education', 1, '2015-09-03 11:46:17', '2015-09-03 11:46:17'),
(12, 'Senate Committee on National Security & Intelligence', 1, '2015-09-03 11:46:17', '2015-09-03 11:46:17'),
(13, 'Senate Committee on Up Stream Petroleum Sector', 1, '2015-09-03 11:46:17', '2015-09-03 11:46:17'),
(14, 'Senate Committee on Power', 1, '2015-09-03 11:46:17', '2015-09-03 11:46:17'),
(15, 'Senate Committee on Federal Capital Territory (FCT)', 1, '2015-09-03 11:46:18', '2015-09-03 11:46:18'),
(16, 'Senate Committee on Defence & Army', 1, '2015-09-03 11:46:18', '2015-09-03 11:46:18'),
(17, 'Senate Committee on National Population', 1, '2015-09-03 11:46:18', '2015-09-03 11:46:18'),
(18, 'Senate Committee on Works', 1, '2015-09-03 11:46:18', '2015-09-03 11:46:18'),
(19, 'Senate Committee on Housing', 1, '2015-09-03 11:46:18', '2015-09-03 11:46:18'),
(20, 'Senate Committee on Gas', 1, '2015-09-03 11:46:18', '2015-09-03 11:46:18'),
(21, 'Senate Committee on Capital Market', 1, '2015-09-03 11:49:43', '2015-09-03 11:49:43'),
(22, 'Senate Committee on Ethics & Privileges', 1, '2015-09-03 11:49:43', '2015-09-03 11:58:35'),
(23, 'Senate Committee on Information, Media and Publicity', 1, '2015-09-03 11:49:43', '2015-09-03 11:49:43'),
(24, 'Senate Committee on Federal Character', 1, '2015-09-03 11:49:43', '2015-09-03 11:49:43'),
(25, 'Senate Committee on Solid Minerals', 1, '2015-09-03 11:49:43', '2015-09-03 11:49:43'),
(26, 'Senate Committee on Public Account', 1, '2015-09-03 11:49:43', '2015-09-03 11:49:43'),
(27, 'Senate Committee on Industries', 1, '2015-09-03 11:49:43', '2015-09-03 11:49:43'),
(28, 'Senate Committee on Commerce, Land Transport', 1, '2015-09-03 11:49:43', '2015-09-03 11:49:43'),
(29, 'Senate Committee on Business and Rule Committee', 1, '2015-09-03 11:49:43', '2015-09-03 11:49:43'),
(30, 'Senate Committee on Niger Delta Development Committee', 1, '2015-09-03 11:49:43', '2015-09-03 11:49:43'),
(31, 'Senate Services Committee', 1, '2015-09-03 11:51:41', '2015-09-03 11:51:41'),
(32, 'Senate Committee on Agriculture', 1, '2015-09-03 11:51:41', '2015-09-03 11:51:41'),
(33, 'Senate Committee on Water Resources', 1, '2015-09-03 11:51:41', '2015-09-03 11:51:41'),
(34, 'Senate Committee on Communication', 1, '2015-09-03 11:51:41', '2015-09-03 11:51:41'),
(35, 'Senate Committee on Foreign Affairs', 1, '2015-09-03 11:51:41', '2015-09-03 11:51:41'),
(36, 'Senate Committee on Science & Technology', 1, '2015-09-03 11:51:41', '2015-09-03 11:51:41'),
(37, 'Senate Committee on Sports', 1, '2015-09-03 11:51:41', '2015-09-03 11:51:41'),
(38, 'Senate Committee on Aviation', 1, '2015-09-03 11:51:41', '2015-09-03 11:51:41'),
(39, 'Senate Committee on INEC Committee', 1, '2015-09-03 11:51:41', '2015-09-03 11:51:41'),
(40, 'Senate Committee on Establishment & Public Services', 1, '2015-09-03 11:51:41', '2015-09-03 11:51:41'),
(41, 'Senate Committee on Police Affairs', 1, '2015-09-03 11:51:41', '2015-09-03 11:51:41'),
(42, 'Senate Committee on Drugs & Narcotics', 1, '2015-09-03 11:51:41', '2015-09-03 11:51:41'),
(43, 'House Committee on Anti-Corruption, National Ethics & Value', 2, '2015-09-03 12:53:59', '2015-09-03 12:53:59'),
(44, 'House Committee on The Air Force', 2, '2015-09-04 11:33:15', '2015-09-04 11:33:15'),
(45, 'House Committee on The Army', 2, '2015-09-04 11:33:15', '2015-09-04 11:33:15'),
(46, 'House Committee on Aviation', 2, '2015-09-04 11:33:15', '2015-09-04 11:33:15'),
(47, 'House Committee on Banking & Currency', 2, '2015-09-04 11:33:15', '2015-09-04 11:33:15'),
(48, 'House Committee on The Capital Market', 2, '2015-09-04 11:33:15', '2015-09-04 11:33:15'),
(49, 'House Committee on Commerce', 2, '2015-09-04 11:33:15', '2015-09-04 11:33:15'),
(50, 'House Committee on Communication', 2, '2015-09-04 11:33:15', '2015-09-04 11:33:15'),
(51, 'House Committee on Cooperation, Integration & NEPAD', 2, '2015-09-04 11:33:15', '2015-09-04 11:33:15'),
(52, 'House Committee on Culture & Tourism', 2, '2015-09-04 11:33:15', '2015-09-04 11:33:15'),
(53, 'House Committee on Defense', 2, '2015-09-04 11:33:15', '2015-09-04 11:33:15'),
(54, 'House Committee on Drugs, Narcotics & Financial Crimes', 2, '2015-09-04 11:36:24', '2015-09-04 11:36:24'),
(55, 'House Committee on Education', 2, '2015-09-04 11:36:24', '2015-09-04 11:36:24'),
(56, 'House Committee on The Environment', 2, '2015-09-04 11:36:24', '2015-09-04 11:36:24'),
(57, 'House Committee on Electoral Matters', 2, '2015-09-04 11:36:24', '2015-09-04 11:36:24'),
(58, 'House Committee on Employment & Productivity', 2, '2015-09-04 11:36:24', '2015-09-04 11:36:24'),
(59, 'House Committee on Ethics & Privilege', 2, '2015-09-04 11:36:24', '2015-09-04 11:36:24'),
(60, 'House Committee on The Federal Executive Territory', 2, '2015-09-04 11:36:24', '2015-09-04 11:36:24'),
(61, 'House Committee on Federal Character', 2, '2015-09-04 11:36:24', '2015-09-04 11:36:24'),
(62, 'House Committee on Finance', 2, '2015-09-04 11:36:24', '2015-09-04 11:36:24'),
(63, 'House Committee on Foreign Affairs', 2, '2015-09-04 11:36:24', '2015-09-04 11:36:24'),
(64, 'House Committee on Gas', 2, '2015-09-04 11:38:04', '2015-09-04 11:38:04'),
(65, 'House Committee on Government Affairs', 2, '2015-09-04 11:38:04', '2015-09-04 11:38:04'),
(66, 'House Committee on Habitat', 2, '2015-09-04 11:38:05', '2015-09-04 11:38:05'),
(67, 'House Committee on Health', 2, '2015-09-04 11:38:05', '2015-09-04 11:38:05'),
(68, 'House Committee on Information & National Orientation', 2, '2015-09-04 11:38:05', '2015-09-04 11:38:05'),
(69, 'House Committee on House Service', 2, '2015-09-04 11:38:05', '2015-09-04 11:38:05'),
(70, 'House Committee on Housing & Habitat', 2, '2015-09-04 11:38:05', '2015-09-04 11:38:05'),
(71, 'House Committee on Human Rights', 2, '2015-09-04 11:38:05', '2015-09-04 11:38:05'),
(72, 'House Committee on Industries', 2, '2015-09-04 11:38:05', '2015-09-04 11:38:05'),
(73, 'House Committee on Inter Parliamentary', 2, '2015-09-04 11:38:05', '2015-09-04 11:38:05'),
(74, 'House Committee on Internal Affairs', 2, '2015-09-04 11:39:40', '2015-09-04 11:39:40'),
(75, 'House Committee on Judiciary', 2, '2015-09-04 11:39:40', '2015-09-04 11:39:40'),
(76, 'House Committee on Justice', 2, '2015-09-04 11:39:40', '2015-09-04 11:39:40'),
(77, 'House Committee on Legislative Budget', 2, '2015-09-04 11:39:40', '2015-09-04 11:39:40'),
(78, 'House Committee on Loans, Aid & Debt Management', 2, '2015-09-04 11:39:40', '2015-09-04 11:39:40'),
(79, 'House Committee on Marine Transport', 2, '2015-09-04 11:39:40', '2015-09-04 11:39:40'),
(80, 'House Committee on National Planning & Population', 2, '2015-09-04 11:39:40', '2015-09-04 11:39:40'),
(81, 'House Committee on National Security', 2, '2015-09-04 11:39:40', '2015-09-04 11:39:40'),
(82, 'House Committee on The Navy', 2, '2015-09-04 11:39:41', '2015-09-04 11:39:41'),
(83, 'House Committee on Niger Delta Development', 2, '2015-09-04 11:39:41', '2015-09-04 11:39:41'),
(84, 'House Committee on Peace & National Reconciliation', 2, '2015-09-04 11:41:57', '2015-09-04 11:41:57'),
(85, 'House Committee on Petroleum Resources (Down Stream)', 2, '2015-09-04 11:41:57', '2015-09-04 11:41:57'),
(86, 'House Committee on Petroleum Resources (UpStream)', 2, '2015-09-04 11:41:57', '2015-09-04 11:41:57'),
(87, 'House Committee on Police Affairs', 2, '2015-09-04 11:41:58', '2015-09-04 11:41:58'),
(88, 'House Committee on Poverty Alleviation', 2, '2015-09-04 11:41:58', '2015-09-04 11:41:58'),
(89, 'House Committee on Power', 2, '2015-09-04 11:41:58', '2015-09-04 11:41:58'),
(90, 'House Committee on Privatization & Commercialization', 2, '2015-09-04 11:41:58', '2015-09-04 11:41:58'),
(91, 'House Committee on Public Account', 2, '2015-09-04 11:41:58', '2015-09-04 11:41:58'),
(92, 'House Committee on Public Petition', 2, '2015-09-04 11:41:58', '2015-09-04 11:41:58'),
(93, 'House Committee on Public Service Matters', 2, '2015-09-04 11:41:58', '2015-09-04 11:41:58'),
(94, 'House Committee on Rules & Business', 2, '2015-09-04 11:41:58', '2015-09-04 11:41:58'),
(95, 'House Committee on Rural Development', 2, '2015-09-04 11:41:58', '2015-09-04 11:41:58'),
(96, 'House Committee on Science & Technology', 2, '2015-09-04 11:41:58', '2015-09-04 11:41:58'),
(97, 'House Committee on Solid Mineral', 2, '2015-09-04 11:43:25', '2015-09-04 11:43:25'),
(98, 'House Committee on Special Duties', 2, '2015-09-04 11:43:25', '2015-09-04 11:43:25'),
(99, 'House Committee on Sports', 2, '2015-09-04 11:43:25', '2015-09-04 11:43:25'),
(100, 'House Committee on State & Local Government Affairs', 2, '2015-09-04 11:43:26', '2015-09-04 11:43:26'),
(101, 'House Committee on Transport', 2, '2015-09-04 11:43:26', '2015-09-04 11:43:26'),
(102, 'House Committee on Water Resources', 2, '2015-09-04 11:43:26', '2015-09-04 11:43:26'),
(103, 'House Committee on Women''s Affairs', 2, '2015-09-04 11:43:26', '2015-09-04 11:43:26'),
(104, 'House Committee on Works', 2, '2015-09-04 11:43:26', '2015-09-04 11:43:26'),
(105, 'Joint Committee on Agriculture & Rural Development', 4, '2015-09-04 11:45:23', '2015-09-04 11:45:23'),
(106, 'Joint Committee on Labour & Productivity, Petroleum Resources & Justice', 4, '2015-09-04 11:45:23', '2015-09-04 11:45:23'),
(107, 'Joint Committee on Finance, Appropriation & Electoral Matters', 4, '2015-09-04 11:45:24', '2015-09-04 11:45:24'),
(108, 'Joint Committee on Health & Commerce', 4, '2015-09-04 11:45:24', '2015-09-04 11:45:24');

-- --------------------------------------------------------

--
-- Table structure for table `contractors`
--

CREATE TABLE IF NOT EXISTS `contractors` (
  `contractor_id` int(10) unsigned NOT NULL AUTO_INCREMENT,
  `contractor` varchar(255) COLLATE utf8_unicode_ci NOT NULL,
  `contractor_code` varchar(255) COLLATE utf8_unicode_ci NOT NULL,
  `email` varchar(255) COLLATE utf8_unicode_ci NOT NULL,
  `phone_no` varchar(255) COLLATE utf8_unicode_ci NOT NULL,
  `cac_registration_no` varchar(255) COLLATE utf8_unicode_ci NOT NULL,
  `tin` varchar(255) COLLATE utf8_unicode_ci NOT NULL,
  `specialization_area` varchar(255) COLLATE utf8_unicode_ci NOT NULL,
  `years_experience` int(11) NOT NULL,
  `address` text COLLATE utf8_unicode_ci NOT NULL,
  `created_at` timestamp NOT NULL DEFAULT '0000-00-00 00:00:00',
  `updated_at` timestamp NOT NULL DEFAULT '0000-00-00 00:00:00',
  PRIMARY KEY (`contractor_id`)
) ENGINE=InnoDB  DEFAULT CHARSET=utf8 COLLATE=utf8_unicode_ci AUTO_INCREMENT=4 ;

--
-- Dumping data for table `contractors`
--

INSERT INTO `contractors` (`contractor_id`, `contractor`, `contractor_code`, `email`, `phone_no`, `cac_registration_no`, `tin`, `specialization_area`, `years_experience`, `address`, `created_at`, `updated_at`) VALUES
(2, 'Rollar Cecilee Communications', 'DGH234', 'rcecilee@gmail.com', '0809876754', 'AS234', '2345', 'ICT', 10, 'No 10, Omu-Aran Road, Adewole Estate, Ilorin', '2015-09-24 14:03:34', '2015-09-24 14:03:34'),
(3, 'Rollar Cecilee Communications', 'ADS/0123', 'cecilee@gmail.com', '08087886654', '348490', '689', 'ICT', 12, 'Gaduwa Estate, Abuja', '2015-09-29 00:49:24', '2015-09-29 00:49:24');

-- --------------------------------------------------------

--
-- Table structure for table `department_members`
--

CREATE TABLE IF NOT EXISTS `department_members` (
  `department_member_id` int(10) unsigned NOT NULL AUTO_INCREMENT,
  `salutation_id` int(10) unsigned DEFAULT NULL,
  `first_name` varchar(45) COLLATE utf8_unicode_ci NOT NULL,
  `last_name` varchar(45) COLLATE utf8_unicode_ci NOT NULL,
  `middle_name` varchar(45) COLLATE utf8_unicode_ci NOT NULL,
  `dob` date DEFAULT NULL,
  `gender` varchar(10) COLLATE utf8_unicode_ci DEFAULT NULL,
  `email` varchar(255) COLLATE utf8_unicode_ci DEFAULT NULL,
  `lga_id` int(10) unsigned NOT NULL,
  `phone_no` varchar(255) COLLATE utf8_unicode_ci DEFAULT NULL,
  `avatar` varchar(255) COLLATE utf8_unicode_ci DEFAULT NULL,
  `department_id` int(10) unsigned NOT NULL,
  `created_at` timestamp NOT NULL DEFAULT '0000-00-00 00:00:00',
  `updated_at` timestamp NOT NULL DEFAULT '0000-00-00 00:00:00',
  PRIMARY KEY (`department_member_id`),
  KEY `department_members_salutation_id_index` (`salutation_id`),
  KEY `department_members_lga_id_index` (`lga_id`),
  KEY `department_members_department_id_index` (`department_id`)
) ENGINE=InnoDB  DEFAULT CHARSET=utf8 COLLATE=utf8_unicode_ci AUTO_INCREMENT=2 ;

--
-- Dumping data for table `department_members`
--

INSERT INTO `department_members` (`department_member_id`, `salutation_id`, `first_name`, `last_name`, `middle_name`, `dob`, `gender`, `email`, `lga_id`, `phone_no`, `avatar`, `department_id`, `created_at`, `updated_at`) VALUES
(1, 4, 'Rachel', 'Ojo', 'Dupe', '1969-04-29', 'Female', 'dupe@gmail.com', 494, '0908876555', '1_avatar.jpg', 4, '2015-09-29 22:44:14', '2015-09-29 22:45:37');

-- --------------------------------------------------------

--
-- Table structure for table `departments`
--

CREATE TABLE IF NOT EXISTS `departments` (
  `department_id` int(10) unsigned NOT NULL AUTO_INCREMENT,
  `name` varchar(255) COLLATE utf8_unicode_ci NOT NULL,
  `location` varchar(255) COLLATE utf8_unicode_ci DEFAULT NULL,
  `organisation_id` int(10) unsigned NOT NULL,
  `created_at` timestamp NOT NULL DEFAULT '0000-00-00 00:00:00',
  `updated_at` timestamp NOT NULL DEFAULT '0000-00-00 00:00:00',
  PRIMARY KEY (`department_id`),
  KEY `departments_organisation_id_index` (`organisation_id`)
) ENGINE=InnoDB  DEFAULT CHARSET=utf8 COLLATE=utf8_unicode_ci AUTO_INCREMENT=10 ;

--
-- Dumping data for table `departments`
--

INSERT INTO `departments` (`department_id`, `name`, `location`, `organisation_id`, `created_at`, `updated_at`) VALUES
(1, 'Quality Assurance', 'Ministry of Education Complex', 1, '2015-09-29 22:02:54', '2015-09-29 22:04:56'),
(2, 'Higher Education', 'Ministry of Education Complex', 1, '2015-09-29 22:04:56', '2015-09-29 22:04:56'),
(3, 'Education Resource Center', 'No 22, University Road, Tanke, Ilorin', 1, '2015-09-29 22:04:56', '2015-09-29 22:04:56'),
(4, 'Account ', 'Ministry of Education Complex', 1, '2015-09-29 22:04:56', '2015-09-29 22:04:56'),
(5, 'Accounting', 'Ministry of Education Complex', 1, '2015-09-29 22:05:42', '2015-09-29 22:05:42'),
(6, 'Education Resource Center', 'No 22, University Road, Tanke, Ilorin', 1, '2015-09-29 22:06:54', '2015-09-29 22:06:54'),
(7, 'Quality Assurance', 'Ministry of Education Complex', 1, '2015-09-29 22:06:54', '2015-09-29 22:06:54'),
(8, 'Scholarship Board', 'No 16, Lajonrin Road, GRA', 1, '2015-09-29 22:09:04', '2015-09-29 22:09:04'),
(9, 'Adult Education', 'Ministry of Education Complex', 1, '2015-09-29 22:09:04', '2015-09-29 22:09:04');

-- --------------------------------------------------------

--
-- Table structure for table `deputy_governors`
--

CREATE TABLE IF NOT EXISTS `deputy_governors` (
  `deputy_governor_id` int(10) unsigned NOT NULL AUTO_INCREMENT,
  `status` int(10) unsigned NOT NULL DEFAULT '1',
  `state_id` int(10) unsigned NOT NULL,
  `user_id` int(10) unsigned NOT NULL,
  `created_at` timestamp NOT NULL DEFAULT '0000-00-00 00:00:00',
  `updated_at` timestamp NOT NULL DEFAULT '0000-00-00 00:00:00',
  PRIMARY KEY (`deputy_governor_id`),
  KEY `deputy_governors_state_id_index` (`state_id`),
  KEY `deputy_governors_user_id_index` (`user_id`)
) ENGINE=InnoDB  DEFAULT CHARSET=utf8 COLLATE=utf8_unicode_ci AUTO_INCREMENT=6 ;

--
-- Dumping data for table `deputy_governors`
--

INSERT INTO `deputy_governors` (`deputy_governor_id`, `status`, `state_id`, `user_id`, `created_at`, `updated_at`) VALUES
(1, 1, 1, 511, '2015-10-09 20:43:08', '2015-10-09 20:43:08'),
(2, 1, 2, 512, '2015-10-09 20:43:08', '2015-10-09 20:43:08'),
(3, 1, 3, 513, '2015-10-09 20:53:25', '2015-10-09 20:53:25'),
(4, 1, 4, 514, '2015-10-09 20:53:25', '2015-10-09 20:53:25'),
(5, 1, 5, 515, '2015-10-09 20:53:25', '2015-10-09 20:53:25');

-- --------------------------------------------------------

--
-- Table structure for table `domains`
--

CREATE TABLE IF NOT EXISTS `domains` (
  `domain_id` int(10) unsigned NOT NULL AUTO_INCREMENT,
  `town` varchar(200) COLLATE utf8_unicode_ci NOT NULL,
  `location_address` text COLLATE utf8_unicode_ci NOT NULL,
  `lga_id` int(10) unsigned NOT NULL,
  `project_id` int(10) unsigned NOT NULL,
  `created_at` timestamp NOT NULL DEFAULT '0000-00-00 00:00:00',
  `updated_at` timestamp NOT NULL DEFAULT '0000-00-00 00:00:00',
  PRIMARY KEY (`domain_id`),
  KEY `domains_lga_id_index` (`lga_id`),
  KEY `domains_project_id_index` (`project_id`)
) ENGINE=InnoDB DEFAULT CHARSET=utf8 COLLATE=utf8_unicode_ci AUTO_INCREMENT=1 ;

-- --------------------------------------------------------

--
-- Table structure for table `educational_backgrounds`
--

CREATE TABLE IF NOT EXISTS `educational_backgrounds` (
  `educational_background_id` int(10) unsigned NOT NULL AUTO_INCREMENT,
  `institution` varchar(255) COLLATE utf8_unicode_ci NOT NULL,
  `certificate` varchar(255) COLLATE utf8_unicode_ci NOT NULL,
  `graduation_date` date NOT NULL,
  `user_id` int(10) unsigned NOT NULL,
  `created_at` timestamp NOT NULL DEFAULT '0000-00-00 00:00:00',
  `updated_at` timestamp NOT NULL DEFAULT '0000-00-00 00:00:00',
  PRIMARY KEY (`educational_background_id`),
  KEY `educational_backgrounds_user_id_index` (`user_id`)
) ENGINE=InnoDB  DEFAULT CHARSET=utf8 COLLATE=utf8_unicode_ci AUTO_INCREMENT=25 ;

--
-- Dumping data for table `educational_backgrounds`
--

INSERT INTO `educational_backgrounds` (`educational_background_id`, `institution`, `certificate`, `graduation_date`, `user_id`, `created_at`, `updated_at`) VALUES
(1, 'ONDO BOYS HIGH SCHOOL, ONDO', 'WASC', '1969-04-15', 88, '2015-09-14 18:17:29', '2015-09-14 18:17:29'),
(2, 'ENTONNA HIGH SCHOOL PORT- HARCOURT', 'WASC', '1977-06-21', 88, '2015-09-14 18:17:29', '2015-09-14 18:17:29'),
(3, 'COLLEGE OF SCIENCE AND TECHNLOGY PORT-HARCOUR', 'HND', '1981-05-13', 88, '2015-09-14 18:17:29', '2015-09-14 18:17:29'),
(4, 'UNIVERSITY OF IFE', 'B.A HISTORY EDUCATION', '1982-02-08', 88, '2015-09-14 18:17:29', '2015-09-14 18:17:29'),
(5, 'UNIVERSITY OF SCEINCE AND TECHNOLOGY', 'B.TECH', '1982-11-23', 88, '2015-09-14 18:17:29', '2015-09-14 18:17:29'),
(6, 'ENUGU STATE UNIVERSITY OF SCIENCE AND TECHNOLOGY', 'PGD/MSC.HUMAN RESOURCES', '2002-08-26', 88, '2015-09-14 18:17:29', '2015-09-14 18:17:29'),
(7, 'TOINNSHIP SCHOOL, ABA', 'FSLC', '1944-05-01', 5, '2015-09-14 18:44:36', '2015-09-14 18:44:36'),
(8, 'FISHER HGIH SCHOOL', 'WASC', '1956-05-14', 5, '2015-09-14 18:44:36', '2015-09-14 18:44:36'),
(9, 'IHHE HIGH SCHOOL', 'School Certificate', '1973-09-25', 5, '2015-09-14 18:44:36', '2015-09-14 18:44:36'),
(10, 'GOVERNMENT COLLEGE UMUAHIA', 'O Level', '1974-09-10', 5, '2015-09-14 18:44:36', '2015-09-14 18:44:36'),
(11, 'UNIVERSITY OF BENIN', 'B.Sc', '1979-06-20', 5, '2015-09-14 18:44:36', '2015-09-14 18:44:36'),
(12, 'UNIVERSITY OF BENIN', 'M.Sc', '1982-12-21', 5, '2015-09-14 18:44:36', '2015-09-14 18:44:36'),
(13, 'NGWA HIGH SCHOOL ABAYI', 'WASCE', '1992-08-18', 4, '2015-09-14 18:49:45', '2015-09-14 18:49:45'),
(14, 'FEDERAL UNIVERSITY OF TECHNOLOGY, OWERRI', 'B.ENG CHEMICAL ENGINEERING', '2011-09-14', 4, '2015-09-14 18:49:45', '2015-09-14 18:49:45'),
(15, 'FEDERAL UNIVERSITY OF TECHNOLOGY, OWERRI', 'M.Sc PROJECT MANAGEMENT', '2012-05-08', 4, '2015-09-14 18:49:45', '2015-09-14 18:49:45'),
(16, 'Enitonna High School, Portharcourt', 'WAEC', '1977-09-14', 3, '2015-09-14 21:25:04', '2015-09-14 21:25:04'),
(17, 'College of Science and Technology, Portharcou', 'HND', '1981-06-24', 3, '2015-09-14 21:25:04', '2015-09-14 21:25:04'),
(18, 'University of Science and Technology, Enugu State', 'B.Tech', '1982-06-16', 3, '2015-09-14 21:25:04', '2015-09-14 21:25:04'),
(19, 'University of Science and Technology ESUT', 'PGD/Msc. Human Resource', '2002-08-15', 3, '2015-09-14 21:25:04', '2015-09-14 21:25:04'),
(20, 'ST. PATRICK COLLEGE CALABAR.', 'WASC', '1988-06-16', 9, '2015-09-14 22:28:08', '2015-09-14 22:28:08'),
(21, 'SCHOOL OF ARTS AND SCIENCE UYO.', 'WASC', '1990-05-23', 9, '2015-09-14 22:28:08', '2015-09-14 22:28:08'),
(22, 'UNIVERSITY OF UYO', 'B.SC ECONOMICS', '1997-08-05', 9, '2015-09-14 22:28:08', '2015-09-14 22:28:08'),
(23, 'UNIVERSITY OF NIGERIA NSUKKA.', 'MBA', '2001-02-06', 9, '2015-09-14 22:28:08', '2015-09-14 22:28:08'),
(24, 'Obafemi  Awolowo University', 'B.Sc', '1998-09-18', 1, '2015-09-29 00:30:30', '2015-09-29 00:30:30');

-- --------------------------------------------------------

--
-- Table structure for table `federal_constituencies`
--

CREATE TABLE IF NOT EXISTS `federal_constituencies` (
  `federal_constituency_id` int(10) unsigned NOT NULL AUTO_INCREMENT,
  `federal_constituency` varchar(255) COLLATE utf8_unicode_ci NOT NULL,
  `federal_constituency_code` varchar(255) COLLATE utf8_unicode_ci DEFAULT NULL,
  `state_id` int(10) unsigned NOT NULL,
  `created_at` timestamp NOT NULL DEFAULT '0000-00-00 00:00:00',
  `updated_at` timestamp NOT NULL DEFAULT '0000-00-00 00:00:00',
  PRIMARY KEY (`federal_constituency_id`),
  KEY `federal_constituencies_state_id_index` (`state_id`)
) ENGINE=InnoDB  DEFAULT CHARSET=utf8 COLLATE=utf8_unicode_ci AUTO_INCREMENT=361 ;

--
-- Dumping data for table `federal_constituencies`
--

INSERT INTO `federal_constituencies` (`federal_constituency_id`, `federal_constituency`, `federal_constituency_code`, `state_id`, `created_at`, `updated_at`) VALUES
(1, 'Aba North/Aba South', 'FC/001/AB', 1, '0000-00-00 00:00:00', '0000-00-00 00:00:00'),
(2, 'Arochukwu/Ohafia', 'FC/002/AB', 1, '0000-00-00 00:00:00', '0000-00-00 00:00:00'),
(3, 'Bende', 'FC/003/AB', 1, '0000-00-00 00:00:00', '0000-00-00 00:00:00'),
(4, 'Isiala Ngwa North /Isiala Ngwa South', 'FC/004/AB', 1, '0000-00-00 00:00:00', '0000-00-00 00:00:00'),
(5, 'Isuikwuato/Umu-Nneochi', 'FC/005/AB', 1, '0000-00-00 00:00:00', '0000-00-00 00:00:00'),
(6, 'Obingwa/Ugwunagbo/Osisioma', 'FC/006/AB', 1, '0000-00-00 00:00:00', '0000-00-00 00:00:00'),
(7, 'Umuahia North/ Umuahia South/ Ikwuano', 'FC/007/AB', 1, '0000-00-00 00:00:00', '0000-00-00 00:00:00'),
(8, 'Ukwa East/Ukwa West', 'FC/008/AB', 1, '0000-00-00 00:00:00', '0000-00-00 00:00:00'),
(9, 'Demsa/Numan/Lamurde', 'FC/009/AD', 2, '0000-00-00 00:00:00', '0000-00-00 00:00:00'),
(10, 'Furore/Song', 'FC/010/AD', 2, '0000-00-00 00:00:00', '0000-00-00 00:00:00'),
(11, 'Mayo Belwa/Ganye/Jada /Toungo', 'FC/011/AD', 2, '0000-00-00 00:00:00', '0000-00-00 00:00:00'),
(12, 'Gombi/Hong', 'FC/012/AD', 2, '0000-00-00 00:00:00', '0000-00-00 00:00:00'),
(13, 'Guyuk/Shelleng', 'FC/013/AD', 2, '0000-00-00 00:00:00', '0000-00-00 00:00:00'),
(14, 'Madagali/Michika', 'FC/014/AD', 2, '0000-00-00 00:00:00', '0000-00-00 00:00:00'),
(15, 'Maiha/Mubi North/Mubi South', 'FC/015/AD', 2, '0000-00-00 00:00:00', '0000-00-00 00:00:00'),
(16, 'Yola North/Yola South/Girei', 'FC/016/AD', 2, '0000-00-00 00:00:00', '0000-00-00 00:00:00'),
(17, 'Anambra East/Anambra West', 'FC/027/AN', 4, '0000-00-00 00:00:00', '0000-00-00 00:00:00'),
(18, 'Onitsha North/Onitsha South', 'FC/028/AN', 4, '0000-00-00 00:00:00', '0000-00-00 00:00:00'),
(19, 'Ogbaru', 'FC/029/AN', 4, '0000-00-00 00:00:00', '0000-00-00 00:00:00'),
(20, 'Aguata', 'FC/030/AN', 4, '0000-00-00 00:00:00', '0000-00-00 00:00:00'),
(21, 'Oyi/Ayamelum', 'FC/031/AN', 4, '0000-00-00 00:00:00', '0000-00-00 00:00:00'),
(22, 'Awka North/Awka South', 'FC/032/AN', 4, '0000-00-00 00:00:00', '0000-00-00 00:00:00'),
(23, 'Njikoka/Dunukofia/Anaocha', 'FC/033/AN', 4, '0000-00-00 00:00:00', '0000-00-00 00:00:00'),
(24, 'Idemili North/Idemili South', 'FC/034/AN', 4, '0000-00-00 00:00:00', '0000-00-00 00:00:00'),
(25, 'Ihiala', 'FC/035/AN', 4, '0000-00-00 00:00:00', '0000-00-00 00:00:00'),
(26, 'Nnewi North/Nnewi South/ Ekwusigo', 'FC/036/AN', 4, '0000-00-00 00:00:00', '0000-00-00 00:00:00'),
(27, 'Orumba North/Orumba South', 'FC/037/AN', 4, '0000-00-00 00:00:00', '0000-00-00 00:00:00'),
(28, 'Abak/Etim Ekpo/Ika', 'FC/017/AK', 3, '0000-00-00 00:00:00', '0000-00-00 00:00:00'),
(29, 'Eket/Onna/Esit Eket/Ibeno', 'FC/018/AK', 3, '0000-00-00 00:00:00', '0000-00-00 00:00:00'),
(30, 'Etinan/Nsit Ibom/Nsit ubium', 'FC/019/AK', 3, '0000-00-00 00:00:00', '0000-00-00 00:00:00'),
(31, 'Ikono/Ini', 'FC/020/AK', 3, '0000-00-00 00:00:00', '0000-00-00 00:00:00'),
(32, 'Ikot Abasi/Mkpat Enin/Eastern Obolo', 'FC/021/AK', 3, '0000-00-00 00:00:00', '0000-00-00 00:00:00'),
(33, 'Ikot Ekpene/Essien Udim/ Obot Akara', 'FC/022/AK', 3, '0000-00-00 00:00:00', '0000-00-00 00:00:00'),
(34, 'Itu/Ibiono Ibom', 'FC/023/AK', 3, '0000-00-00 00:00:00', '0000-00-00 00:00:00'),
(35, 'Oron/Mbo/Okobo/Udung Uko/Urue Offong/Oruko', 'FC/024/AK', 3, '0000-00-00 00:00:00', '0000-00-00 00:00:00'),
(36, 'Ukanafun/Oruk Anam', 'FC/025/AK', 3, '0000-00-00 00:00:00', '0000-00-00 00:00:00'),
(37, 'Uyo/Uruan/Nsit Atai/ Ibesikpo Asutan', 'FC/026/AK', 3, '0000-00-00 00:00:00', '0000-00-00 00:00:00'),
(38, 'Alkaleri/Kirfi', 'FC/038/BA', 5, '0000-00-00 00:00:00', '0000-00-00 00:00:00'),
(39, 'Bauchi', 'FC/039/BA', 5, '0000-00-00 00:00:00', '0000-00-00 00:00:00'),
(40, 'Bogoro/Dass/Tafawa Balewa', 'FC/040/BA', 5, '0000-00-00 00:00:00', '0000-00-00 00:00:00'),
(41, 'Toro', 'FC/041/BA', 5, '0000-00-00 00:00:00', '0000-00-00 00:00:00'),
(42, 'Ningi/Warji', 'FC/042/BA', 5, '0000-00-00 00:00:00', '0000-00-00 00:00:00'),
(43, 'Darazo/Gunjuwa', 'FC/043/BA', 5, '0000-00-00 00:00:00', '0000-00-00 00:00:00'),
(44, 'Misau/Dambam', 'FC/044/BA', 5, '0000-00-00 00:00:00', '0000-00-00 00:00:00'),
(45, 'Zaki', 'FC/045/BA', 5, '0000-00-00 00:00:00', '0000-00-00 00:00:00'),
(46, 'Gamawa', 'FC/046/BA', 5, '0000-00-00 00:00:00', '0000-00-00 00:00:00'),
(47, 'Jama’are/Itas-Gadau', 'FC/047/BA', 5, '0000-00-00 00:00:00', '0000-00-00 00:00:00'),
(48, 'Shira/Giade', 'FC/048/BA', 5, '0000-00-00 00:00:00', '0000-00-00 00:00:00'),
(49, 'Katagum', 'FC/049/BA', 5, '0000-00-00 00:00:00', '0000-00-00 00:00:00'),
(50, 'Brass/Nembe', 'FC/050/BY', 6, '0000-00-00 00:00:00', '0000-00-00 00:00:00'),
(51, 'Ogbia', 'FC/051/BY', 6, '0000-00-00 00:00:00', '0000-00-00 00:00:00'),
(52, 'Sagbama/Ekeremor', 'FC/052/BY', 6, '0000-00-00 00:00:00', '0000-00-00 00:00:00'),
(53, 'Southern Ijaw', 'FC/053/BY', 6, '0000-00-00 00:00:00', '0000-00-00 00:00:00'),
(54, 'Yenagoa/Kolokuna/Opokuma', 'FC/054/BY', 6, '0000-00-00 00:00:00', '0000-00-00 00:00:00'),
(55, 'Ado/Obadigbo/Okpokwu', 'FC/055/BN', 7, '0000-00-00 00:00:00', '0000-00-00 00:00:00'),
(56, 'Apa/Agatu', 'FC/056/BN', 7, '0000-00-00 00:00:00', '0000-00-00 00:00:00'),
(57, 'Buruku', 'FC/057/BN', 7, '0000-00-00 00:00:00', '0000-00-00 00:00:00'),
(58, 'Gboko/Tarka', 'FC/058/BN', 7, '0000-00-00 00:00:00', '0000-00-00 00:00:00'),
(59, 'Guma/Makurdi', 'FC/059/BN', 7, '0000-00-00 00:00:00', '0000-00-00 00:00:00'),
(60, 'Gwer East/Gwer West', 'FC/060/BN', 7, '0000-00-00 00:00:00', '0000-00-00 00:00:00'),
(61, 'Katsina-Ala/Ukum/Logo', 'FC/061/BN', 7, '0000-00-00 00:00:00', '0000-00-00 00:00:00'),
(62, 'Konshisha/Vandeikya', 'FC/062/BN', 7, '0000-00-00 00:00:00', '0000-00-00 00:00:00'),
(63, 'Kwande/Ushongo', 'FC/063/BN', 7, '0000-00-00 00:00:00', '0000-00-00 00:00:00'),
(64, 'Oju/Obi', 'FC/064/BN', 7, '0000-00-00 00:00:00', '0000-00-00 00:00:00'),
(65, 'Otukpo/Ohimini', 'FC/065/BN', 7, '0000-00-00 00:00:00', '0000-00-00 00:00:00'),
(66, 'Askira-Uba/Hawul', 'FC/066/BO', 8, '0000-00-00 00:00:00', '0000-00-00 00:00:00'),
(67, 'Bama/Ngala/Kala-Balge', 'FC/067/BO', 8, '0000-00-00 00:00:00', '0000-00-00 00:00:00'),
(68, 'Biu/Kwaya-Kusar, Shani/Bayo', 'FC/068/BO', 8, '0000-00-00 00:00:00', '0000-00-00 00:00:00'),
(69, 'Dikwa/Mafa/Konduga', 'FC/069/BO', 8, '0000-00-00 00:00:00', '0000-00-00 00:00:00'),
(70, 'Damboa/Gwoza/Chibok', 'FC/070/BO', 8, '0000-00-00 00:00:00', '0000-00-00 00:00:00'),
(71, 'Kaga/Gubio/Magumeri', 'FC/071/BO', 8, '0000-00-00 00:00:00', '0000-00-00 00:00:00'),
(72, 'Monguno/Nganzai/Marte', 'FC/072/BO', 8, '0000-00-00 00:00:00', '0000-00-00 00:00:00'),
(73, 'Kukawa/Mobbar/Abadam/ Guzamali', 'FC/073/BO', 8, '0000-00-00 00:00:00', '0000-00-00 00:00:00'),
(74, 'Maiduguri (Metropolitan)', 'FC/074/BO', 8, '0000-00-00 00:00:00', '0000-00-00 00:00:00'),
(75, 'Jere', 'FC/075/BO', 8, '0000-00-00 00:00:00', '0000-00-00 00:00:00'),
(76, 'Yakurr/Abi', 'FC/076/CR', 9, '0000-00-00 00:00:00', '0000-00-00 00:00:00'),
(77, 'Akamkpa/Biase', 'FC/077/CR', 9, '0000-00-00 00:00:00', '0000-00-00 00:00:00'),
(78, 'Boki/Ikom', 'FC/078/CR', 9, '0000-00-00 00:00:00', '0000-00-00 00:00:00'),
(79, 'Calabar South/Akpabuyo/ Bakassi', 'FC/079/CR', 9, '0000-00-00 00:00:00', '0000-00-00 00:00:00'),
(80, 'Calabar Municipal/Odukpani', 'FC/080/CR', 9, '0000-00-00 00:00:00', '0000-00-00 00:00:00'),
(81, 'Obanliku/Obudu/Bekwarra', 'FC/081/CR', 9, '0000-00-00 00:00:00', '0000-00-00 00:00:00'),
(82, 'Obubra/Etung', 'FC/082/CR', 9, '0000-00-00 00:00:00', '0000-00-00 00:00:00'),
(83, 'Ogoja/Yala', 'FC/083/CR', 9, '0000-00-00 00:00:00', '0000-00-00 00:00:00'),
(84, 'Aniocha North/Aniocha South/ Oshimili North & South', 'FC/084/DT', 10, '0000-00-00 00:00:00', '0000-00-00 00:00:00'),
(85, 'Bomadi/Patani', 'FC/085/DT', 10, '0000-00-00 00:00:00', '0000-00-00 00:00:00'),
(86, 'Ethiope East/Ethiope West', 'FC/086/DT', 10, '0000-00-00 00:00:00', '0000-00-00 00:00:00'),
(87, 'Ika North East/Ika South', 'FC/087/DT', 10, '0000-00-00 00:00:00', '0000-00-00 00:00:00'),
(88, 'Isoko North/Isoko South', 'FC/088/DT', 10, '0000-00-00 00:00:00', '0000-00-00 00:00:00'),
(89, 'Nkokwa East/Ndokwa West/ Ukwuani', 'FC/089/DT', 10, '0000-00-00 00:00:00', '0000-00-00 00:00:00'),
(90, 'Okpe/Sapele/Uvwie', 'FC/090/DT', 10, '0000-00-00 00:00:00', '0000-00-00 00:00:00'),
(91, 'Burutu', 'FC/091/DT', 10, '0000-00-00 00:00:00', '0000-00-00 00:00:00'),
(92, 'Ughelli North, Ughelli South/Udu', 'FC/092/DT', 10, '0000-00-00 00:00:00', '0000-00-00 00:00:00'),
(93, 'Warri North/Warri South/ Warri South West', 'FC/093/DT', 10, '0000-00-00 00:00:00', '0000-00-00 00:00:00'),
(94, 'Ebonyi/Ohaukwu', 'FC/094/EB', 11, '0000-00-00 00:00:00', '0000-00-00 00:00:00'),
(95, 'Abakaliki/Izzi', 'FC/095/EB', 11, '0000-00-00 00:00:00', '0000-00-00 00:00:00'),
(96, 'Ezza North/Ishielu', 'FC/096/EB', 11, '0000-00-00 00:00:00', '0000-00-00 00:00:00'),
(97, 'Ezza South/Ikwo', 'FC/097/EB', 11, '0000-00-00 00:00:00', '0000-00-00 00:00:00'),
(98, 'Ivo-Ohaozara/Onicha', 'FC/098/EB', 11, '0000-00-00 00:00:00', '0000-00-00 00:00:00'),
(99, 'Afikpo North/Afikpo South', 'FC/099/EB', 11, '0000-00-00 00:00:00', '0000-00-00 00:00:00'),
(100, 'Akoko-Edo', 'FC/100/ED', 12, '0000-00-00 00:00:00', '0000-00-00 00:00:00'),
(101, 'Esan Central/Esan South/ Igueben', 'FC/101/ED', 12, '0000-00-00 00:00:00', '0000-00-00 00:00:00'),
(102, 'Esan North East/Esan South East', 'FC/102/ED', 12, '0000-00-00 00:00:00', '0000-00-00 00:00:00'),
(103, 'Etsako East/Etsako West/ Etsako Central ', 'FC/103/ED', 12, '0000-00-00 00:00:00', '0000-00-00 00:00:00'),
(104, 'Egor/Ikpoba-Okha', 'FC/104/ED', 12, '0000-00-00 00:00:00', '0000-00-00 00:00:00'),
(105, 'Oredo', 'FC/105/ED', 12, '0000-00-00 00:00:00', '0000-00-00 00:00:00'),
(106, 'Orhionmwon/Uhunmwonde', 'FC/106/ED', 12, '0000-00-00 00:00:00', '0000-00-00 00:00:00'),
(107, 'Ovia North East/Ovia South West', 'FC/107/ED', 12, '0000-00-00 00:00:00', '0000-00-00 00:00:00'),
(108, 'Owan East/Owan West', 'FC/108/ED', 12, '0000-00-00 00:00:00', '0000-00-00 00:00:00'),
(109, 'Ado Ekiti/Irepodun/Ifelodun', 'FC/109/EK', 13, '0000-00-00 00:00:00', '0000-00-00 00:00:00'),
(110, 'Ekiti South West/Ikere/Orun/ Ise', 'FC/110/EK', 13, '0000-00-00 00:00:00', '0000-00-00 00:00:00'),
(111, 'Emure/Gbonyin/Ekiti East', 'FC/111/EK', 13, '0000-00-00 00:00:00', '0000-00-00 00:00:00'),
(112, 'Ido/Osi, Moba/Ilejeme', 'FC/112/EK', 13, '0000-00-00 00:00:00', '0000-00-00 00:00:00'),
(113, 'Ijero/Ekiti West/Efon', 'FC/113/EK', 13, '0000-00-00 00:00:00', '0000-00-00 00:00:00'),
(114, 'Ikole/Oye', 'FC/114/EK', 13, '0000-00-00 00:00:00', '0000-00-00 00:00:00'),
(115, 'Aninri/Awgu/Oji River', 'FC/115/EN', 14, '0000-00-00 00:00:00', '0000-00-00 00:00:00'),
(116, 'Enugu East/Isi Uzo', 'FC/116/EN', 14, '0000-00-00 00:00:00', '0000-00-00 00:00:00'),
(117, 'Enugu North/Enugu South', 'FC/117/EN', 14, '0000-00-00 00:00:00', '0000-00-00 00:00:00'),
(118, 'Ezeagu/Udi', 'FC/118/EN', 14, '0000-00-00 00:00:00', '0000-00-00 00:00:00'),
(119, 'Igbo-Etiti/Uzo-Uwani', 'FC/119/EN', 14, '0000-00-00 00:00:00', '0000-00-00 00:00:00'),
(120, 'Igbo-Eze North/Udenu', 'FC/120/EN', 14, '0000-00-00 00:00:00', '0000-00-00 00:00:00'),
(121, 'Nkanu East/Nkanu West', 'FC/121/EN', 14, '0000-00-00 00:00:00', '0000-00-00 00:00:00'),
(122, 'Nsukka/Igbo-Eze South', 'FC/122/EN', 14, '0000-00-00 00:00:00', '0000-00-00 00:00:00'),
(123, 'Akko', 'FC/123/GM', 16, '0000-00-00 00:00:00', '0000-00-00 00:00:00'),
(124, 'Yamaltu/Deba', 'FC/124/GM', 16, '0000-00-00 00:00:00', '0000-00-00 00:00:00'),
(125, 'Balanga/Billiri', 'FC/125/GM', 16, '0000-00-00 00:00:00', '0000-00-00 00:00:00'),
(126, 'Kaltungo/Shongom', 'FC/126/GM', 16, '0000-00-00 00:00:00', '0000-00-00 00:00:00'),
(127, 'Gombe/Kwami/Funakaye', 'FC/127/GM', 16, '0000-00-00 00:00:00', '0000-00-00 00:00:00'),
(128, 'Dukku/Nafada', 'FC/128/GM', 16, '0000-00-00 00:00:00', '0000-00-00 00:00:00'),
(129, 'Ehime Mbano/Ihite-Uboma/ Obowo', 'FC/129/IM', 17, '0000-00-00 00:00:00', '0000-00-00 00:00:00'),
(130, 'Isiala Mbano/Okigwe/Onuimo', 'FC/130/IM', 17, '0000-00-00 00:00:00', '0000-00-00 00:00:00'),
(131, 'Ideato North/Ideato South', 'FC/131/IM', 17, '0000-00-00 00:00:00', '0000-00-00 00:00:00'),
(132, 'Isu/Njaba/Nkwerre/Nwangele', 'FC/132/IM', 17, '0000-00-00 00:00:00', '0000-00-00 00:00:00'),
(133, 'Oguta/Ohaji-Egbema/Oru West', 'FC/133/IM', 17, '0000-00-00 00:00:00', '0000-00-00 00:00:00'),
(134, 'Oru East/Orsu/Orlu', 'FC/134/IM', 17, '0000-00-00 00:00:00', '0000-00-00 00:00:00'),
(135, 'Aboh Mbaise/Ngor Okpala', 'FC/135/IM', 17, '0000-00-00 00:00:00', '0000-00-00 00:00:00'),
(136, 'Ahiazu Mbaise/Ezinihitte', 'FC/136/IM', 17, '0000-00-00 00:00:00', '0000-00-00 00:00:00'),
(137, 'Ikeduru/Mbaitoli', 'FC/137/IM', 17, '0000-00-00 00:00:00', '0000-00-00 00:00:00'),
(138, 'Owerri Municipal/Owerri North/Owerri West', 'FC/138/IM', 17, '0000-00-00 00:00:00', '0000-00-00 00:00:00'),
(139, 'Babura/Garki', 'FC/139/JG', 18, '0000-00-00 00:00:00', '0000-00-00 00:00:00'),
(140, 'Birnin Kudu/Buji', 'FC/140/JG', 18, '0000-00-00 00:00:00', '0000-00-00 00:00:00'),
(141, 'Birniwa Guri/Kirikasamma', 'FC/141/JG', 18, '0000-00-00 00:00:00', '0000-00-00 00:00:00'),
(142, 'Dutse/Kiyawa', 'FC/142/JG', 18, '0000-00-00 00:00:00', '0000-00-00 00:00:00'),
(143, 'Gwaram', 'FC/143/JG', 18, '0000-00-00 00:00:00', '0000-00-00 00:00:00'),
(144, 'Gumel/Maigatari/Sule Tankarkar/Gagarawa', 'FC/144/JG', 18, '0000-00-00 00:00:00', '0000-00-00 00:00:00'),
(145, 'Hadejia/Kafin Hausa', 'FC/145/JG', 18, '0000-00-00 00:00:00', '0000-00-00 00:00:00'),
(146, 'Jahun/Miga', 'FC/146/JG', 18, '0000-00-00 00:00:00', '0000-00-00 00:00:00'),
(147, 'Mallam Madori/Kaugama', 'FC/147/JG', 18, '0000-00-00 00:00:00', '0000-00-00 00:00:00'),
(148, 'Kazaure/Roni/Gwiwa/Yankwashi', 'FC/148/JG', 18, '0000-00-00 00:00:00', '0000-00-00 00:00:00'),
(149, 'Ringim/Taura', 'FC/149/JG', 18, '0000-00-00 00:00:00', '0000-00-00 00:00:00'),
(150, 'Kaduna North', 'FC/150/KD', 19, '0000-00-00 00:00:00', '0000-00-00 00:00:00'),
(151, 'Zaria', 'FC/151/KD', 19, '0000-00-00 00:00:00', '0000-00-00 00:00:00'),
(152, 'Soba', 'FC/152/KD', 19, '0000-00-00 00:00:00', '0000-00-00 00:00:00'),
(153, 'Igabi', 'FC/153/KD', 19, '0000-00-00 00:00:00', '0000-00-00 00:00:00'),
(154, 'Ikara/Kubau', 'FC/154/KD', 19, '0000-00-00 00:00:00', '0000-00-00 00:00:00'),
(155, 'Makarfi/Kudan', 'FC/155/KD', 19, '0000-00-00 00:00:00', '0000-00-00 00:00:00'),
(156, 'Lere', 'FC/156/KD', 19, '0000-00-00 00:00:00', '0000-00-00 00:00:00'),
(157, 'Kachia/Kagarko', 'FC/157/KD', 19, '0000-00-00 00:00:00', '0000-00-00 00:00:00'),
(158, 'Chikun/Kajuru', 'FC/158/KD', 19, '0000-00-00 00:00:00', '0000-00-00 00:00:00'),
(159, 'Jema’a/Sanga', 'FC/159/KD', 19, '0000-00-00 00:00:00', '0000-00-00 00:00:00'),
(160, 'Birnin Gwari/Giwa', 'FC/160/KD', 19, '0000-00-00 00:00:00', '0000-00-00 00:00:00'),
(161, 'Sabon Gari', 'FC/161/KD', 19, '0000-00-00 00:00:00', '0000-00-00 00:00:00'),
(162, 'Kaduna South', 'FC/162/KD', 19, '0000-00-00 00:00:00', '0000-00-00 00:00:00'),
(163, 'Kaura', 'FC/163/KD', 19, '0000-00-00 00:00:00', '0000-00-00 00:00:00'),
(164, 'Kauru', 'FC/164/KD', 19, '0000-00-00 00:00:00', '0000-00-00 00:00:00'),
(165, 'Zangon Kataf/Jaba', 'FC/165/KD', 19, '0000-00-00 00:00:00', '0000-00-00 00:00:00'),
(166, 'Alabasu/Gaya/Ajingi', 'FC/166/KN', 20, '0000-00-00 00:00:00', '0000-00-00 00:00:00'),
(167, 'Shanono/Bagwai', 'FC/167/KN', 20, '0000-00-00 00:00:00', '0000-00-00 00:00:00'),
(168, 'Bebeji/Kiru', 'FC/168/KN', 20, '0000-00-00 00:00:00', '0000-00-00 00:00:00'),
(169, 'Bichi', 'FC/169/KN', 20, '0000-00-00 00:00:00', '0000-00-00 00:00:00'),
(170, 'Rano/Bunkure/Kibiya', 'FC/170/KN', 20, '0000-00-00 00:00:00', '0000-00-00 00:00:00'),
(171, 'Dala', 'FC/171/KN', 20, '0000-00-00 00:00:00', '0000-00-00 00:00:00'),
(172, 'Gwale', 'FC/172/KN', 20, '0000-00-00 00:00:00', '0000-00-00 00:00:00'),
(173, 'Dambatta/Makoda', 'FC/173/KN', 20, '0000-00-00 00:00:00', '0000-00-00 00:00:00'),
(174, 'Dawakin Kudu/Warawa', 'FC/174/KN', 20, '0000-00-00 00:00:00', '0000-00-00 00:00:00'),
(175, 'Dawakin Tofa/Tofa/Rimin Gado', 'FC/175/KN', 20, '0000-00-00 00:00:00', '0000-00-00 00:00:00'),
(176, 'Doguwa/Tudun Wada', 'FC/176/KN', 20, '0000-00-00 00:00:00', '0000-00-00 00:00:00'),
(177, 'Gezawa/Gabasawa', 'FC/177/KN', 20, '0000-00-00 00:00:00', '0000-00-00 00:00:00'),
(178, 'Gwarzo/Ikabo', 'FC/178/KN', 20, '0000-00-00 00:00:00', '0000-00-00 00:00:00'),
(179, 'Municipal', 'FC/179/KN', 20, '0000-00-00 00:00:00', '0000-00-00 00:00:00'),
(180, 'Tarauni', 'FC/180/KN', 20, '0000-00-00 00:00:00', '0000-00-00 00:00:00'),
(181, 'Karaye/Rogo', 'FC/181/KN', 20, '0000-00-00 00:00:00', '0000-00-00 00:00:00'),
(182, 'Kumbotso', 'FC/182/KN', 20, '0000-00-00 00:00:00', '0000-00-00 00:00:00'),
(183, 'Kura/Madobi/Garun Mallam', 'FC/183/KN', 20, '0000-00-00 00:00:00', '0000-00-00 00:00:00'),
(184, 'Nassarawa', 'FC/184/KN', 20, '0000-00-00 00:00:00', '0000-00-00 00:00:00'),
(185, 'Fagge', 'FC/185/KN', 20, '0000-00-00 00:00:00', '0000-00-00 00:00:00'),
(186, 'Sumaila/Takai', 'FC/186/KN', 20, '0000-00-00 00:00:00', '0000-00-00 00:00:00'),
(187, 'Minjibir/Ungogo', 'FC/187/KN', 20, '0000-00-00 00:00:00', '0000-00-00 00:00:00'),
(188, 'Tsanyawa/Kunchi', 'FC/188/KN', 20, '0000-00-00 00:00:00', '0000-00-00 00:00:00'),
(189, 'Wudil/Garko', 'FC/189/KN', 20, '0000-00-00 00:00:00', '0000-00-00 00:00:00'),
(190, 'Bakori/Danja', 'FC/190/KT', 21, '0000-00-00 00:00:00', '0000-00-00 00:00:00'),
(191, 'Batagarawa/Charanchi/Rimi', 'FC/191/KT', 21, '0000-00-00 00:00:00', '0000-00-00 00:00:00'),
(192, 'Batsari/Safana/Danmusa', 'FC/192/KT', 21, '0000-00-00 00:00:00', '0000-00-00 00:00:00'),
(193, 'Bindawa/Mani', 'FC/193/KT', 21, '0000-00-00 00:00:00', '0000-00-00 00:00:00'),
(194, 'Daura/Sandamu/Mai’adua', 'FC/194/KT', 21, '0000-00-00 00:00:00', '0000-00-00 00:00:00'),
(195, 'Dutsin-ma/Kurfi', 'FC/195/KT', 21, '0000-00-00 00:00:00', '0000-00-00 00:00:00'),
(196, 'Faskari/Kankara/Sabuwa', 'FC/196/KT', 21, '0000-00-00 00:00:00', '0000-00-00 00:00:00'),
(197, 'Funtua/Dandume', 'FC/197/KT', 21, '0000-00-00 00:00:00', '0000-00-00 00:00:00'),
(198, 'Ingawa/Kankia/Kusada', 'FC/198/KT', 21, '0000-00-00 00:00:00', '0000-00-00 00:00:00'),
(199, 'Jibia/Kaita', 'FC/199/KT', 21, '0000-00-00 00:00:00', '0000-00-00 00:00:00'),
(200, 'Malumfashi/Kafur', 'FC/200/KT', 21, '0000-00-00 00:00:00', '0000-00-00 00:00:00'),
(201, 'Katsina', 'FC/201/KT', 21, '0000-00-00 00:00:00', '0000-00-00 00:00:00'),
(202, 'Mashi/Dutsi', 'FC/202/KT', 21, '0000-00-00 00:00:00', '0000-00-00 00:00:00'),
(203, 'Matazu/Musawa', 'FC/203/KT', 21, '0000-00-00 00:00:00', '0000-00-00 00:00:00'),
(204, 'Zango/Baure', 'FC/204/KT', 21, '0000-00-00 00:00:00', '0000-00-00 00:00:00'),
(205, 'Arewa/Dandi', 'FC/205/KB', 22, '0000-00-00 00:00:00', '0000-00-00 00:00:00'),
(206, 'Argungu/Augie', 'FC/206/KB', 22, '0000-00-00 00:00:00', '0000-00-00 00:00:00'),
(207, 'Bagudo/Suru', 'FC/207/KB', 22, '0000-00-00 00:00:00', '0000-00-00 00:00:00'),
(208, 'Bunza/Birnin Kebbi/Kalgo', 'FC/208/KB', 22, '0000-00-00 00:00:00', '0000-00-00 00:00:00'),
(209, 'Aleiro/Gwandu/Jega', 'FC/209/KB', 22, '0000-00-00 00:00:00', '0000-00-00 00:00:00'),
(210, 'Koko-Besse/Maiyama', 'FC/210/KB', 22, '0000-00-00 00:00:00', '0000-00-00 00:00:00'),
(211, 'Fakai/Sakaba/Wasagu/Danko/ Zuru', 'FC/211/KB', 22, '0000-00-00 00:00:00', '0000-00-00 00:00:00'),
(212, 'Ngaski/Shanga/Yauri', 'FC/212/KB', 22, '0000-00-00 00:00:00', '0000-00-00 00:00:00'),
(213, 'Adavi/Okehi', 'FC/213/KG', 23, '0000-00-00 00:00:00', '0000-00-00 00:00:00'),
(214, 'Ankpa/Omala/Olamaboro', 'FC/214/KG', 23, '0000-00-00 00:00:00', '0000-00-00 00:00:00'),
(215, 'Bassa/Dekina', 'FC/215/KG', 23, '0000-00-00 00:00:00', '0000-00-00 00:00:00'),
(216, 'Idah/Igalamela Odolu/Ibaji/ Ofu', 'FC/216/KG', 23, '0000-00-00 00:00:00', '0000-00-00 00:00:00'),
(217, 'Ijumu/Kabba-Bunu', 'FC/217/KG', 23, '0000-00-00 00:00:00', '0000-00-00 00:00:00'),
(218, 'Ajaokuta', 'FC/218/KG', 23, '0000-00-00 00:00:00', '0000-00-00 00:00:00'),
(219, 'Kogi (Lokoja)/Kogi (K.K.)', 'FC/219/KG', 23, '0000-00-00 00:00:00', '0000-00-00 00:00:00'),
(220, 'Okene/Ogori-Magogo', 'FC/220/KG', 23, '0000-00-00 00:00:00', '0000-00-00 00:00:00'),
(221, 'Yagba East/Yagba West/ Mopamuro', 'FC/221/KG', 23, '0000-00-00 00:00:00', '0000-00-00 00:00:00'),
(222, 'Baruten/Kaiama', 'FC/222/KW', 24, '0000-00-00 00:00:00', '0000-00-00 00:00:00'),
(223, 'Edu/Moro/Pategi', 'FC/223/KW', 24, '0000-00-00 00:00:00', '0000-00-00 00:00:00'),
(224, 'Ekiti/Isin/Irepodun/Oke-Ero', 'FC/224/KW', 24, '0000-00-00 00:00:00', '0000-00-00 00:00:00'),
(225, 'Ilorin East/Ilorin South', 'FC/225/KW', 24, '0000-00-00 00:00:00', '0000-00-00 00:00:00'),
(226, 'Ilorin West/Asa', 'FC/226/KW', 24, '0000-00-00 00:00:00', '0000-00-00 00:00:00'),
(227, 'Ifelodun/Offa/Oyun', 'FC/227/KW', 24, '0000-00-00 00:00:00', '0000-00-00 00:00:00'),
(228, 'Agege', 'FC/228/LA', 25, '0000-00-00 00:00:00', '0000-00-00 00:00:00'),
(229, 'Ifako/Ijaiye', 'FC/229/LA', 25, '0000-00-00 00:00:00', '0000-00-00 00:00:00'),
(230, 'Alimosho', 'FC/230/LA', 25, '0000-00-00 00:00:00', '0000-00-00 00:00:00'),
(231, 'Badagry', 'FC/231/LA', 25, '0000-00-00 00:00:00', '0000-00-00 00:00:00'),
(232, 'Epe', 'FC/232/LA', 25, '0000-00-00 00:00:00', '0000-00-00 00:00:00'),
(233, 'Ibeju Lekki', 'FC/233/LA', 25, '0000-00-00 00:00:00', '0000-00-00 00:00:00'),
(234, 'Eti-Osa', 'FC/234/LA', 25, '0000-00-00 00:00:00', '0000-00-00 00:00:00'),
(235, 'Apapa', 'FC/235/LA', 25, '0000-00-00 00:00:00', '0000-00-00 00:00:00'),
(236, 'Ikeja', 'FC/236/LA', 25, '0000-00-00 00:00:00', '0000-00-00 00:00:00'),
(237, 'Ikorodu', 'FC/237/LA', 25, '0000-00-00 00:00:00', '0000-00-00 00:00:00'),
(238, 'Lagos Island I', 'FC/238/LA', 25, '0000-00-00 00:00:00', '0000-00-00 00:00:00'),
(239, 'Lagos Island II', 'FC/239/LA', 25, '0000-00-00 00:00:00', '0000-00-00 00:00:00'),
(240, 'Lagos Mainland', 'FC/240/LA', 25, '0000-00-00 00:00:00', '0000-00-00 00:00:00'),
(241, 'Mushin I', 'FC/241/LA', 25, '0000-00-00 00:00:00', '0000-00-00 00:00:00'),
(242, 'Mushin II', 'FC/242/LA', 25, '0000-00-00 00:00:00', '0000-00-00 00:00:00'),
(243, 'Ojo', 'FC/243/LA', 25, '0000-00-00 00:00:00', '0000-00-00 00:00:00'),
(244, 'Amuwo-Odofin', 'FC/244/LA', 25, '0000-00-00 00:00:00', '0000-00-00 00:00:00'),
(245, 'Ajeromi/Ifelodun', 'FC/245/LA', 25, '0000-00-00 00:00:00', '0000-00-00 00:00:00'),
(246, 'Oshodi/Isolo I', 'FC/246/LA', 25, '0000-00-00 00:00:00', '0000-00-00 00:00:00'),
(247, 'Oshodi/Isolo II', 'FC/247/LA', 25, '0000-00-00 00:00:00', '0000-00-00 00:00:00'),
(248, 'Shomolu', 'FC/248/LA', 25, '0000-00-00 00:00:00', '0000-00-00 00:00:00'),
(249, 'Kosofe', 'FC/249/LA', 25, '0000-00-00 00:00:00', '0000-00-00 00:00:00'),
(250, 'Surulere I', 'FC/250/LA', 25, '0000-00-00 00:00:00', '0000-00-00 00:00:00'),
(251, 'Surulere II', 'FC/251/LA', 25, '0000-00-00 00:00:00', '0000-00-00 00:00:00'),
(252, 'Akwanga/Nassarawa Eggon/ Wamba', 'FC/252/NW', 26, '0000-00-00 00:00:00', '0000-00-00 00:00:00'),
(253, 'Awe/Doma/Keana ', 'FC/253/NW', 26, '0000-00-00 00:00:00', '0000-00-00 00:00:00'),
(254, 'Keffi/Karu/Kokona', 'FC/254/NW', 26, '0000-00-00 00:00:00', '0000-00-00 00:00:00'),
(255, 'Lafia/Obi', 'FC/255/NW', 26, '0000-00-00 00:00:00', '0000-00-00 00:00:00'),
(256, 'Nassarawa/Toto', 'FC/256/NW', 26, '0000-00-00 00:00:00', '0000-00-00 00:00:00'),
(257, 'Agaie/Lapai', 'FC/257/NG', 27, '0000-00-00 00:00:00', '0000-00-00 00:00:00'),
(258, 'Agwara/Borgu', 'FC/258/NG', 27, '0000-00-00 00:00:00', '0000-00-00 00:00:00'),
(259, 'Bida/Gbako/Katcha', 'FC/259/NG', 27, '0000-00-00 00:00:00', '0000-00-00 00:00:00'),
(260, 'Booso/Paikoro', 'FC/260/NG', 27, '0000-00-00 00:00:00', '0000-00-00 00:00:00'),
(261, 'Chanchaga', 'FC/261/NG', 27, '0000-00-00 00:00:00', '0000-00-00 00:00:00'),
(262, 'Gurara/Suleja/Tapa', 'FC/262/NG', 27, '0000-00-00 00:00:00', '0000-00-00 00:00:00'),
(263, 'Lavun/Mokwa/Edati', 'FC/263/NG', 27, '0000-00-00 00:00:00', '0000-00-00 00:00:00'),
(264, 'Magama/Rijau', 'FC/264/NG', 27, '0000-00-00 00:00:00', '0000-00-00 00:00:00'),
(265, 'Kontagora/Wushishi/Mariga/ Mashegu', 'FC/265/NG', 27, '0000-00-00 00:00:00', '0000-00-00 00:00:00'),
(266, 'Shiroro/Rafi/Munya', 'FC/266/NG', 27, '0000-00-00 00:00:00', '0000-00-00 00:00:00'),
(267, 'Abeokuta North/ Obafemi- Owode/Odeda', 'FC/267/OG', 28, '0000-00-00 00:00:00', '0000-00-00 00:00:00'),
(268, 'Abeokuta South', 'FC/268/OG', 28, '0000-00-00 00:00:00', '0000-00-00 00:00:00'),
(269, 'Ado-Odo/Ota', 'FC/269/OG', 28, '0000-00-00 00:00:00', '0000-00-00 00:00:00'),
(270, 'Egbado North/Imeko-Afon', 'FC/270/OG', 28, '0000-00-00 00:00:00', '0000-00-00 00:00:00'),
(271, 'Egbado South/Ipokia', 'FC/271/OG', 28, '0000-00-00 00:00:00', '0000-00-00 00:00:00'),
(272, 'Ifo/Ewekoro', 'FC/272/OG', 28, '0000-00-00 00:00:00', '0000-00-00 00:00:00'),
(273, 'Ijebu North/Ijebu East/Ogun Waterside', 'FC/273/OG', 28, '0000-00-00 00:00:00', '0000-00-00 00:00:00'),
(274, 'Ijebu Ode /Odogbolu /Ijebu North East', 'FC/274/OG', 28, '0000-00-00 00:00:00', '0000-00-00 00:00:00'),
(275, 'Ikenne/Shagamu/Remo North', 'FC/275/OG', 28, '0000-00-00 00:00:00', '0000-00-00 00:00:00'),
(276, 'Akoko North East/Akoko North West', 'FC/276/OD', 29, '0000-00-00 00:00:00', '0000-00-00 00:00:00'),
(277, 'Akoko South East/Akoko South West', 'FC/277/OD', 29, '0000-00-00 00:00:00', '0000-00-00 00:00:00'),
(278, 'Akure North/Akure South', 'FC/278/OD', 29, '0000-00-00 00:00:00', '0000-00-00 00:00:00'),
(279, 'Idanre/Ifedore', 'FC/279/OD', 29, '0000-00-00 00:00:00', '0000-00-00 00:00:00'),
(280, 'Ileoluji/Okeigbo/Odigbo', 'FC/280/OD', 29, '0000-00-00 00:00:00', '0000-00-00 00:00:00'),
(281, 'Okitipupa/Irele', 'FC/281/OD', 29, '0000-00-00 00:00:00', '0000-00-00 00:00:00'),
(282, 'Eseodo/Ilaje', 'FC/282/OD', 29, '0000-00-00 00:00:00', '0000-00-00 00:00:00'),
(283, 'Ondo East/Ondo West', 'FC/283/OD', 29, '0000-00-00 00:00:00', '0000-00-00 00:00:00'),
(284, 'Owo/Ose', 'FC/284/OD', 29, '0000-00-00 00:00:00', '0000-00-00 00:00:00'),
(285, 'Irepodun/Olorunda/Osogbo/Orolu', 'FC/285/OS', 30, '0000-00-00 00:00:00', '0000-00-00 00:00:00'),
(286, 'Odo-Otin/Ifelodun/Boripe', 'FC/286/OS', 30, '0000-00-00 00:00:00', '0000-00-00 00:00:00'),
(287, 'Boluwaduro/Ifedayo/Ila', 'FC/287/OS', 30, '0000-00-00 00:00:00', '0000-00-00 00:00:00'),
(288, 'Atakunmosa East/ Atakunmosa West/Ilesha East/Ilesha West', 'FC/288/OS', 30, '0000-00-00 00:00:00', '0000-00-00 00:00:00'),
(289, 'Obokun/Oriade', 'FC/289/OS', 30, '0000-00-00 00:00:00', '0000-00-00 00:00:00'),
(290, 'Ife Central/Ife North/Ife South/Ife East ', 'FC/290/OS', 30, '0000-00-00 00:00:00', '0000-00-00 00:00:00'),
(291, 'Ayedire/Iwo/Ola-Oluwa', 'FC/291/OS', 30, '0000-00-00 00:00:00', '0000-00-00 00:00:00'),
(292, 'Ayedaade/Irewole/Isokan', 'FC/292/OS', 30, '0000-00-00 00:00:00', '0000-00-00 00:00:00'),
(293, 'Ede North/Ede South/ Egbedore/Ejigbo', 'FC/293/OS', 30, '0000-00-00 00:00:00', '0000-00-00 00:00:00'),
(294, 'Afijio/Oyo East/Oyo West/ Atiba', 'FC/294/OY', 31, '0000-00-00 00:00:00', '0000-00-00 00:00:00'),
(295, 'Akinyele/Lagelu', 'FC/295/OY', 31, '0000-00-00 00:00:00', '0000-00-00 00:00:00'),
(296, 'Egbeda/Ona-Ara', 'FC/296/OY', 31, '0000-00-00 00:00:00', '0000-00-00 00:00:00'),
(297, 'Ibarapa Central/Ibarapa North', 'FC/297/OY', 31, '0000-00-00 00:00:00', '0000-00-00 00:00:00'),
(298, 'Ibarapa East/Ido', 'FC/298/OY', 31, '0000-00-00 00:00:00', '0000-00-00 00:00:00'),
(299, 'Saki East/Saki West/Atisbo', 'FC/299/OY', 31, '0000-00-00 00:00:00', '0000-00-00 00:00:00'),
(300, 'Irepo/Orelope/Olorunsogo', 'FC/300/OY', 31, '0000-00-00 00:00:00', '0000-00-00 00:00:00'),
(301, 'Iseyin/Itesiwaju/Kajola/ Iwajowa', 'FC/301/OY', 31, '0000-00-00 00:00:00', '0000-00-00 00:00:00'),
(302, 'Ogbomoso North/ Ogbomoso South/Orire', 'FC/302/OY', 31, '0000-00-00 00:00:00', '0000-00-00 00:00:00'),
(303, 'Ogo-Oluwa/Surulere', 'FC/303/OY', 31, '0000-00-00 00:00:00', '0000-00-00 00:00:00'),
(304, 'Oluyole', 'FC/304/OY', 31, '0000-00-00 00:00:00', '0000-00-00 00:00:00'),
(305, 'Ibadan North East/Ibadan South East', 'FC/305/OY', 31, '0000-00-00 00:00:00', '0000-00-00 00:00:00'),
(306, 'Ibadan South West/Ibadan North West', 'FC/306/OY', 31, '0000-00-00 00:00:00', '0000-00-00 00:00:00'),
(307, 'Ibadan North', 'FC/307/OY', 31, '0000-00-00 00:00:00', '0000-00-00 00:00:00'),
(308, 'Jos North/Bassa ', 'FC/308/PL', 32, '0000-00-00 00:00:00', '0000-00-00 00:00:00'),
(309, 'Jos South/Jos East', 'FC/309/PL', 32, '0000-00-00 00:00:00', '0000-00-00 00:00:00'),
(310, 'Barkin Ladi/Riyom', 'FC/310/PL', 32, '0000-00-00 00:00:00', '0000-00-00 00:00:00'),
(311, 'Bokkos/Mangu', 'FC/311/PL', 32, '0000-00-00 00:00:00', '0000-00-00 00:00:00'),
(312, 'Kanke/Pankshin/Kanam', 'FC/312/PL', 32, '0000-00-00 00:00:00', '0000-00-00 00:00:00'),
(313, 'Wase', 'FC/313/PL', 32, '0000-00-00 00:00:00', '0000-00-00 00:00:00'),
(314, 'Langtang North/Langtang South', 'FC/314/PL', 32, '0000-00-00 00:00:00', '0000-00-00 00:00:00'),
(315, 'Mikang/Qua’an/Pan/Shedam', 'FC/315/PL', 32, '0000-00-00 00:00:00', '0000-00-00 00:00:00'),
(316, 'Abua-Odual/Ahaoda East', 'FC/316/RV', 33, '0000-00-00 00:00:00', '0000-00-00 00:00:00'),
(317, 'Ahoada West/Ogba Egbema', 'FC/317/RV', 33, '0000-00-00 00:00:00', '0000-00-00 00:00:00'),
(318, 'Degema/Bonny', 'FC/318/RV', 33, '0000-00-00 00:00:00', '0000-00-00 00:00:00'),
(319, 'Akuku-Toru/Asari-Toru', 'FC/319/RV', 33, '0000-00-00 00:00:00', '0000-00-00 00:00:00'),
(320, 'Okrika/Ogu-Bolo', 'FC/320/RV', 33, '0000-00-00 00:00:00', '0000-00-00 00:00:00'),
(321, 'Opobo/Nkoro/Andoni', 'FC/321/RV', 33, '0000-00-00 00:00:00', '0000-00-00 00:00:00'),
(322, 'Eleme/Tai/Oyigbo', 'FC/322/RV', 33, '0000-00-00 00:00:00', '0000-00-00 00:00:00'),
(323, 'Khana/Gokana', 'FC/323/RV', 33, '0000-00-00 00:00:00', '0000-00-00 00:00:00'),
(324, 'Ikwerre/Umohua', 'FC/324/RV', 33, '0000-00-00 00:00:00', '0000-00-00 00:00:00'),
(325, 'Etche/Omuma', 'FC/325/RV', 33, '0000-00-00 00:00:00', '0000-00-00 00:00:00'),
(326, 'Obio Akpor', 'FC/326/RV', 33, '0000-00-00 00:00:00', '0000-00-00 00:00:00'),
(327, 'Port Harcourt I', 'FC/327/RV', 33, '0000-00-00 00:00:00', '0000-00-00 00:00:00'),
(328, 'Port Harcourt II', 'FC/328/RV', 33, '0000-00-00 00:00:00', '0000-00-00 00:00:00'),
(329, 'Isa/Sabon Birni', 'FC/329/SO', 34, '0000-00-00 00:00:00', '0000-00-00 00:00:00'),
(330, 'Goronyo/Gada', 'FC/330/SO', 34, '0000-00-00 00:00:00', '0000-00-00 00:00:00'),
(331, 'Wurno/Rabah', 'FC/331/SO', 34, '0000-00-00 00:00:00', '0000-00-00 00:00:00'),
(332, 'Illela/Gwadabawa', 'FC/332/SO', 34, '0000-00-00 00:00:00', '0000-00-00 00:00:00'),
(333, 'Tangaza/Gudu', 'FC/333/SO', 34, '0000-00-00 00:00:00', '0000-00-00 00:00:00'),
(334, 'Binji/Silame', 'FC/334/SO', 34, '0000-00-00 00:00:00', '0000-00-00 00:00:00'),
(335, 'Kware/Wamakko', 'FC/335/SO', 34, '0000-00-00 00:00:00', '0000-00-00 00:00:00'),
(336, 'Sokoto North/Sokoto South', 'FC/336/SO', 34, '0000-00-00 00:00:00', '0000-00-00 00:00:00'),
(337, 'Dange-Shuni/Bodinga/Tureta', 'FC/337/SO', 34, '0000-00-00 00:00:00', '0000-00-00 00:00:00'),
(338, 'Yabo/Shagari', 'FC/338/SO', 34, '0000-00-00 00:00:00', '0000-00-00 00:00:00'),
(339, 'Kebbe/Tambuwal', 'FC/339/SO', 34, '0000-00-00 00:00:00', '0000-00-00 00:00:00'),
(340, 'Bali/Gassol', 'FC/340/TR', 35, '0000-00-00 00:00:00', '0000-00-00 00:00:00'),
(341, 'Takum/Donga/Ussa', 'FC/341/TR', 35, '0000-00-00 00:00:00', '0000-00-00 00:00:00'),
(342, 'Sardauna/Kurmi/Gashaka', 'FC/342/TR', 35, '0000-00-00 00:00:00', '0000-00-00 00:00:00'),
(343, 'Ibi/Wukari', 'FC/343/TR', 35, '0000-00-00 00:00:00', '0000-00-00 00:00:00'),
(344, 'Jalingo/Yorro/Zing', 'FC/344/TR', 35, '0000-00-00 00:00:00', '0000-00-00 00:00:00'),
(345, 'Karim Lamido/Lau/Ardo-Kola', 'FC/345/TR', 35, '0000-00-00 00:00:00', '0000-00-00 00:00:00'),
(346, 'Bade/Jakusko', 'FC/346/YB', 36, '0000-00-00 00:00:00', '0000-00-00 00:00:00'),
(347, 'Bursari/Geidam/Yunusari', 'FC/347/YB', 36, '0000-00-00 00:00:00', '0000-00-00 00:00:00'),
(348, 'Damaturu/Gujba/Gulani/ Tarmuwa', 'FC/348/YB', 36, '0000-00-00 00:00:00', '0000-00-00 00:00:00'),
(349, 'Fika/Fune', 'FC/349/YB', 36, '0000-00-00 00:00:00', '0000-00-00 00:00:00'),
(350, 'Machina/Nguru/Yusufari/ Karasuwa', 'FC/350/YB', 36, '0000-00-00 00:00:00', '0000-00-00 00:00:00'),
(351, 'Nangere/Potiskm', 'FC/351/YB', 36, '0000-00-00 00:00:00', '0000-00-00 00:00:00'),
(352, 'Kaura-Namoda/Birnin Magaji', 'FC/352/ZF', 37, '0000-00-00 00:00:00', '0000-00-00 00:00:00'),
(353, 'Shinkafi/Zurmi', 'FC/353/ZF', 37, '0000-00-00 00:00:00', '0000-00-00 00:00:00'),
(354, 'Gusau/Tsafe', 'FC/354/ZF', 37, '0000-00-00 00:00:00', '0000-00-00 00:00:00'),
(355, 'Bungudu/Maru', 'FC/355/ZF', 37, '0000-00-00 00:00:00', '0000-00-00 00:00:00'),
(356, 'Anka/Talata Mafara', 'FC/356/ZF', 37, '0000-00-00 00:00:00', '0000-00-00 00:00:00'),
(357, 'Bakura/Maradun', 'FC/357/ZF', 37, '0000-00-00 00:00:00', '0000-00-00 00:00:00'),
(358, 'Gummi/Bukkuyum', 'FC/358/ZF', 37, '0000-00-00 00:00:00', '0000-00-00 00:00:00'),
(359, 'Abaji/Gwagwalada/Kwali/Kuje', 'FC/359/FCT', 15, '0000-00-00 00:00:00', '0000-00-00 00:00:00'),
(360, 'Municipal/Bwari', 'FC/360/FCT', 15, '0000-00-00 00:00:00', '0000-00-00 00:00:00');

-- --------------------------------------------------------

--
-- Table structure for table `federal_representatives`
--

CREATE TABLE IF NOT EXISTS `federal_representatives` (
  `federal_rep_id` int(10) unsigned NOT NULL AUTO_INCREMENT,
  `rank_id` int(10) unsigned NOT NULL,
  `federal_constituency_id` int(10) unsigned NOT NULL,
  `house_id` int(10) unsigned NOT NULL,
  `user_id` int(10) unsigned NOT NULL,
  `created_at` timestamp NOT NULL DEFAULT '0000-00-00 00:00:00',
  `updated_at` timestamp NOT NULL DEFAULT '0000-00-00 00:00:00',
  PRIMARY KEY (`federal_rep_id`),
  KEY `federal_representatives_rank_id_index` (`rank_id`),
  KEY `federal_representatives_federal_constituency_id_index` (`federal_constituency_id`),
  KEY `federal_representatives_federal_rep_house_id_index` (`house_id`),
  KEY `federal_representatives_user_id_index` (`user_id`)
) ENGINE=InnoDB  DEFAULT CHARSET=utf8 COLLATE=utf8_unicode_ci AUTO_INCREMENT=361 ;

--
-- Dumping data for table `federal_representatives`
--

INSERT INTO `federal_representatives` (`federal_rep_id`, `rank_id`, `federal_constituency_id`, `house_id`, `user_id`, `created_at`, `updated_at`) VALUES
(1, 22, 4, 2, 112, '2015-09-09 20:15:19', '2015-09-09 20:15:19'),
(2, 22, 7, 2, 113, '2015-09-09 20:15:19', '2015-09-09 20:15:19'),
(3, 22, 3, 2, 114, '2015-09-09 20:15:19', '2015-09-09 20:15:19'),
(4, 22, 1, 2, 115, '2015-09-09 20:15:19', '2015-09-09 20:15:19'),
(5, 22, 2, 2, 116, '2015-09-09 20:15:19', '2015-09-09 20:15:19'),
(6, 22, 6, 2, 117, '2015-09-09 20:15:19', '2015-09-09 20:15:19'),
(7, 22, 5, 2, 118, '2015-09-09 20:15:19', '2015-09-09 20:15:19'),
(8, 22, 8, 2, 119, '2015-09-09 20:15:19', '2015-09-09 20:15:19'),
(9, 22, 12, 2, 120, '2015-09-09 20:15:19', '2015-09-09 20:15:19'),
(10, 22, 16, 2, 121, '2015-09-09 20:15:19', '2015-09-09 20:15:19'),
(11, 22, 14, 2, 122, '2015-09-09 20:15:19', '2015-09-09 20:15:19'),
(12, 22, 15, 2, 123, '2015-09-09 20:15:19', '2015-09-09 20:15:19'),
(13, 22, 13, 2, 124, '2015-09-09 20:15:19', '2015-09-09 20:15:19'),
(14, 22, 10, 2, 125, '2015-09-09 20:15:19', '2015-09-09 20:15:19'),
(15, 22, 9, 2, 126, '2015-09-09 20:15:19', '2015-09-09 20:15:19'),
(16, 22, 11, 2, 127, '2015-09-09 20:15:19', '2015-09-09 20:15:19'),
(17, 22, 28, 2, 128, '2015-09-09 20:15:19', '2015-09-09 20:15:19'),
(18, 22, 32, 2, 129, '2015-09-09 20:15:19', '2015-09-09 20:15:19'),
(19, 22, 33, 2, 130, '2015-09-09 20:15:19', '2015-09-09 20:15:19'),
(20, 22, 36, 2, 131, '2015-09-09 20:15:19', '2015-09-09 20:15:19'),
(21, 22, 31, 2, 132, '2015-09-09 20:15:19', '2015-09-09 20:15:19'),
(22, 22, 34, 2, 133, '2015-09-09 20:15:19', '2015-09-09 20:15:19'),
(23, 22, 30, 2, 134, '2015-09-09 20:15:19', '2015-09-09 20:15:19'),
(24, 22, 37, 2, 135, '2015-09-09 20:15:19', '2015-09-09 20:15:19'),
(25, 22, 35, 2, 136, '2015-09-09 20:15:19', '2015-09-09 20:15:19'),
(26, 22, 29, 2, 137, '2015-09-09 20:15:19', '2015-09-09 20:15:19'),
(27, 22, 20, 2, 138, '2015-09-09 20:15:19', '2015-09-09 20:15:19'),
(28, 22, 26, 2, 139, '2015-09-09 20:15:19', '2015-09-09 20:15:19'),
(29, 22, 25, 2, 140, '2015-09-09 20:15:19', '2015-09-09 20:15:19'),
(30, 22, 23, 2, 141, '2015-09-09 20:15:19', '2015-09-09 20:15:19'),
(31, 22, 17, 2, 142, '2015-09-09 20:15:19', '2015-09-09 20:15:19'),
(32, 22, 27, 2, 143, '2015-09-09 20:15:19', '2015-09-09 20:15:19'),
(33, 22, 24, 2, 144, '2015-09-09 20:15:19', '2015-09-09 20:15:19'),
(34, 22, 22, 2, 145, '2015-09-09 20:15:19', '2015-09-09 20:15:19'),
(35, 19, 19, 2, 146, '2015-09-09 20:15:19', '2015-09-09 20:15:19'),
(36, 22, 18, 2, 147, '2015-09-09 20:15:19', '2015-09-09 20:15:19'),
(37, 22, 21, 2, 148, '2015-09-09 20:15:19', '2015-09-09 20:15:19'),
(38, 22, 47, 2, 149, '2015-09-09 20:15:19', '2015-09-09 20:15:19'),
(39, 22, 44, 2, 150, '2015-09-09 20:15:19', '2015-09-09 20:15:19'),
(40, 22, 39, 2, 151, '2015-09-09 20:15:19', '2015-09-09 20:15:19'),
(41, 22, 48, 2, 152, '2015-09-09 20:15:19', '2015-09-09 20:15:19'),
(42, 22, 42, 2, 153, '2015-09-09 20:15:19', '2015-09-09 20:15:19'),
(43, 22, 41, 2, 154, '2015-09-09 20:15:19', '2015-09-09 20:15:19'),
(44, 22, 43, 2, 155, '2015-09-09 20:15:19', '2015-09-09 20:15:19'),
(45, 22, 45, 2, 156, '2015-09-09 20:15:19', '2015-09-09 20:15:19'),
(46, 22, 46, 2, 157, '2015-09-09 20:15:19', '2015-09-09 20:15:19'),
(47, 12, 40, 2, 158, '2015-09-09 20:15:19', '2015-09-09 20:15:19'),
(48, 22, 38, 2, 159, '2015-09-09 20:15:19', '2015-09-09 20:15:19'),
(49, 22, 49, 2, 160, '2015-09-09 20:15:19', '2015-09-09 20:15:19'),
(50, 22, 53, 2, 161, '2015-09-09 20:15:19', '2015-09-09 20:15:19'),
(51, 22, 51, 2, 162, '2015-09-09 20:15:19', '2015-09-09 20:15:19'),
(52, 22, 50, 2, 163, '2015-09-09 20:15:19', '2015-09-09 20:15:19'),
(53, 22, 52, 2, 164, '2015-09-09 20:15:19', '2015-09-09 20:15:19'),
(54, 22, 54, 2, 165, '2015-09-09 20:15:19', '2015-09-09 20:15:19'),
(55, 22, 63, 2, 166, '2015-09-10 02:58:59', '2015-09-10 02:58:59'),
(56, 22, 61, 2, 167, '2015-09-10 02:58:59', '2015-09-10 02:58:59'),
(57, 22, 58, 2, 168, '2015-09-10 02:58:59', '2015-09-10 02:58:59'),
(58, 22, 57, 2, 169, '2015-09-10 02:58:59', '2015-09-10 02:58:59'),
(59, 22, 60, 2, 170, '2015-09-10 02:58:59', '2015-09-10 02:58:59'),
(60, 22, 65, 2, 171, '2015-09-10 02:58:59', '2015-09-10 02:58:59'),
(61, 22, 56, 2, 172, '2015-09-10 02:58:59', '2015-09-10 02:58:59'),
(62, 22, 55, 2, 173, '2015-09-10 02:58:59', '2015-09-10 02:58:59'),
(63, 22, 64, 2, 174, '2015-09-10 02:58:59', '2015-09-10 02:58:59'),
(64, 22, 62, 2, 175, '2015-09-10 02:58:59', '2015-09-10 02:58:59'),
(65, 22, 59, 2, 176, '2015-09-10 02:58:59', '2015-09-10 02:58:59'),
(66, 22, 75, 2, 177, '2015-09-10 02:58:59', '2015-09-10 02:58:59'),
(67, 22, 68, 2, 178, '2015-09-10 02:58:59', '2015-09-10 02:58:59'),
(68, 22, 69, 2, 179, '2015-09-10 02:58:59', '2015-09-10 02:58:59'),
(69, 22, 71, 2, 180, '2015-09-10 02:58:59', '2015-09-10 02:58:59'),
(70, 22, 72, 2, 181, '2015-09-10 02:58:59', '2015-09-10 02:58:59'),
(71, 22, 74, 2, 182, '2015-09-10 02:58:59', '2015-09-10 02:58:59'),
(72, 22, 67, 2, 183, '2015-09-10 02:58:59', '2015-09-10 02:58:59'),
(73, 22, 70, 2, 184, '2015-09-10 02:58:59', '2015-09-10 02:58:59'),
(74, 22, 73, 2, 185, '2015-09-10 02:58:59', '2015-09-10 02:58:59'),
(75, 22, 66, 2, 186, '2015-09-10 02:58:59', '2015-09-10 02:58:59'),
(76, 22, 79, 2, 187, '2015-09-10 02:58:59', '2015-09-10 02:58:59'),
(77, 22, 76, 2, 188, '2015-09-10 02:58:59', '2015-09-10 02:58:59'),
(78, 22, 82, 2, 189, '2015-09-10 02:58:59', '2015-09-10 02:58:59'),
(79, 22, 78, 2, 190, '2015-09-10 02:58:59', '2015-09-10 02:58:59'),
(80, 22, 81, 2, 191, '2015-09-10 02:58:59', '2015-09-10 02:58:59'),
(81, 22, 77, 2, 192, '2015-09-10 02:58:59', '2015-09-10 02:58:59'),
(82, 22, 83, 2, 193, '2015-09-10 02:58:59', '2015-09-10 02:58:59'),
(83, 22, 80, 2, 194, '2015-09-10 02:58:59', '2015-09-10 02:58:59'),
(84, 22, 89, 2, 195, '2015-09-10 02:58:59', '2015-09-10 02:58:59'),
(85, 22, 87, 2, 196, '2015-09-10 02:58:59', '2015-09-10 02:58:59'),
(86, 22, 86, 2, 197, '2015-09-10 02:58:59', '2015-09-10 02:58:59'),
(87, 22, 90, 2, 198, '2015-09-10 02:58:59', '2015-09-10 02:58:59'),
(88, 22, 85, 2, 199, '2015-09-10 02:58:59', '2015-09-10 02:58:59'),
(89, 22, 91, 2, 200, '2015-09-10 02:58:59', '2015-09-10 02:58:59'),
(90, 15, 88, 2, 201, '2015-09-10 02:58:59', '2015-09-10 02:58:59'),
(91, 22, 93, 2, 202, '2015-09-10 02:58:59', '2015-09-10 02:58:59'),
(92, 22, 84, 2, 203, '2015-09-10 02:58:59', '2015-09-10 02:58:59'),
(93, 22, 92, 2, 204, '2015-09-10 02:58:59', '2015-09-10 02:58:59'),
(94, 22, 94, 2, 205, '2015-09-10 04:33:22', '2015-09-10 04:33:22'),
(95, 22, 98, 2, 206, '2015-09-10 04:33:22', '2015-09-10 04:33:22'),
(96, 22, 96, 2, 207, '2015-09-10 04:33:22', '2015-09-10 04:33:22'),
(97, 22, 95, 2, 208, '2015-09-10 04:33:22', '2015-09-10 04:33:22'),
(98, 22, 99, 2, 209, '2015-09-10 04:33:22', '2015-09-10 04:33:22'),
(99, 22, 97, 2, 210, '2015-09-10 04:33:22', '2015-09-10 04:33:22'),
(100, 20, 108, 2, 211, '2015-09-10 04:33:22', '2015-09-10 04:33:22'),
(101, 22, 104, 2, 212, '2015-09-10 04:33:22', '2015-09-10 04:33:22'),
(102, 22, 101, 2, 213, '2015-09-10 04:33:22', '2015-09-10 04:33:22'),
(103, 22, 107, 2, 214, '2015-09-10 04:33:23', '2015-09-10 04:33:23'),
(104, 22, 102, 2, 215, '2015-09-10 04:33:23', '2015-09-10 04:33:23'),
(105, 22, 103, 2, 216, '2015-09-10 04:33:23', '2015-09-10 04:33:23'),
(106, 22, 100, 2, 217, '2015-09-10 04:33:23', '2015-09-10 04:33:23'),
(107, 22, 105, 2, 218, '2015-09-10 04:33:23', '2015-09-10 04:33:23'),
(108, 22, 106, 2, 219, '2015-09-10 04:33:23', '2015-09-10 04:33:23'),
(109, 22, 109, 2, 220, '2015-09-10 04:33:23', '2015-09-10 04:33:23'),
(110, 22, 110, 2, 221, '2015-09-10 04:33:23', '2015-09-10 04:33:23'),
(111, 22, 111, 2, 222, '2015-09-10 04:33:23', '2015-09-10 04:33:23'),
(112, 22, 112, 2, 223, '2015-09-10 04:33:23', '2015-09-10 04:33:23'),
(113, 22, 113, 2, 224, '2015-09-10 04:33:23', '2015-09-10 04:33:23'),
(114, 22, 114, 2, 225, '2015-09-10 04:33:23', '2015-09-10 04:33:23'),
(115, 22, 117, 2, 226, '2015-09-10 04:33:23', '2015-09-10 04:33:23'),
(116, 22, 121, 2, 227, '2015-09-10 04:33:23', '2015-09-10 04:33:23'),
(117, 22, 120, 2, 228, '2015-09-10 04:33:23', '2015-09-10 04:33:23'),
(118, 22, 122, 2, 229, '2015-09-10 04:33:23', '2015-09-10 04:33:23'),
(119, 22, 119, 2, 230, '2015-09-10 04:33:23', '2015-09-10 04:33:23'),
(120, 22, 115, 2, 231, '2015-09-10 04:33:23', '2015-09-10 04:33:23'),
(121, 22, 118, 2, 232, '2015-09-10 04:33:23', '2015-09-10 04:33:23'),
(122, 22, 116, 2, 233, '2015-09-10 04:33:23', '2015-09-10 04:33:23'),
(123, 22, 123, 2, 234, '2015-09-10 04:33:23', '2015-09-10 04:33:23'),
(124, 21, 126, 2, 235, '2015-09-10 04:33:23', '2015-09-10 04:33:23'),
(125, 22, 125, 2, 236, '2015-09-10 04:33:23', '2015-09-10 04:33:23'),
(126, 22, 128, 2, 237, '2015-09-10 04:33:23', '2015-09-10 04:33:23'),
(127, 22, 127, 2, 238, '2015-09-10 04:33:23', '2015-09-10 04:33:23'),
(128, 22, 124, 2, 239, '2015-09-10 04:33:23', '2015-09-10 04:33:23'),
(129, 22, 129, 2, 240, '2015-09-10 04:33:23', '2015-09-10 04:33:23'),
(130, 22, 136, 2, 241, '2015-09-10 04:33:23', '2015-09-10 04:33:23'),
(131, 22, 138, 2, 242, '2015-09-10 04:33:23', '2015-09-10 04:33:23'),
(132, 22, 134, 2, 243, '2015-09-10 04:33:23', '2015-09-10 04:33:23'),
(133, 22, 132, 2, 244, '2015-09-10 04:33:23', '2015-09-10 04:33:23'),
(134, 22, 133, 2, 245, '2015-09-10 04:33:23', '2015-09-10 04:33:23'),
(135, 22, 137, 2, 246, '2015-09-10 04:33:23', '2015-09-10 04:33:23'),
(136, 22, 131, 2, 247, '2015-09-10 04:33:23', '2015-09-10 04:33:23'),
(137, 22, 135, 2, 248, '2015-09-10 04:33:23', '2015-09-10 05:06:20'),
(138, 22, 130, 2, 472, '2015-09-10 04:34:49', '2015-09-10 15:30:16'),
(139, 22, 141, 2, 249, '2015-09-10 04:34:49', '2015-09-10 15:30:16'),
(140, 22, 147, 2, 250, '2015-09-10 04:34:49', '2015-09-10 15:30:16'),
(141, 22, 144, 2, 251, '2015-09-10 04:34:49', '2015-09-10 15:30:16'),
(142, 22, 139, 2, 252, '2015-09-10 04:34:49', '2015-09-10 15:30:16'),
(143, 22, 145, 2, 253, '2015-09-10 04:34:49', '2015-09-10 15:30:16'),
(144, 20, 148, 2, 254, '2015-09-10 04:34:49', '2015-09-10 15:30:16'),
(145, 22, 149, 2, 255, '2015-09-10 04:34:49', '2015-09-10 15:30:16'),
(146, 22, 146, 2, 256, '2015-09-10 04:34:49', '2015-09-10 15:30:16'),
(147, 22, 142, 2, 257, '2015-09-10 04:34:49', '2015-09-10 15:30:16'),
(148, 22, 143, 2, 258, '2015-09-10 04:34:49', '2015-09-10 15:30:16'),
(149, 22, 140, 2, 259, '2015-09-10 04:34:49', '2015-09-10 15:30:16'),
(150, 22, 159, 2, 260, '2015-09-10 04:34:49', '2015-09-10 15:38:57'),
(151, 22, 157, 2, 261, '2015-09-10 04:34:49', '2015-09-10 15:38:57'),
(152, 22, 151, 2, 262, '2015-09-10 04:34:49', '2015-09-10 15:38:57'),
(153, 22, 153, 2, 263, '2015-09-10 04:34:49', '2015-09-10 15:38:57'),
(154, 22, 165, 2, 264, '2015-09-10 04:34:49', '2015-09-10 15:38:57'),
(155, 22, 150, 2, 265, '2015-09-10 04:34:49', '2015-09-10 15:58:29'),
(156, 22, 161, 2, 266, '2015-09-10 04:34:49', '2015-09-10 15:58:29'),
(157, 17, 158, 2, 267, '2015-09-10 04:34:49', '2015-09-10 20:28:24'),
(158, 22, 162, 2, 268, '2015-09-10 04:34:49', '2015-09-10 15:58:29'),
(159, 22, 152, 2, 269, '2015-09-10 04:34:49', '2015-09-10 15:58:29'),
(160, 22, 160, 2, 270, '2015-09-10 04:34:49', '2015-09-10 15:58:29'),
(161, 22, 154, 2, 271, '2015-09-10 04:34:49', '2015-09-10 15:58:29'),
(162, 22, 155, 2, 272, '2015-09-10 04:34:49', '2015-09-10 15:58:29'),
(163, 22, 164, 2, 273, '2015-09-10 04:34:49', '2015-09-10 15:58:29'),
(164, 22, 163, 2, 274, '2015-09-10 04:34:49', '2015-09-10 15:58:29'),
(165, 22, 156, 2, 275, '2015-09-10 04:34:49', '2015-09-10 15:58:29'),
(166, 22, 175, 2, 276, '2015-09-10 04:34:49', '2015-09-10 16:26:31'),
(167, 22, 182, 2, 277, '2015-09-10 19:53:04', '2015-09-10 19:53:04'),
(168, 22, 178, 2, 278, '2015-09-10 19:53:05', '2015-09-10 19:53:05'),
(169, 22, 179, 2, 279, '2015-09-10 19:53:05', '2015-09-10 19:53:05'),
(170, 22, 169, 2, 280, '2015-09-10 19:53:05', '2015-09-10 19:53:05'),
(171, 22, 173, 2, 281, '2015-09-10 19:53:05', '2015-09-10 19:53:05'),
(172, 22, 184, 2, 282, '2015-09-10 19:53:05', '2015-09-10 19:53:05'),
(173, 22, 171, 2, 283, '2015-09-10 19:53:05', '2015-09-10 19:53:05'),
(174, 22, 172, 2, 284, '2015-09-10 19:53:05', '2015-09-10 19:53:05'),
(175, 22, 183, 2, 285, '2015-09-10 19:53:05', '2015-09-10 19:53:05'),
(176, 22, 180, 2, 286, '2015-09-10 19:53:05', '2015-09-10 19:53:05'),
(177, 22, 185, 2, 287, '2015-09-10 19:53:05', '2015-09-10 19:53:05'),
(178, 22, 168, 2, 288, '2015-09-10 19:53:05', '2015-09-10 19:53:05'),
(179, 22, 186, 2, 289, '2015-09-10 19:53:05', '2015-09-10 19:53:05'),
(180, 22, 181, 2, 290, '2015-09-10 19:53:05', '2015-09-10 19:53:05'),
(181, 22, 170, 2, 291, '2015-09-10 19:53:05', '2015-09-10 19:53:05'),
(182, 22, 167, 2, 292, '2015-09-10 19:53:05', '2015-09-10 19:53:05'),
(183, 22, 187, 2, 293, '2015-09-10 19:53:05', '2015-09-10 19:53:05'),
(184, 22, 188, 2, 294, '2015-09-10 19:53:05', '2015-09-10 19:53:05'),
(185, 22, 174, 2, 295, '2015-09-10 19:53:05', '2015-09-10 19:53:05'),
(186, 22, 166, 2, 296, '2015-09-10 19:53:05', '2015-09-10 19:53:05'),
(187, 22, 177, 2, 297, '2015-09-10 19:53:05', '2015-09-10 19:53:05'),
(188, 16, 176, 2, 298, '2015-09-10 19:53:05', '2015-09-10 19:53:05'),
(189, 22, 189, 2, 299, '2015-09-10 19:53:05', '2015-09-10 19:53:05'),
(190, 22, 200, 2, 300, '2015-09-10 21:32:09', '2015-09-10 21:32:09'),
(191, 22, 192, 2, 301, '2015-09-10 21:32:09', '2015-09-10 21:32:09'),
(192, 22, 202, 2, 302, '2015-09-10 21:32:09', '2015-09-10 21:32:09'),
(193, 22, 203, 2, 303, '2015-09-10 21:32:09', '2015-09-10 21:32:09'),
(194, 22, 197, 2, 304, '2015-09-10 21:32:09', '2015-09-10 21:32:09'),
(195, 22, 190, 2, 305, '2015-09-10 21:32:09', '2015-09-10 21:32:09'),
(196, 22, 195, 2, 306, '2015-09-10 21:32:09', '2015-09-10 21:32:09'),
(197, 22, 193, 2, 307, '2015-09-10 21:32:09', '2015-09-10 21:32:09'),
(198, 22, 198, 2, 308, '2015-09-10 21:32:09', '2015-09-10 21:32:09'),
(199, 22, 204, 2, 309, '2015-09-10 21:32:09', '2015-09-10 21:32:09'),
(200, 22, 196, 2, 310, '2015-09-10 21:32:09', '2015-09-10 21:32:09'),
(201, 22, 201, 2, 311, '2015-09-10 21:32:09', '2015-09-10 21:32:09'),
(202, 22, 194, 2, 312, '2015-09-10 21:32:09', '2015-09-10 21:32:09'),
(203, 22, 191, 2, 313, '2015-09-10 21:32:09', '2015-09-10 21:32:09'),
(204, 22, 199, 2, 314, '2015-09-10 21:32:09', '2015-09-10 21:32:09'),
(205, 22, 211, 2, 315, '2015-09-10 21:49:36', '2015-09-10 21:49:36'),
(206, 22, 212, 2, 316, '2015-09-10 21:49:36', '2015-09-10 21:49:36'),
(207, 22, 208, 2, 317, '2015-09-10 21:49:36', '2015-09-11 18:53:41'),
(208, 22, 206, 2, 318, '2015-09-10 21:49:36', '2015-09-11 18:53:41'),
(209, 22, 210, 2, 319, '2015-09-10 21:49:36', '2015-09-11 18:53:41'),
(210, 22, 205, 2, 320, '2015-09-10 21:49:36', '2015-09-11 18:53:41'),
(211, 22, 209, 2, 321, '2015-09-10 21:49:36', '2015-09-10 21:49:36'),
(212, 22, 207, 2, 322, '2015-09-10 21:49:36', '2015-09-10 21:49:36'),
(213, 18, 219, 2, 323, '2015-09-10 21:56:39', '2015-09-10 21:56:39'),
(214, 22, 218, 2, 324, '2015-09-10 21:56:39', '2015-09-10 21:56:39'),
(215, 22, 221, 2, 325, '2015-09-10 21:56:39', '2015-09-10 21:56:39'),
(216, 22, 213, 2, 326, '2015-09-10 21:56:39', '2015-09-10 21:56:39'),
(217, 22, 216, 2, 327, '2015-09-10 21:56:39', '2015-09-10 21:56:39'),
(218, 22, 220, 2, 328, '2015-09-10 21:56:39', '2015-09-10 21:56:39'),
(219, 22, 217, 2, 329, '2015-09-10 21:56:39', '2015-09-10 21:56:39'),
(220, 22, 214, 2, 330, '2015-09-10 21:56:39', '2015-09-10 21:56:39'),
(221, 22, 215, 2, 331, '2015-09-10 21:56:39', '2015-09-10 21:56:39'),
(222, 22, 226, 2, 332, '2015-09-10 22:39:44', '2015-09-10 22:39:44'),
(223, 22, 224, 2, 333, '2015-09-10 22:39:44', '2015-09-10 22:39:44'),
(224, 22, 223, 2, 334, '2015-09-10 22:39:44', '2015-09-10 22:39:44'),
(225, 22, 227, 2, 335, '2015-09-10 22:39:44', '2015-09-10 22:39:44'),
(226, 22, 225, 2, 336, '2015-09-10 22:39:44', '2015-09-10 22:39:44'),
(227, 22, 222, 2, 337, '2015-09-10 22:39:44', '2015-09-10 22:39:44'),
(228, 22, 248, 2, 338, '2015-09-10 22:58:54', '2015-09-10 22:58:54'),
(229, 22, 230, 2, 339, '2015-09-10 22:58:54', '2015-09-10 22:58:54'),
(230, 22, 235, 2, 340, '2015-09-10 22:58:54', '2015-09-10 22:58:54'),
(231, 22, 241, 2, 341, '2015-09-10 22:58:54', '2015-09-10 22:58:54'),
(232, 22, 242, 2, 342, '2015-09-10 22:58:54', '2015-09-10 22:58:54'),
(233, 22, 234, 2, 343, '2015-09-10 22:58:54', '2015-09-10 22:58:54'),
(234, 22, 231, 2, 344, '2015-09-10 22:58:54', '2015-09-10 22:58:54'),
(235, 22, 233, 2, 345, '2015-09-10 22:58:54', '2015-09-10 22:58:54'),
(236, 22, 244, 2, 346, '2015-09-10 22:58:54', '2015-09-10 22:58:54'),
(237, 22, 238, 2, 347, '2015-09-10 22:58:54', '2015-09-10 22:58:54'),
(238, 22, 240, 2, 348, '2015-09-10 22:58:54', '2015-09-10 22:58:54'),
(239, 14, 250, 2, 349, '2015-09-10 22:58:54', '2015-09-10 22:58:54'),
(240, 22, 251, 2, 350, '2015-09-10 22:58:54', '2015-09-10 22:58:54'),
(241, 22, 239, 2, 351, '2015-09-10 22:58:54', '2015-09-10 22:58:54'),
(242, 22, 246, 2, 352, '2015-09-10 22:58:54', '2015-09-10 22:58:54'),
(243, 22, 247, 2, 353, '2015-09-10 22:58:54', '2015-09-10 22:58:54'),
(244, 22, 245, 2, 354, '2015-09-10 22:58:54', '2015-09-10 22:58:54'),
(245, 22, 236, 2, 355, '2015-09-10 22:58:54', '2015-09-10 22:58:54'),
(246, 22, 237, 2, 356, '2015-09-10 22:58:54', '2015-09-10 22:58:54'),
(247, 22, 229, 2, 357, '2015-09-10 22:58:54', '2015-09-10 22:58:54'),
(248, 22, 228, 2, 358, '2015-09-10 22:58:54', '2015-09-10 22:58:54'),
(249, 14, 249, 2, 359, '2015-09-10 22:58:54', '2015-09-10 22:58:54'),
(250, 22, 243, 2, 360, '2015-09-10 22:58:54', '2015-09-10 22:58:54'),
(251, 14, 232, 2, 361, '2015-09-10 22:58:54', '2015-09-10 22:58:54'),
(252, 22, 255, 2, 362, '2015-09-11 01:40:35', '2015-09-11 01:40:35'),
(253, 22, 256, 2, 363, '2015-09-11 01:40:35', '2015-09-11 01:40:35'),
(254, 22, 252, 2, 364, '2015-09-11 01:40:35', '2015-09-11 01:40:35'),
(255, 22, 254, 2, 365, '2015-09-11 01:40:35', '2015-09-11 01:40:35'),
(256, 22, 253, 2, 366, '2015-09-11 01:40:35', '2015-09-11 01:40:35'),
(257, 22, 258, 2, 367, '2015-09-11 01:49:53', '2015-09-11 01:49:53'),
(258, 22, 266, 2, 368, '2015-09-11 01:49:53', '2015-09-11 01:49:53'),
(259, 22, 257, 2, 369, '2015-09-11 01:49:53', '2015-09-11 01:49:53'),
(260, 22, 260, 2, 370, '2015-09-11 01:49:53', '2015-09-11 01:49:53'),
(261, 22, 259, 2, 371, '2015-09-11 01:49:53', '2015-09-11 01:49:53'),
(262, 22, 265, 2, 372, '2015-09-11 01:49:53', '2015-09-11 01:49:53'),
(263, 22, 261, 2, 373, '2015-09-11 01:49:53', '2015-09-11 01:49:53'),
(264, 22, 264, 2, 374, '2015-09-11 01:49:53', '2015-09-11 01:49:53'),
(265, 22, 263, 2, 375, '2015-09-11 01:49:53', '2015-09-11 01:49:53'),
(266, 22, 262, 2, 376, '2015-09-11 01:49:53', '2015-09-11 01:49:53'),
(267, 22, 267, 2, 377, '2015-09-11 03:19:29', '2015-09-11 03:19:29'),
(268, 22, 268, 2, 378, '2015-09-11 03:19:29', '2015-09-11 03:19:29'),
(269, 22, 269, 2, 379, '2015-09-11 03:19:29', '2015-09-11 03:19:29'),
(270, 22, 270, 2, 380, '2015-09-11 03:19:29', '2015-09-11 03:19:29'),
(271, 22, 271, 2, 382, '2015-09-11 03:19:29', '2015-09-11 03:19:29'),
(272, 22, 272, 2, 383, '2015-09-11 03:19:29', '2015-09-11 03:19:29'),
(273, 22, 273, 2, 384, '2015-09-11 03:19:29', '2015-09-11 03:19:29'),
(274, 22, 274, 2, 385, '2015-09-11 03:19:29', '2015-09-11 03:19:29'),
(275, 22, 275, 2, 386, '2015-09-11 03:19:29', '2015-09-11 18:55:19'),
(276, 22, 284, 2, 387, '2015-09-11 05:00:20', '2015-09-11 05:00:20'),
(277, 22, 278, 2, 388, '2015-09-11 05:00:20', '2015-09-11 05:00:20'),
(278, 22, 279, 2, 389, '2015-09-11 05:00:20', '2015-09-11 05:00:20'),
(279, 22, 281, 2, 393, '2015-09-11 05:00:20', '2015-09-11 05:00:20'),
(280, 22, 283, 2, 391, '2015-09-11 05:00:20', '2015-09-11 05:00:20'),
(281, 22, 280, 2, 392, '2015-09-11 05:00:20', '2015-09-11 05:00:20'),
(282, 22, 282, 2, 394, '2015-09-11 05:00:20', '2015-09-11 05:00:20'),
(283, 22, 276, 2, 395, '2015-09-11 05:00:20', '2015-09-11 05:00:20'),
(284, 22, 277, 2, 396, '2015-09-11 05:00:20', '2015-09-11 05:46:19'),
(285, 13, 285, 2, 397, '2015-09-11 14:57:52', '2015-09-11 14:57:52'),
(286, 22, 286, 2, 398, '2015-09-11 14:57:52', '2015-09-11 14:57:52'),
(287, 22, 287, 2, 399, '2015-09-11 14:57:52', '2015-09-11 14:57:52'),
(288, 22, 292, 2, 400, '2015-09-11 14:57:52', '2015-09-11 14:57:52'),
(289, 22, 293, 2, 401, '2015-09-11 14:57:52', '2015-09-11 14:57:52'),
(290, 22, 291, 2, 402, '2015-09-11 14:57:52', '2015-09-11 14:57:52'),
(291, 22, 288, 2, 403, '2015-09-11 14:57:52', '2015-09-11 14:57:52'),
(292, 22, 289, 2, 404, '2015-09-11 14:57:52', '2015-09-11 14:57:52'),
(293, 22, 290, 2, 405, '2015-09-11 14:57:52', '2015-09-11 14:57:52'),
(294, 22, 307, 2, 406, '2015-09-11 15:56:39', '2015-09-11 15:56:39'),
(295, 22, 302, 2, 407, '2015-09-11 15:56:39', '2015-09-11 15:56:39'),
(296, 22, 301, 2, 408, '2015-09-11 15:56:39', '2015-09-11 15:56:39'),
(297, 22, 303, 2, 409, '2015-09-11 15:56:39', '2015-09-11 15:56:39'),
(298, 22, 304, 2, 410, '2015-09-11 15:56:39', '2015-09-11 15:56:39'),
(299, 22, 296, 2, 411, '2015-09-11 15:56:39', '2015-09-11 15:56:39'),
(300, 22, 295, 2, 412, '2015-09-11 15:56:39', '2015-09-11 15:56:39'),
(301, 22, 297, 2, 413, '2015-09-11 15:56:39', '2015-09-11 15:56:39'),
(302, 22, 298, 2, 414, '2015-09-11 15:56:39', '2015-09-11 15:56:39'),
(303, 22, 306, 2, 415, '2015-09-11 15:56:39', '2015-09-11 15:56:39'),
(304, 22, 305, 2, 416, '2015-09-11 15:56:39', '2015-09-11 15:56:39'),
(305, 22, 294, 2, 417, '2015-09-11 15:56:39', '2015-09-11 15:56:39'),
(306, 22, 300, 2, 418, '2015-09-11 15:56:39', '2015-09-11 15:56:39'),
(307, 22, 312, 2, 419, '2015-09-11 16:02:07', '2015-09-11 16:02:07'),
(308, 22, 315, 2, 420, '2015-09-11 16:02:07', '2015-09-11 16:02:07'),
(309, 22, 308, 2, 421, '2015-09-11 16:02:07', '2015-09-11 16:02:07'),
(310, 22, 310, 2, 422, '2015-09-11 16:02:07', '2015-09-11 16:02:07'),
(311, 22, 309, 2, 423, '2015-09-11 16:02:07', '2015-09-11 16:02:07'),
(312, 22, 311, 2, 424, '2015-09-11 16:02:07', '2015-09-11 16:02:07'),
(313, 22, 313, 2, 425, '2015-09-11 16:02:07', '2015-09-11 16:02:07'),
(314, 22, 314, 2, 426, '2015-09-11 16:02:07', '2015-09-11 16:02:07'),
(315, 22, 316, 2, 427, '2015-09-11 16:08:37', '2015-09-11 16:08:37'),
(316, 22, 317, 2, 428, '2015-09-11 16:08:37', '2015-09-11 16:08:37'),
(317, 22, 322, 2, 429, '2015-09-11 16:08:37', '2015-09-11 16:08:37'),
(318, 22, 326, 2, 430, '2015-09-11 16:08:37', '2015-09-11 16:08:37'),
(319, 22, 321, 2, 431, '2015-09-11 16:08:37', '2015-09-11 16:08:37'),
(320, 22, 318, 2, 432, '2015-09-11 16:08:37', '2015-09-11 16:08:37'),
(321, 22, 319, 2, 433, '2015-09-11 16:08:37', '2015-09-11 16:08:37'),
(322, 22, 327, 2, 434, '2015-09-11 16:08:37', '2015-09-11 16:08:37'),
(323, 22, 328, 2, 435, '2015-09-11 16:08:37', '2015-09-11 16:08:37'),
(324, 22, 323, 2, 436, '2015-09-11 16:08:37', '2015-09-11 16:08:37'),
(325, 22, 324, 2, 437, '2015-09-11 16:08:37', '2015-09-11 16:08:37'),
(326, 22, 325, 2, 438, '2015-09-11 16:08:37', '2015-09-11 16:08:37'),
(327, 22, 320, 2, 439, '2015-09-11 16:08:37', '2015-09-11 16:08:37'),
(328, 22, 329, 2, 440, '2015-09-11 16:18:39', '2015-09-11 16:18:39'),
(329, 22, 333, 2, 441, '2015-09-11 16:18:39', '2015-09-11 16:18:39'),
(330, 22, 335, 2, 442, '2015-09-11 16:18:39', '2015-09-11 16:18:39'),
(331, 22, 337, 2, 443, '2015-09-11 16:18:39', '2015-09-11 16:18:39'),
(332, 22, 334, 2, 444, '2015-09-11 16:18:39', '2015-09-11 16:18:39'),
(333, 22, 339, 2, 445, '2015-09-11 16:18:39', '2015-09-11 16:18:39'),
(334, 22, 332, 2, 446, '2015-09-11 16:18:39', '2015-09-11 16:18:39'),
(335, 22, 331, 2, 447, '2015-09-11 16:18:39', '2015-09-11 16:18:39'),
(336, 22, 336, 2, 448, '2015-09-11 16:18:39', '2015-09-11 16:18:39'),
(337, 22, 338, 2, 449, '2015-09-11 16:18:39', '2015-09-11 16:18:39'),
(338, 22, 330, 2, 450, '2015-09-11 16:18:39', '2015-09-11 16:18:39'),
(339, 22, 341, 2, 451, '2015-09-11 16:25:05', '2015-09-11 16:25:05'),
(340, 22, 343, 2, 452, '2015-09-11 16:25:05', '2015-09-11 16:25:05'),
(341, 22, 344, 2, 453, '2015-09-11 16:25:05', '2015-09-11 16:25:05'),
(342, 22, 345, 2, 454, '2015-09-11 16:25:05', '2015-09-11 16:25:05'),
(343, 22, 340, 2, 455, '2015-09-11 16:25:05', '2015-09-11 16:25:05'),
(344, 22, 342, 2, 456, '2015-09-11 16:25:05', '2015-09-11 16:25:05'),
(345, 22, 350, 2, 457, '2015-09-11 16:52:32', '2015-09-11 16:52:32'),
(346, 22, 348, 2, 458, '2015-09-11 16:52:32', '2015-09-11 16:52:32'),
(347, 22, 346, 2, 459, '2015-09-11 16:52:32', '2015-09-11 16:52:32'),
(348, 22, 351, 2, 460, '2015-09-11 16:52:32', '2015-09-11 16:52:32'),
(349, 22, 347, 2, 461, '2015-09-11 16:52:32', '2015-09-11 16:52:32'),
(350, 22, 349, 2, 462, '2015-09-11 16:52:32', '2015-09-11 16:52:32'),
(351, 22, 356, 2, 463, '2015-09-11 16:56:31', '2015-09-11 16:56:31'),
(352, 22, 355, 2, 464, '2015-09-11 16:56:31', '2015-09-11 16:56:31'),
(353, 22, 352, 2, 465, '2015-09-11 16:56:31', '2015-09-11 16:56:31'),
(354, 22, 354, 2, 466, '2015-09-11 16:56:31', '2015-09-11 16:56:31'),
(355, 22, 353, 2, 467, '2015-09-11 16:56:31', '2015-09-11 16:56:31'),
(356, 22, 358, 2, 468, '2015-09-11 16:56:31', '2015-09-11 16:56:31'),
(357, 22, 357, 2, 469, '2015-09-11 16:56:31', '2015-09-11 16:56:31'),
(358, 22, 359, 2, 470, '2015-09-11 16:58:07', '2015-09-11 16:58:07'),
(359, 22, 360, 2, 471, '2015-09-11 16:58:07', '2015-09-11 16:58:07'),
(360, 22, 299, 2, 390, '2015-09-11 19:34:32', '2015-09-11 19:35:02');

-- --------------------------------------------------------

--
-- Table structure for table `governors`
--

CREATE TABLE IF NOT EXISTS `governors` (
  `governor_id` int(10) unsigned NOT NULL AUTO_INCREMENT,
  `status` int(10) unsigned NOT NULL DEFAULT '1',
  `state_id` int(10) unsigned NOT NULL,
  `user_id` int(10) unsigned NOT NULL,
  `created_at` timestamp NOT NULL DEFAULT '0000-00-00 00:00:00',
  `updated_at` timestamp NOT NULL DEFAULT '0000-00-00 00:00:00',
  PRIMARY KEY (`governor_id`),
  KEY `governors_state_id_index` (`state_id`),
  KEY `governors_user_id_index` (`user_id`)
) ENGINE=InnoDB  DEFAULT CHARSET=utf8 COLLATE=utf8_unicode_ci AUTO_INCREMENT=37 ;

--
-- Dumping data for table `governors`
--

INSERT INTO `governors` (`governor_id`, `status`, `state_id`, `user_id`, `created_at`, `updated_at`) VALUES
(1, 1, 1, 473, '2015-10-09 10:15:35', '2015-10-09 10:15:35'),
(2, 1, 2, 474, '2015-10-09 10:15:35', '2015-10-09 10:21:30'),
(3, 1, 3, 475, '2015-10-09 10:15:35', '2015-10-09 10:21:30'),
(4, 1, 4, 477, '2015-10-09 10:21:30', '2015-10-09 10:21:30'),
(5, 1, 5, 476, '2015-10-09 10:21:30', '2015-10-09 10:21:30'),
(6, 1, 6, 480, '2015-10-09 10:21:30', '2015-10-09 10:34:25'),
(7, 1, 7, 478, '2015-10-09 10:21:30', '2015-10-09 10:34:25'),
(8, 1, 8, 479, '2015-10-09 10:21:30', '2015-10-09 10:34:25'),
(9, 1, 9, 481, '2015-10-09 10:21:30', '2015-10-09 10:34:25'),
(10, 1, 10, 482, '2015-10-09 10:21:30', '2015-10-09 10:34:25'),
(11, 1, 11, 483, '2015-10-09 10:25:14', '2015-10-09 10:34:26'),
(12, 1, 12, 484, '2015-10-09 10:25:14', '2015-10-09 10:34:26'),
(13, 1, 13, 485, '2015-10-09 10:25:14', '2015-10-09 10:34:26'),
(14, 1, 14, 486, '2015-10-09 10:25:14', '2015-10-09 10:34:26'),
(15, 1, 16, 487, '2015-10-09 10:25:14', '2015-10-09 10:34:26'),
(16, 1, 17, 488, '2015-10-09 10:25:14', '2015-10-09 10:34:26'),
(17, 1, 18, 489, '2015-10-09 10:25:15', '2015-10-09 10:34:26'),
(18, 1, 19, 490, '2015-10-09 10:25:15', '2015-10-09 10:34:26'),
(19, 1, 20, 491, '2015-10-09 10:25:15', '2015-10-09 10:34:26'),
(20, 1, 21, 492, '2015-10-09 10:25:15', '2015-10-09 10:34:26'),
(21, 1, 22, 493, '2015-10-09 10:28:00', '2015-10-09 10:34:26'),
(22, 1, 23, 494, '2015-10-09 10:28:00', '2015-10-09 10:34:26'),
(23, 1, 24, 495, '2015-10-09 10:28:00', '2015-10-09 10:34:26'),
(24, 1, 25, 496, '2015-10-09 10:28:00', '2015-10-09 10:34:26'),
(25, 1, 26, 497, '2015-10-09 10:28:00', '2015-10-09 10:34:26'),
(26, 1, 27, 498, '2015-10-09 10:28:00', '2015-10-09 10:34:26'),
(27, 1, 28, 499, '2015-10-09 10:28:00', '2015-10-09 10:34:26'),
(28, 1, 29, 500, '2015-10-09 10:28:00', '2015-10-09 10:34:26'),
(29, 1, 30, 501, '2015-10-09 10:28:00', '2015-10-09 10:34:27'),
(30, 1, 31, 502, '2015-10-09 10:34:27', '2015-10-09 10:34:27'),
(31, 1, 32, 503, '2015-10-09 10:34:27', '2015-10-09 10:34:27'),
(32, 1, 33, 504, '2015-10-09 10:34:27', '2015-10-09 10:34:27'),
(33, 1, 34, 505, '2015-10-09 10:34:27', '2015-10-09 10:34:27'),
(34, 1, 35, 506, '2015-10-09 10:34:27', '2015-10-09 10:34:27'),
(35, 1, 36, 507, '2015-10-09 10:34:27', '2015-10-09 10:34:27'),
(36, 1, 37, 508, '2015-10-09 10:34:27', '2015-10-09 10:34:27');

-- --------------------------------------------------------

--
-- Table structure for table `hansard_roll_calls`
--

CREATE TABLE IF NOT EXISTS `hansard_roll_calls` (
  `hansard_id` int(10) unsigned NOT NULL,
  `user_id` int(10) unsigned NOT NULL,
  KEY `hansard_roll_calls_hansard_id_index` (`hansard_id`),
  KEY `hansard_roll_calls_user_id_index` (`user_id`)
) ENGINE=InnoDB DEFAULT CHARSET=utf8 COLLATE=utf8_unicode_ci;

-- --------------------------------------------------------

--
-- Table structure for table `hansards`
--

CREATE TABLE IF NOT EXISTS `hansards` (
  `hansard_id` int(10) unsigned NOT NULL AUTO_INCREMENT,
  `volume` int(10) unsigned NOT NULL,
  `date` timestamp NOT NULL DEFAULT '0000-00-00 00:00:00',
  `number` int(10) unsigned NOT NULL,
  `house_id` int(10) unsigned NOT NULL,
  `user_id` int(10) unsigned NOT NULL,
  `session` varchar(255) COLLATE utf8_unicode_ci NOT NULL,
  `upload_url` varchar(255) COLLATE utf8_unicode_ci NOT NULL,
  `created_at` timestamp NOT NULL DEFAULT '0000-00-00 00:00:00',
  `updated_at` timestamp NOT NULL DEFAULT '0000-00-00 00:00:00',
  PRIMARY KEY (`hansard_id`)
) ENGINE=InnoDB  DEFAULT CHARSET=utf8 COLLATE=utf8_unicode_ci AUTO_INCREMENT=26 ;

--
-- Dumping data for table `hansards`
--

INSERT INTO `hansards` (`hansard_id`, `volume`, `date`, `number`, `house_id`, `user_id`, `session`, `upload_url`, `created_at`, `updated_at`) VALUES
(1, 1, '2015-06-10 03:26:18', 1, 2, 2, '1st Session', '1_upload.pdf', '2015-09-30 03:26:18', '2015-09-30 03:26:20'),
(2, 1, '2015-06-09 15:44:51', 1, 1, 2, '1st Session', '2_upload.pdf', '2015-09-30 15:44:51', '2015-09-30 15:44:52'),
(3, 5, '2015-06-03 16:23:01', 36, 2, 2, '4th Session', '3_upload.pdf', '2015-09-30 15:47:59', '2015-09-30 16:23:01'),
(4, 6, '2015-06-02 16:23:29', 35, 2, 2, '4th Session', '4_upload.pdf', '2015-09-30 15:51:14', '2015-09-30 16:23:29'),
(5, 6, '2015-05-21 15:54:58', 32, 2, 2, '4th Session', '5_upload.pdf', '2015-09-30 15:54:58', '2015-09-30 15:55:00'),
(6, 1, '2015-05-21 15:59:27', 68, 1, 2, '4th Session', '6_upload.pdf', '2015-09-30 15:59:27', '2015-09-30 15:59:28'),
(7, 1, '2015-05-20 16:01:32', 68, 1, 2, '4th Session', '7_upload.pdf', '2015-09-30 16:01:32', '2015-09-30 16:01:33'),
(8, 6, '2015-05-19 16:07:15', 30, 2, 2, '4th Session', '8_upload.pdf', '2015-09-30 16:07:15', '2015-09-30 16:07:16'),
(9, 2, '2015-05-19 16:09:24', 67, 1, 2, '4th Session', '9_upload.pdf', '2015-09-30 16:09:24', '2015-09-30 16:09:25'),
(10, 2, '2015-05-14 16:15:28', 66, 1, 2, '4th Session', '10_upload.pdf', '2015-09-30 16:15:28', '2015-09-30 16:15:29'),
(11, 6, '2015-05-13 16:18:23', 28, 2, 2, '4th Session', '11_upload.pdf', '2015-09-30 16:18:23', '2015-09-30 16:18:24'),
(12, 2, '2015-05-13 16:20:00', 65, 1, 2, '4th Session', '12_upload.pdf', '2015-09-30 16:20:00', '2015-09-30 16:20:01'),
(13, 6, '2015-05-12 19:43:23', 27, 2, 2, '4th Session', '13_upload.pdf', '2015-09-30 19:35:24', '2015-09-30 19:43:24'),
(14, 2, '2015-05-12 19:40:40', 64, 1, 2, '4th Session', '14_upload.pdf', '2015-09-30 19:40:40', '2015-09-30 19:40:41'),
(15, 6, '2015-05-07 19:50:38', 26, 2, 2, '4th Session', '15_upload.pdf', '2015-09-30 19:50:38', '2015-09-30 19:50:39'),
(16, 2, '2015-05-07 19:53:43', 63, 1, 2, '4th Session', '16_upload.pdf', '2015-09-30 19:53:43', '2015-09-30 19:53:44'),
(17, 6, '2015-05-06 19:55:38', 25, 2, 2, '4th Session', '17_upload.pdf', '2015-09-30 19:55:38', '2015-09-30 19:55:38'),
(18, 2, '2015-05-06 21:23:30', 62, 1, 2, '4th Session', '18_upload.pdf', '2015-09-30 21:23:30', '2015-09-30 21:23:31'),
(19, 6, '2015-05-05 21:45:58', 24, 2, 2, '4th Session', '19_upload.pdf', '2015-09-30 21:45:58', '2015-09-30 21:45:59'),
(20, 2, '2015-05-05 22:39:39', 61, 1, 2, '4th Session', '20_upload.pdf', '2015-09-30 22:39:39', '2015-09-30 22:39:40'),
(21, 1, '2015-04-28 22:40:50', 60, 1, 2, '4th Session', '21_upload.pdf', '2015-09-30 22:40:50', '2015-09-30 22:40:51'),
(22, 1, '2015-04-23 22:42:33', 59, 1, 2, '4th Session', '22_upload.pdf', '2015-09-30 22:42:33', '2015-09-30 22:42:34'),
(23, 1, '2015-04-22 22:43:53', 58, 1, 2, '4th Session', '23_upload.pdf', '2015-09-30 22:43:53', '2015-09-30 22:43:54'),
(24, 1, '2015-04-21 22:44:40', 57, 1, 2, '4th Session', '24_upload.pdf', '2015-09-30 22:44:40', '2015-09-30 22:44:41'),
(25, 1, '2015-04-16 22:47:37', 56, 1, 2, '4th Session', '25_upload.pdf', '2015-09-30 22:47:37', '2015-09-30 22:47:38');

-- --------------------------------------------------------

--
-- Table structure for table `hoppers`
--

CREATE TABLE IF NOT EXISTS `hoppers` (
  `hopper_id` int(10) unsigned NOT NULL AUTO_INCREMENT,
  `bill_id` int(11) NOT NULL,
  `created_at` timestamp NOT NULL DEFAULT '0000-00-00 00:00:00',
  `updated_at` timestamp NOT NULL DEFAULT '0000-00-00 00:00:00',
  PRIMARY KEY (`hopper_id`)
) ENGINE=InnoDB DEFAULT CHARSET=utf8 COLLATE=utf8_unicode_ci AUTO_INCREMENT=1 ;

-- --------------------------------------------------------

--
-- Table structure for table `houses`
--

CREATE TABLE IF NOT EXISTS `houses` (
  `house_id` int(10) unsigned NOT NULL AUTO_INCREMENT,
  `house` varchar(255) COLLATE utf8_unicode_ci NOT NULL,
  `user_type_id` int(10) unsigned NOT NULL,
  `status` int(3) NOT NULL DEFAULT '0',
  `created_at` timestamp NOT NULL DEFAULT '0000-00-00 00:00:00',
  `updated_at` timestamp NOT NULL DEFAULT '0000-00-00 00:00:00',
  PRIMARY KEY (`house_id`),
  KEY `houses_user_type_id_index` (`user_type_id`)
) ENGINE=InnoDB  DEFAULT CHARSET=utf8 COLLATE=utf8_unicode_ci AUTO_INCREMENT=12 ;

--
-- Dumping data for table `houses`
--

INSERT INTO `houses` (`house_id`, `house`, `user_type_id`, `status`, `created_at`, `updated_at`) VALUES
(1, '8th Senate', 3, 1, '2015-09-05 22:44:24', '2015-09-05 22:44:24'),
(2, '8th House', 4, 1, '2015-09-05 22:44:24', '2015-09-05 22:44:24'),
(3, '7th Senate', 3, 0, '2015-09-08 15:45:21', '2015-09-08 15:45:21'),
(4, '7th House', 4, 0, '2015-09-08 15:45:21', '2015-09-08 15:45:21'),
(5, '6th Senate', 3, 0, '2015-09-28 16:28:31', '2015-09-28 16:28:31'),
(6, '6th House', 4, 0, '2015-09-28 16:28:31', '2015-09-28 16:28:31'),
(7, '5th Senate', 3, 0, '2015-09-30 16:35:36', '2015-09-30 16:35:36'),
(8, '5th House', 4, 0, '2015-09-30 16:35:36', '2015-09-30 16:35:36'),
(9, '4th Senate', 3, 0, '2015-09-30 16:35:36', '2015-09-30 16:35:36'),
(10, '4th House', 4, 0, '2015-09-30 16:35:36', '2015-09-30 16:35:36'),
(11, '8th House', 5, 1, '2015-10-27 16:23:26', '2015-10-27 16:23:26');

-- --------------------------------------------------------

--
-- Table structure for table `lgas`
--

CREATE TABLE IF NOT EXISTS `lgas` (
  `lga_id` int(10) unsigned NOT NULL AUTO_INCREMENT,
  `lga` varchar(255) COLLATE utf8_unicode_ci NOT NULL,
  `state_id` int(10) unsigned NOT NULL,
  `created_at` timestamp NOT NULL DEFAULT '0000-00-00 00:00:00',
  `updated_at` timestamp NOT NULL DEFAULT '0000-00-00 00:00:00',
  PRIMARY KEY (`lga_id`),
  KEY `lgas_state_id_index` (`state_id`)
) ENGINE=InnoDB  DEFAULT CHARSET=utf8 COLLATE=utf8_unicode_ci AUTO_INCREMENT=775 ;

--
-- Dumping data for table `lgas`
--

INSERT INTO `lgas` (`lga_id`, `lga`, `state_id`, `created_at`, `updated_at`) VALUES
(1, 'Aba North', 1, '0000-00-00 00:00:00', '0000-00-00 00:00:00'),
(2, 'Aba South', 1, '0000-00-00 00:00:00', '0000-00-00 00:00:00'),
(3, 'Arochukwu', 1, '0000-00-00 00:00:00', '0000-00-00 00:00:00'),
(4, 'Bende', 1, '0000-00-00 00:00:00', '0000-00-00 00:00:00'),
(5, 'Ikwuano', 1, '0000-00-00 00:00:00', '0000-00-00 00:00:00'),
(6, 'Isiala Ngwa North', 1, '0000-00-00 00:00:00', '0000-00-00 00:00:00'),
(7, 'Isiala Ngwa South', 1, '0000-00-00 00:00:00', '0000-00-00 00:00:00'),
(8, 'Isuikwuato', 1, '0000-00-00 00:00:00', '0000-00-00 00:00:00'),
(9, 'Obi Ngwa', 1, '0000-00-00 00:00:00', '0000-00-00 00:00:00'),
(10, 'Ohafia', 1, '0000-00-00 00:00:00', '0000-00-00 00:00:00'),
(11, 'Osisioma', 1, '0000-00-00 00:00:00', '0000-00-00 00:00:00'),
(12, 'Ugwunagbo', 1, '0000-00-00 00:00:00', '0000-00-00 00:00:00'),
(13, 'Ukwa East', 1, '0000-00-00 00:00:00', '0000-00-00 00:00:00'),
(14, 'Ukwa West', 1, '0000-00-00 00:00:00', '0000-00-00 00:00:00'),
(15, 'Umuahia North', 1, '0000-00-00 00:00:00', '0000-00-00 00:00:00'),
(16, 'Umuahia South', 1, '0000-00-00 00:00:00', '0000-00-00 00:00:00'),
(17, 'Umu Nneochi', 1, '0000-00-00 00:00:00', '0000-00-00 00:00:00'),
(18, 'Demsa', 2, '0000-00-00 00:00:00', '0000-00-00 00:00:00'),
(19, 'Fufure', 2, '0000-00-00 00:00:00', '0000-00-00 00:00:00'),
(20, 'Ganye', 2, '0000-00-00 00:00:00', '0000-00-00 00:00:00'),
(21, 'Gayuk', 2, '0000-00-00 00:00:00', '0000-00-00 00:00:00'),
(22, 'Gombi', 2, '0000-00-00 00:00:00', '0000-00-00 00:00:00'),
(23, 'Grie', 2, '0000-00-00 00:00:00', '0000-00-00 00:00:00'),
(24, 'Hong', 2, '0000-00-00 00:00:00', '0000-00-00 00:00:00'),
(25, 'Jada', 2, '0000-00-00 00:00:00', '0000-00-00 00:00:00'),
(26, 'Larmurde', 2, '0000-00-00 00:00:00', '0000-00-00 00:00:00'),
(27, 'Madagali', 2, '0000-00-00 00:00:00', '0000-00-00 00:00:00'),
(28, 'Maiha', 2, '0000-00-00 00:00:00', '0000-00-00 00:00:00'),
(29, 'Mayo Belwa', 2, '0000-00-00 00:00:00', '0000-00-00 00:00:00'),
(30, 'Michika', 2, '0000-00-00 00:00:00', '0000-00-00 00:00:00'),
(31, 'Mubi North', 2, '0000-00-00 00:00:00', '0000-00-00 00:00:00'),
(32, 'Mubi South', 2, '0000-00-00 00:00:00', '0000-00-00 00:00:00'),
(33, 'Numan', 2, '0000-00-00 00:00:00', '0000-00-00 00:00:00'),
(34, 'Shelleng', 2, '0000-00-00 00:00:00', '0000-00-00 00:00:00'),
(35, 'Song', 2, '0000-00-00 00:00:00', '0000-00-00 00:00:00'),
(36, 'Toungo', 2, '0000-00-00 00:00:00', '0000-00-00 00:00:00'),
(37, 'Yola North', 2, '0000-00-00 00:00:00', '0000-00-00 00:00:00'),
(38, 'Yola South', 2, '0000-00-00 00:00:00', '0000-00-00 00:00:00'),
(39, 'Abak', 3, '0000-00-00 00:00:00', '0000-00-00 00:00:00'),
(40, 'Eastern Obolo', 3, '0000-00-00 00:00:00', '0000-00-00 00:00:00'),
(41, 'Eket', 3, '0000-00-00 00:00:00', '0000-00-00 00:00:00'),
(42, 'Esit Eket', 3, '0000-00-00 00:00:00', '0000-00-00 00:00:00'),
(43, 'Essien Udim', 3, '0000-00-00 00:00:00', '0000-00-00 00:00:00'),
(44, 'Etim Ekpo', 3, '0000-00-00 00:00:00', '0000-00-00 00:00:00'),
(45, 'Etinan', 3, '0000-00-00 00:00:00', '0000-00-00 00:00:00'),
(46, 'Ibeno', 3, '0000-00-00 00:00:00', '0000-00-00 00:00:00'),
(47, 'Ibesikpo Asutan', 3, '0000-00-00 00:00:00', '0000-00-00 00:00:00'),
(48, 'Ibiono-Ibom', 3, '0000-00-00 00:00:00', '0000-00-00 00:00:00'),
(49, 'Ika', 3, '0000-00-00 00:00:00', '0000-00-00 00:00:00'),
(50, 'Ikono', 3, '0000-00-00 00:00:00', '0000-00-00 00:00:00'),
(51, 'Ikot Abasi', 3, '0000-00-00 00:00:00', '0000-00-00 00:00:00'),
(52, 'Ikot Ekpene', 3, '0000-00-00 00:00:00', '0000-00-00 00:00:00'),
(53, 'Ini', 3, '0000-00-00 00:00:00', '0000-00-00 00:00:00'),
(54, 'Itu', 3, '0000-00-00 00:00:00', '0000-00-00 00:00:00'),
(55, 'Mbo', 3, '0000-00-00 00:00:00', '0000-00-00 00:00:00'),
(56, 'Mkpat-Enin', 3, '0000-00-00 00:00:00', '0000-00-00 00:00:00'),
(57, 'Nsit-Atai', 3, '0000-00-00 00:00:00', '0000-00-00 00:00:00'),
(58, 'Nsit-Ibom', 3, '0000-00-00 00:00:00', '0000-00-00 00:00:00'),
(59, 'Nsit-Ubium', 3, '0000-00-00 00:00:00', '0000-00-00 00:00:00'),
(60, 'Obot Akara', 3, '0000-00-00 00:00:00', '0000-00-00 00:00:00'),
(61, 'Okobo', 3, '0000-00-00 00:00:00', '0000-00-00 00:00:00'),
(62, 'Onna', 3, '0000-00-00 00:00:00', '0000-00-00 00:00:00'),
(63, 'Oron', 3, '0000-00-00 00:00:00', '0000-00-00 00:00:00'),
(64, 'Oruk Anam', 3, '0000-00-00 00:00:00', '0000-00-00 00:00:00'),
(65, 'Udung-Uko', 3, '0000-00-00 00:00:00', '0000-00-00 00:00:00'),
(66, 'Ukanafun', 3, '0000-00-00 00:00:00', '0000-00-00 00:00:00'),
(67, 'Uruan', 3, '0000-00-00 00:00:00', '0000-00-00 00:00:00'),
(68, 'Urue-Offong/Oruko', 3, '0000-00-00 00:00:00', '0000-00-00 00:00:00'),
(69, 'Uyo', 3, '0000-00-00 00:00:00', '0000-00-00 00:00:00'),
(70, 'Aguata', 4, '0000-00-00 00:00:00', '0000-00-00 00:00:00'),
(71, 'Anambra East', 4, '0000-00-00 00:00:00', '0000-00-00 00:00:00'),
(72, 'Anambra West', 4, '0000-00-00 00:00:00', '0000-00-00 00:00:00'),
(73, 'Anaocha', 4, '0000-00-00 00:00:00', '0000-00-00 00:00:00'),
(74, 'Awka North', 4, '0000-00-00 00:00:00', '0000-00-00 00:00:00'),
(75, 'Awka South', 4, '0000-00-00 00:00:00', '0000-00-00 00:00:00'),
(76, 'Ayamelum', 4, '0000-00-00 00:00:00', '0000-00-00 00:00:00'),
(77, 'Dunukofia', 4, '0000-00-00 00:00:00', '0000-00-00 00:00:00'),
(78, 'Ekwusigo', 4, '0000-00-00 00:00:00', '0000-00-00 00:00:00'),
(79, 'Idemili North', 4, '0000-00-00 00:00:00', '0000-00-00 00:00:00'),
(80, 'Idemili South', 4, '0000-00-00 00:00:00', '0000-00-00 00:00:00'),
(81, 'Ihiala', 4, '0000-00-00 00:00:00', '0000-00-00 00:00:00'),
(82, 'Njikoka', 4, '0000-00-00 00:00:00', '0000-00-00 00:00:00'),
(83, 'Nnewi North', 4, '0000-00-00 00:00:00', '0000-00-00 00:00:00'),
(84, 'Nnewi South', 4, '0000-00-00 00:00:00', '0000-00-00 00:00:00'),
(85, 'Ogbaru', 4, '0000-00-00 00:00:00', '0000-00-00 00:00:00'),
(86, 'Onitsha North', 4, '0000-00-00 00:00:00', '0000-00-00 00:00:00'),
(87, 'Onitsha South', 4, '0000-00-00 00:00:00', '0000-00-00 00:00:00'),
(88, 'Orumba North', 4, '0000-00-00 00:00:00', '0000-00-00 00:00:00'),
(89, 'Orumba South', 4, '0000-00-00 00:00:00', '0000-00-00 00:00:00'),
(90, 'Oyi', 4, '0000-00-00 00:00:00', '0000-00-00 00:00:00'),
(91, 'Alkaleri', 5, '0000-00-00 00:00:00', '0000-00-00 00:00:00'),
(92, 'Bauchi', 5, '0000-00-00 00:00:00', '0000-00-00 00:00:00'),
(93, 'Bogoro', 5, '0000-00-00 00:00:00', '0000-00-00 00:00:00'),
(94, 'Damban', 5, '0000-00-00 00:00:00', '0000-00-00 00:00:00'),
(95, 'Darazo', 5, '0000-00-00 00:00:00', '0000-00-00 00:00:00'),
(96, 'Dass', 5, '0000-00-00 00:00:00', '0000-00-00 00:00:00'),
(97, 'Gamawa', 5, '0000-00-00 00:00:00', '0000-00-00 00:00:00'),
(98, 'Ganjuwa', 5, '0000-00-00 00:00:00', '0000-00-00 00:00:00'),
(99, 'Giade', 5, '0000-00-00 00:00:00', '0000-00-00 00:00:00'),
(100, 'Itas/Gadau', 5, '0000-00-00 00:00:00', '0000-00-00 00:00:00'),
(101, 'Jama''are', 5, '0000-00-00 00:00:00', '0000-00-00 00:00:00'),
(102, 'Katagum', 5, '0000-00-00 00:00:00', '0000-00-00 00:00:00'),
(103, 'Kirfi', 5, '0000-00-00 00:00:00', '0000-00-00 00:00:00'),
(104, 'Misau', 5, '0000-00-00 00:00:00', '0000-00-00 00:00:00'),
(105, 'Ningi', 5, '0000-00-00 00:00:00', '0000-00-00 00:00:00'),
(106, 'Shira', 5, '0000-00-00 00:00:00', '0000-00-00 00:00:00'),
(107, 'Tafawa Balewa', 5, '0000-00-00 00:00:00', '0000-00-00 00:00:00'),
(108, 'Toro', 5, '0000-00-00 00:00:00', '0000-00-00 00:00:00'),
(109, 'Warji', 5, '0000-00-00 00:00:00', '0000-00-00 00:00:00'),
(110, 'Zaki', 5, '0000-00-00 00:00:00', '0000-00-00 00:00:00'),
(111, 'Brass', 6, '0000-00-00 00:00:00', '0000-00-00 00:00:00'),
(112, 'Ekeremor', 6, '0000-00-00 00:00:00', '0000-00-00 00:00:00'),
(113, 'Kolokuma/Opokuma', 6, '0000-00-00 00:00:00', '0000-00-00 00:00:00'),
(114, 'Nembe', 6, '0000-00-00 00:00:00', '0000-00-00 00:00:00'),
(115, 'Ogbia', 6, '0000-00-00 00:00:00', '0000-00-00 00:00:00'),
(116, 'Sagbama', 6, '0000-00-00 00:00:00', '0000-00-00 00:00:00'),
(117, 'Southern Ijaw', 6, '0000-00-00 00:00:00', '0000-00-00 00:00:00'),
(118, 'Yenagoa', 6, '0000-00-00 00:00:00', '0000-00-00 00:00:00'),
(119, 'Agatu', 7, '0000-00-00 00:00:00', '0000-00-00 00:00:00'),
(120, 'Apa', 7, '0000-00-00 00:00:00', '0000-00-00 00:00:00'),
(121, 'Ado', 7, '0000-00-00 00:00:00', '0000-00-00 00:00:00'),
(122, 'Buruku', 7, '0000-00-00 00:00:00', '0000-00-00 00:00:00'),
(123, 'Gboko', 7, '0000-00-00 00:00:00', '0000-00-00 00:00:00'),
(124, 'Guma', 7, '0000-00-00 00:00:00', '0000-00-00 00:00:00'),
(125, 'Gwer East', 7, '0000-00-00 00:00:00', '0000-00-00 00:00:00'),
(126, 'Gwer West', 7, '0000-00-00 00:00:00', '0000-00-00 00:00:00'),
(127, 'Katsina-Ala', 7, '0000-00-00 00:00:00', '0000-00-00 00:00:00'),
(128, 'Konshisha', 7, '0000-00-00 00:00:00', '0000-00-00 00:00:00'),
(129, 'Kwande', 7, '0000-00-00 00:00:00', '0000-00-00 00:00:00'),
(130, 'Logo', 7, '0000-00-00 00:00:00', '0000-00-00 00:00:00'),
(131, 'Makurdi', 7, '0000-00-00 00:00:00', '0000-00-00 00:00:00'),
(132, 'Obi', 7, '0000-00-00 00:00:00', '0000-00-00 00:00:00'),
(133, 'Ogbadibo', 7, '0000-00-00 00:00:00', '0000-00-00 00:00:00'),
(134, 'Ohimini', 7, '0000-00-00 00:00:00', '0000-00-00 00:00:00'),
(135, 'Oju', 7, '0000-00-00 00:00:00', '0000-00-00 00:00:00'),
(136, 'Okpokwu', 7, '0000-00-00 00:00:00', '0000-00-00 00:00:00'),
(137, 'Oturkpo', 7, '0000-00-00 00:00:00', '0000-00-00 00:00:00'),
(138, 'Tarka', 7, '0000-00-00 00:00:00', '0000-00-00 00:00:00'),
(139, 'Ukum', 7, '0000-00-00 00:00:00', '0000-00-00 00:00:00'),
(140, 'Ushongo', 7, '0000-00-00 00:00:00', '0000-00-00 00:00:00'),
(141, 'Vandeikya', 7, '0000-00-00 00:00:00', '0000-00-00 00:00:00'),
(142, 'Abadam', 8, '0000-00-00 00:00:00', '0000-00-00 00:00:00'),
(143, 'Askira/Uba', 8, '0000-00-00 00:00:00', '0000-00-00 00:00:00'),
(144, 'Bama', 8, '0000-00-00 00:00:00', '0000-00-00 00:00:00'),
(145, 'Bayo', 8, '0000-00-00 00:00:00', '0000-00-00 00:00:00'),
(146, 'Biu', 8, '0000-00-00 00:00:00', '0000-00-00 00:00:00'),
(147, 'Chibok', 8, '0000-00-00 00:00:00', '0000-00-00 00:00:00'),
(148, 'Damboa', 8, '0000-00-00 00:00:00', '0000-00-00 00:00:00'),
(149, 'Dikwa', 8, '0000-00-00 00:00:00', '0000-00-00 00:00:00'),
(150, 'Gubio', 8, '0000-00-00 00:00:00', '0000-00-00 00:00:00'),
(151, 'Guzamala', 8, '0000-00-00 00:00:00', '0000-00-00 00:00:00'),
(152, 'Gwoza', 8, '0000-00-00 00:00:00', '0000-00-00 00:00:00'),
(153, 'Hawul', 8, '0000-00-00 00:00:00', '0000-00-00 00:00:00'),
(154, 'Jere', 8, '0000-00-00 00:00:00', '0000-00-00 00:00:00'),
(155, 'Kaga', 8, '0000-00-00 00:00:00', '0000-00-00 00:00:00'),
(156, 'Kala/Balge', 8, '0000-00-00 00:00:00', '0000-00-00 00:00:00'),
(157, 'Konduga', 8, '0000-00-00 00:00:00', '0000-00-00 00:00:00'),
(158, 'Kukawa', 8, '0000-00-00 00:00:00', '0000-00-00 00:00:00'),
(159, 'Kwaya Kusar', 8, '0000-00-00 00:00:00', '0000-00-00 00:00:00'),
(160, 'Mafa', 8, '0000-00-00 00:00:00', '0000-00-00 00:00:00'),
(161, 'Magumeri', 8, '0000-00-00 00:00:00', '0000-00-00 00:00:00'),
(162, 'Maiduguri', 8, '0000-00-00 00:00:00', '0000-00-00 00:00:00'),
(163, 'Marte', 8, '0000-00-00 00:00:00', '0000-00-00 00:00:00'),
(164, 'Mobbar', 8, '0000-00-00 00:00:00', '0000-00-00 00:00:00'),
(165, 'Monguno', 8, '0000-00-00 00:00:00', '0000-00-00 00:00:00'),
(166, 'Ngala', 8, '0000-00-00 00:00:00', '0000-00-00 00:00:00'),
(167, 'Nganzai', 8, '0000-00-00 00:00:00', '0000-00-00 00:00:00'),
(168, 'Shani', 8, '0000-00-00 00:00:00', '0000-00-00 00:00:00'),
(169, 'Abi', 9, '0000-00-00 00:00:00', '0000-00-00 00:00:00'),
(170, 'Akamkpa', 9, '0000-00-00 00:00:00', '0000-00-00 00:00:00'),
(171, 'Akpabuyo', 9, '0000-00-00 00:00:00', '0000-00-00 00:00:00'),
(172, 'Bakassi', 9, '0000-00-00 00:00:00', '0000-00-00 00:00:00'),
(173, 'Bekwarra', 9, '0000-00-00 00:00:00', '0000-00-00 00:00:00'),
(174, 'Biase', 9, '0000-00-00 00:00:00', '0000-00-00 00:00:00'),
(175, 'Boki', 9, '0000-00-00 00:00:00', '0000-00-00 00:00:00'),
(176, 'Calabar Municipal', 9, '0000-00-00 00:00:00', '0000-00-00 00:00:00'),
(177, 'Calabar South', 9, '0000-00-00 00:00:00', '0000-00-00 00:00:00'),
(178, 'Etung', 9, '0000-00-00 00:00:00', '0000-00-00 00:00:00'),
(179, 'Ikom', 9, '0000-00-00 00:00:00', '0000-00-00 00:00:00'),
(180, 'Obanliku', 9, '0000-00-00 00:00:00', '0000-00-00 00:00:00'),
(181, 'Obubra', 9, '0000-00-00 00:00:00', '0000-00-00 00:00:00'),
(182, 'Obudu', 9, '0000-00-00 00:00:00', '0000-00-00 00:00:00'),
(183, 'Odukpani', 9, '0000-00-00 00:00:00', '0000-00-00 00:00:00'),
(184, 'Ogoja', 9, '0000-00-00 00:00:00', '0000-00-00 00:00:00'),
(185, 'Yakuur', 9, '0000-00-00 00:00:00', '0000-00-00 00:00:00'),
(186, 'Yala', 9, '0000-00-00 00:00:00', '0000-00-00 00:00:00'),
(187, 'Aniocha North', 10, '0000-00-00 00:00:00', '0000-00-00 00:00:00'),
(188, 'Aniocha South', 10, '0000-00-00 00:00:00', '0000-00-00 00:00:00'),
(189, 'Bomadi', 10, '0000-00-00 00:00:00', '0000-00-00 00:00:00'),
(190, 'Burutu', 10, '0000-00-00 00:00:00', '0000-00-00 00:00:00'),
(191, 'Ethiope East', 10, '0000-00-00 00:00:00', '0000-00-00 00:00:00'),
(192, 'Ethiope West', 10, '0000-00-00 00:00:00', '0000-00-00 00:00:00'),
(193, 'Ika North East', 10, '0000-00-00 00:00:00', '0000-00-00 00:00:00'),
(194, 'Ika South', 10, '0000-00-00 00:00:00', '0000-00-00 00:00:00'),
(195, 'Isoko North', 10, '0000-00-00 00:00:00', '0000-00-00 00:00:00'),
(196, 'Isoko South', 10, '0000-00-00 00:00:00', '0000-00-00 00:00:00'),
(197, 'Ndokwa East', 10, '0000-00-00 00:00:00', '0000-00-00 00:00:00'),
(198, 'Ndokwa West', 10, '0000-00-00 00:00:00', '0000-00-00 00:00:00'),
(199, 'Okpe', 10, '0000-00-00 00:00:00', '0000-00-00 00:00:00'),
(200, 'Oshimili North', 10, '0000-00-00 00:00:00', '0000-00-00 00:00:00'),
(201, 'Oshimili South', 10, '0000-00-00 00:00:00', '0000-00-00 00:00:00'),
(202, 'Patani', 10, '0000-00-00 00:00:00', '0000-00-00 00:00:00'),
(203, 'Sapele, Delta', 10, '0000-00-00 00:00:00', '0000-00-00 00:00:00'),
(204, 'Udu', 10, '0000-00-00 00:00:00', '0000-00-00 00:00:00'),
(205, 'Ughelli North', 10, '0000-00-00 00:00:00', '0000-00-00 00:00:00'),
(206, 'Ughelli South', 10, '0000-00-00 00:00:00', '0000-00-00 00:00:00'),
(207, 'Ukwuani', 10, '0000-00-00 00:00:00', '0000-00-00 00:00:00'),
(208, 'Uvwie', 10, '0000-00-00 00:00:00', '0000-00-00 00:00:00'),
(209, 'Warri North', 10, '0000-00-00 00:00:00', '0000-00-00 00:00:00'),
(210, 'Warri South', 10, '0000-00-00 00:00:00', '0000-00-00 00:00:00'),
(211, 'Warri South West', 10, '0000-00-00 00:00:00', '0000-00-00 00:00:00'),
(212, 'Abakaliki', 11, '0000-00-00 00:00:00', '0000-00-00 00:00:00'),
(213, 'Afikpo North', 11, '0000-00-00 00:00:00', '0000-00-00 00:00:00'),
(214, 'Afikpo South', 11, '0000-00-00 00:00:00', '0000-00-00 00:00:00'),
(215, 'Ebonyi', 11, '0000-00-00 00:00:00', '0000-00-00 00:00:00'),
(216, 'Ezza North', 11, '0000-00-00 00:00:00', '0000-00-00 00:00:00'),
(217, 'Ezza South', 11, '0000-00-00 00:00:00', '0000-00-00 00:00:00'),
(218, 'Ikwo', 11, '0000-00-00 00:00:00', '0000-00-00 00:00:00'),
(219, 'Ishielu', 11, '0000-00-00 00:00:00', '0000-00-00 00:00:00'),
(220, 'Ivo', 11, '0000-00-00 00:00:00', '0000-00-00 00:00:00'),
(221, 'Izzi', 11, '0000-00-00 00:00:00', '0000-00-00 00:00:00'),
(222, 'Ohaozara', 11, '0000-00-00 00:00:00', '0000-00-00 00:00:00'),
(223, 'Ohaukwu', 11, '0000-00-00 00:00:00', '0000-00-00 00:00:00'),
(224, 'Onicha', 11, '0000-00-00 00:00:00', '0000-00-00 00:00:00'),
(225, 'Akoko-Edo', 12, '0000-00-00 00:00:00', '0000-00-00 00:00:00'),
(226, 'Egor', 12, '0000-00-00 00:00:00', '0000-00-00 00:00:00'),
(227, 'Esan Central', 12, '0000-00-00 00:00:00', '0000-00-00 00:00:00'),
(228, 'Esan North-East', 12, '0000-00-00 00:00:00', '0000-00-00 00:00:00'),
(229, 'Esan South-East', 12, '0000-00-00 00:00:00', '0000-00-00 00:00:00'),
(230, 'Esan West', 12, '0000-00-00 00:00:00', '0000-00-00 00:00:00'),
(231, 'Etsako Central', 12, '0000-00-00 00:00:00', '0000-00-00 00:00:00'),
(232, 'Etsako East', 12, '0000-00-00 00:00:00', '0000-00-00 00:00:00'),
(233, 'Etsako West', 12, '0000-00-00 00:00:00', '0000-00-00 00:00:00'),
(234, 'Igueben', 12, '0000-00-00 00:00:00', '0000-00-00 00:00:00'),
(235, 'Ikpoba Okha', 12, '0000-00-00 00:00:00', '0000-00-00 00:00:00'),
(236, 'Orhionmwon', 12, '0000-00-00 00:00:00', '0000-00-00 00:00:00'),
(237, 'Oredo', 12, '0000-00-00 00:00:00', '0000-00-00 00:00:00'),
(238, 'Ovia North-East', 12, '0000-00-00 00:00:00', '0000-00-00 00:00:00'),
(239, 'Ovia South-West', 12, '0000-00-00 00:00:00', '0000-00-00 00:00:00'),
(240, 'Owan East', 12, '0000-00-00 00:00:00', '0000-00-00 00:00:00'),
(241, 'Owan West', 12, '0000-00-00 00:00:00', '0000-00-00 00:00:00'),
(242, 'Uhunmwonde', 12, '0000-00-00 00:00:00', '0000-00-00 00:00:00'),
(243, 'Ado Ekiti', 13, '0000-00-00 00:00:00', '0000-00-00 00:00:00'),
(244, 'Efon', 13, '0000-00-00 00:00:00', '0000-00-00 00:00:00'),
(245, 'Ekiti East', 13, '0000-00-00 00:00:00', '0000-00-00 00:00:00'),
(246, 'Ekiti South-West', 13, '0000-00-00 00:00:00', '0000-00-00 00:00:00'),
(247, 'Ekiti West', 13, '0000-00-00 00:00:00', '0000-00-00 00:00:00'),
(248, 'Emure', 13, '0000-00-00 00:00:00', '0000-00-00 00:00:00'),
(249, 'Gbonyin', 13, '0000-00-00 00:00:00', '0000-00-00 00:00:00'),
(250, 'Ido Osi', 13, '0000-00-00 00:00:00', '0000-00-00 00:00:00'),
(251, 'Ijero', 13, '0000-00-00 00:00:00', '0000-00-00 00:00:00'),
(252, 'Ikere', 13, '0000-00-00 00:00:00', '0000-00-00 00:00:00'),
(253, 'Ikole', 13, '0000-00-00 00:00:00', '0000-00-00 00:00:00'),
(254, 'Ilejemeje', 13, '0000-00-00 00:00:00', '0000-00-00 00:00:00'),
(255, 'Irepodun/Ifelodun', 13, '0000-00-00 00:00:00', '0000-00-00 00:00:00'),
(256, 'Ise/Orun', 13, '0000-00-00 00:00:00', '0000-00-00 00:00:00'),
(257, 'Moba', 13, '0000-00-00 00:00:00', '0000-00-00 00:00:00'),
(258, 'Oye', 13, '0000-00-00 00:00:00', '0000-00-00 00:00:00'),
(259, 'Aninri', 14, '0000-00-00 00:00:00', '0000-00-00 00:00:00'),
(260, 'Awgu', 14, '0000-00-00 00:00:00', '0000-00-00 00:00:00'),
(261, 'Enugu East', 14, '0000-00-00 00:00:00', '0000-00-00 00:00:00'),
(262, 'Enugu North', 14, '0000-00-00 00:00:00', '0000-00-00 00:00:00'),
(263, 'Enugu South', 14, '0000-00-00 00:00:00', '0000-00-00 00:00:00'),
(264, 'Ezeagu', 14, '0000-00-00 00:00:00', '0000-00-00 00:00:00'),
(265, 'Igbo Etiti', 14, '0000-00-00 00:00:00', '0000-00-00 00:00:00'),
(266, 'Igbo Eze North', 14, '0000-00-00 00:00:00', '0000-00-00 00:00:00'),
(267, 'Igbo Eze South', 14, '0000-00-00 00:00:00', '0000-00-00 00:00:00'),
(268, 'Isi Uzo', 14, '0000-00-00 00:00:00', '0000-00-00 00:00:00'),
(269, 'Nkanu East', 14, '0000-00-00 00:00:00', '0000-00-00 00:00:00'),
(270, 'Nkanu West', 14, '0000-00-00 00:00:00', '0000-00-00 00:00:00'),
(271, 'Nsukka', 14, '0000-00-00 00:00:00', '0000-00-00 00:00:00'),
(272, 'Oji River', 14, '0000-00-00 00:00:00', '0000-00-00 00:00:00'),
(273, 'Udenu', 14, '0000-00-00 00:00:00', '0000-00-00 00:00:00'),
(274, 'Udi', 14, '0000-00-00 00:00:00', '0000-00-00 00:00:00'),
(275, 'Uzo Uwani', 14, '0000-00-00 00:00:00', '0000-00-00 00:00:00'),
(276, 'Abaji', 15, '0000-00-00 00:00:00', '0000-00-00 00:00:00'),
(277, 'Bwari', 15, '0000-00-00 00:00:00', '0000-00-00 00:00:00'),
(278, 'Gwagwalada', 15, '0000-00-00 00:00:00', '0000-00-00 00:00:00'),
(279, 'Kuje', 15, '0000-00-00 00:00:00', '0000-00-00 00:00:00'),
(280, 'Kwali', 15, '0000-00-00 00:00:00', '0000-00-00 00:00:00'),
(281, 'Municipal Area Council', 15, '0000-00-00 00:00:00', '0000-00-00 00:00:00'),
(282, 'Akko', 16, '0000-00-00 00:00:00', '0000-00-00 00:00:00'),
(283, 'Balanga', 16, '0000-00-00 00:00:00', '0000-00-00 00:00:00'),
(284, 'Billiri', 16, '0000-00-00 00:00:00', '0000-00-00 00:00:00'),
(285, 'Dukku', 16, '0000-00-00 00:00:00', '0000-00-00 00:00:00'),
(286, 'Funakaye', 16, '0000-00-00 00:00:00', '0000-00-00 00:00:00'),
(287, 'Gombe', 16, '0000-00-00 00:00:00', '0000-00-00 00:00:00'),
(288, 'Kaltungo', 16, '0000-00-00 00:00:00', '0000-00-00 00:00:00'),
(289, 'Kwami', 16, '0000-00-00 00:00:00', '0000-00-00 00:00:00'),
(290, 'Nafada', 16, '0000-00-00 00:00:00', '0000-00-00 00:00:00'),
(291, 'Shongom', 16, '0000-00-00 00:00:00', '0000-00-00 00:00:00'),
(292, 'Yamaltu/Deba', 16, '0000-00-00 00:00:00', '0000-00-00 00:00:00'),
(293, 'Aboh Mbaise', 17, '0000-00-00 00:00:00', '0000-00-00 00:00:00'),
(294, 'Ahiazu Mbaise', 17, '0000-00-00 00:00:00', '0000-00-00 00:00:00'),
(295, 'Ehime Mbano', 17, '0000-00-00 00:00:00', '0000-00-00 00:00:00'),
(296, 'Ezinihitte', 17, '0000-00-00 00:00:00', '0000-00-00 00:00:00'),
(297, 'Ideato North', 17, '0000-00-00 00:00:00', '0000-00-00 00:00:00'),
(298, 'Ideato South', 17, '0000-00-00 00:00:00', '0000-00-00 00:00:00'),
(299, 'Ihitte/Uboma', 17, '0000-00-00 00:00:00', '0000-00-00 00:00:00'),
(300, 'Ikeduru', 17, '0000-00-00 00:00:00', '0000-00-00 00:00:00'),
(301, 'Isiala Mbano', 17, '0000-00-00 00:00:00', '0000-00-00 00:00:00'),
(302, 'Isu', 17, '0000-00-00 00:00:00', '0000-00-00 00:00:00'),
(303, 'Mbaitoli', 17, '0000-00-00 00:00:00', '0000-00-00 00:00:00'),
(304, 'Ngor Okpala', 17, '0000-00-00 00:00:00', '0000-00-00 00:00:00'),
(305, 'Njaba', 17, '0000-00-00 00:00:00', '0000-00-00 00:00:00'),
(306, 'Nkwerre', 17, '0000-00-00 00:00:00', '0000-00-00 00:00:00'),
(307, 'Nwangele', 17, '0000-00-00 00:00:00', '0000-00-00 00:00:00'),
(308, 'Obowo', 17, '0000-00-00 00:00:00', '0000-00-00 00:00:00'),
(309, 'Oguta', 17, '0000-00-00 00:00:00', '0000-00-00 00:00:00'),
(310, 'Ohaji/Egbema', 17, '0000-00-00 00:00:00', '0000-00-00 00:00:00'),
(311, 'Okigwe', 17, '0000-00-00 00:00:00', '0000-00-00 00:00:00'),
(312, 'Orlu', 17, '0000-00-00 00:00:00', '0000-00-00 00:00:00'),
(313, 'Orsu', 17, '0000-00-00 00:00:00', '0000-00-00 00:00:00'),
(314, 'Oru East', 17, '0000-00-00 00:00:00', '0000-00-00 00:00:00'),
(315, 'Oru West', 17, '0000-00-00 00:00:00', '0000-00-00 00:00:00'),
(316, 'Owerri Municipal', 17, '0000-00-00 00:00:00', '0000-00-00 00:00:00'),
(317, 'Owerri North', 17, '0000-00-00 00:00:00', '0000-00-00 00:00:00'),
(318, 'Owerri West', 17, '0000-00-00 00:00:00', '0000-00-00 00:00:00'),
(319, 'Unuimo', 17, '0000-00-00 00:00:00', '0000-00-00 00:00:00'),
(320, 'Auyo', 18, '0000-00-00 00:00:00', '0000-00-00 00:00:00'),
(321, 'Babura', 18, '0000-00-00 00:00:00', '0000-00-00 00:00:00'),
(322, 'Biriniwa', 18, '0000-00-00 00:00:00', '0000-00-00 00:00:00'),
(323, 'Birnin Kudu', 18, '0000-00-00 00:00:00', '0000-00-00 00:00:00'),
(324, 'Buji', 18, '0000-00-00 00:00:00', '0000-00-00 00:00:00'),
(325, 'Dutse', 18, '0000-00-00 00:00:00', '0000-00-00 00:00:00'),
(326, 'Gagarawa', 18, '0000-00-00 00:00:00', '0000-00-00 00:00:00'),
(327, 'Garki', 18, '0000-00-00 00:00:00', '0000-00-00 00:00:00'),
(328, 'Gumel', 18, '0000-00-00 00:00:00', '0000-00-00 00:00:00'),
(329, 'Guri', 18, '0000-00-00 00:00:00', '0000-00-00 00:00:00'),
(330, 'Gwaram', 18, '0000-00-00 00:00:00', '0000-00-00 00:00:00'),
(331, 'Gwiwa', 18, '0000-00-00 00:00:00', '0000-00-00 00:00:00'),
(332, 'Hadejia', 18, '0000-00-00 00:00:00', '0000-00-00 00:00:00'),
(333, 'Jahun', 18, '0000-00-00 00:00:00', '0000-00-00 00:00:00'),
(334, 'Kafin Hausa', 18, '0000-00-00 00:00:00', '0000-00-00 00:00:00'),
(335, 'Kazaure', 18, '0000-00-00 00:00:00', '0000-00-00 00:00:00'),
(336, 'Kiri Kasama', 18, '0000-00-00 00:00:00', '0000-00-00 00:00:00'),
(337, 'Kiyawa', 18, '0000-00-00 00:00:00', '0000-00-00 00:00:00'),
(338, 'Kaugama', 18, '0000-00-00 00:00:00', '0000-00-00 00:00:00'),
(339, 'Maigatari', 18, '0000-00-00 00:00:00', '0000-00-00 00:00:00'),
(340, 'Malam Madori', 18, '0000-00-00 00:00:00', '0000-00-00 00:00:00'),
(341, 'Miga', 18, '0000-00-00 00:00:00', '0000-00-00 00:00:00'),
(342, 'Ringim', 18, '0000-00-00 00:00:00', '0000-00-00 00:00:00'),
(343, 'Roni', 18, '0000-00-00 00:00:00', '0000-00-00 00:00:00'),
(344, 'Sule Tankarkar', 18, '0000-00-00 00:00:00', '0000-00-00 00:00:00'),
(345, 'Taura', 18, '0000-00-00 00:00:00', '0000-00-00 00:00:00'),
(346, 'Yankwashi', 18, '0000-00-00 00:00:00', '0000-00-00 00:00:00'),
(347, 'Birnin Gwari', 19, '0000-00-00 00:00:00', '0000-00-00 00:00:00'),
(348, 'Chikun', 19, '0000-00-00 00:00:00', '0000-00-00 00:00:00'),
(349, 'Giwa', 19, '0000-00-00 00:00:00', '0000-00-00 00:00:00'),
(350, 'Igabi', 19, '0000-00-00 00:00:00', '0000-00-00 00:00:00'),
(351, 'Ikara', 19, '0000-00-00 00:00:00', '0000-00-00 00:00:00'),
(352, 'Jaba', 19, '0000-00-00 00:00:00', '0000-00-00 00:00:00'),
(353, 'Jema''a', 19, '0000-00-00 00:00:00', '0000-00-00 00:00:00'),
(354, 'Kachia', 19, '0000-00-00 00:00:00', '0000-00-00 00:00:00'),
(355, 'Kaduna North', 19, '0000-00-00 00:00:00', '0000-00-00 00:00:00'),
(356, 'Kaduna South', 19, '0000-00-00 00:00:00', '0000-00-00 00:00:00'),
(357, 'Kagarko', 19, '0000-00-00 00:00:00', '0000-00-00 00:00:00'),
(358, 'Kajuru', 19, '0000-00-00 00:00:00', '0000-00-00 00:00:00'),
(359, 'Kaura', 19, '0000-00-00 00:00:00', '0000-00-00 00:00:00'),
(360, 'Kauru', 19, '0000-00-00 00:00:00', '0000-00-00 00:00:00'),
(361, 'Kubau', 19, '0000-00-00 00:00:00', '0000-00-00 00:00:00'),
(362, 'Kudan', 19, '0000-00-00 00:00:00', '0000-00-00 00:00:00'),
(363, 'Lere', 19, '0000-00-00 00:00:00', '0000-00-00 00:00:00'),
(364, 'Makarfi', 19, '0000-00-00 00:00:00', '0000-00-00 00:00:00'),
(365, 'Sabon Gari', 19, '0000-00-00 00:00:00', '0000-00-00 00:00:00'),
(366, 'Sanga', 19, '0000-00-00 00:00:00', '0000-00-00 00:00:00'),
(367, 'Soba', 19, '0000-00-00 00:00:00', '0000-00-00 00:00:00'),
(368, 'Zangon Kataf', 19, '0000-00-00 00:00:00', '0000-00-00 00:00:00'),
(369, 'Zaria', 19, '0000-00-00 00:00:00', '0000-00-00 00:00:00'),
(370, 'Ajingi', 20, '0000-00-00 00:00:00', '0000-00-00 00:00:00'),
(371, 'Albasu', 20, '0000-00-00 00:00:00', '0000-00-00 00:00:00'),
(372, 'Bagwai', 20, '0000-00-00 00:00:00', '0000-00-00 00:00:00'),
(373, 'Bebeji', 20, '0000-00-00 00:00:00', '0000-00-00 00:00:00'),
(374, 'Bichi', 20, '0000-00-00 00:00:00', '0000-00-00 00:00:00'),
(375, 'Bunkure', 20, '0000-00-00 00:00:00', '0000-00-00 00:00:00'),
(376, 'Dala', 20, '0000-00-00 00:00:00', '0000-00-00 00:00:00'),
(377, 'Dambatta', 20, '0000-00-00 00:00:00', '0000-00-00 00:00:00'),
(378, 'Dawakin Kudu', 20, '0000-00-00 00:00:00', '0000-00-00 00:00:00'),
(379, 'Dawakin Tofa', 20, '0000-00-00 00:00:00', '0000-00-00 00:00:00'),
(380, 'Doguwa', 20, '0000-00-00 00:00:00', '0000-00-00 00:00:00'),
(381, 'Fagge', 20, '0000-00-00 00:00:00', '0000-00-00 00:00:00'),
(382, 'Gabasawa', 20, '0000-00-00 00:00:00', '0000-00-00 00:00:00'),
(383, 'Garko', 20, '0000-00-00 00:00:00', '0000-00-00 00:00:00'),
(384, 'Garun Mallam', 20, '0000-00-00 00:00:00', '0000-00-00 00:00:00'),
(385, 'Gaya', 20, '0000-00-00 00:00:00', '0000-00-00 00:00:00'),
(386, 'Gezawa', 20, '0000-00-00 00:00:00', '0000-00-00 00:00:00'),
(387, 'Gwale', 20, '0000-00-00 00:00:00', '0000-00-00 00:00:00'),
(388, 'Gwarzo', 20, '0000-00-00 00:00:00', '0000-00-00 00:00:00'),
(389, 'Kabo', 20, '0000-00-00 00:00:00', '0000-00-00 00:00:00'),
(390, 'Kano Municipal', 20, '0000-00-00 00:00:00', '0000-00-00 00:00:00'),
(391, 'Karaye', 20, '0000-00-00 00:00:00', '0000-00-00 00:00:00'),
(392, 'Kibiya', 20, '0000-00-00 00:00:00', '0000-00-00 00:00:00'),
(393, 'Kiru', 20, '0000-00-00 00:00:00', '0000-00-00 00:00:00'),
(394, 'Kumbotso', 20, '0000-00-00 00:00:00', '0000-00-00 00:00:00'),
(395, 'Kunchi', 20, '0000-00-00 00:00:00', '0000-00-00 00:00:00'),
(396, 'Kura', 20, '0000-00-00 00:00:00', '0000-00-00 00:00:00'),
(397, 'Madobi', 20, '0000-00-00 00:00:00', '0000-00-00 00:00:00'),
(398, 'Makoda', 20, '0000-00-00 00:00:00', '0000-00-00 00:00:00'),
(399, 'Minjibir', 20, '0000-00-00 00:00:00', '0000-00-00 00:00:00'),
(400, 'Nasarawa', 20, '0000-00-00 00:00:00', '0000-00-00 00:00:00'),
(401, 'Rano', 20, '0000-00-00 00:00:00', '0000-00-00 00:00:00'),
(402, 'Rimin Gado', 20, '0000-00-00 00:00:00', '0000-00-00 00:00:00'),
(403, 'Rogo', 20, '0000-00-00 00:00:00', '0000-00-00 00:00:00'),
(404, 'Shanono', 20, '0000-00-00 00:00:00', '0000-00-00 00:00:00'),
(405, 'Sumaila', 20, '0000-00-00 00:00:00', '0000-00-00 00:00:00'),
(406, 'Takai', 20, '0000-00-00 00:00:00', '0000-00-00 00:00:00'),
(407, 'Tarauni', 20, '0000-00-00 00:00:00', '0000-00-00 00:00:00'),
(408, 'Tofa', 20, '0000-00-00 00:00:00', '0000-00-00 00:00:00'),
(409, 'Tsanyawa', 20, '0000-00-00 00:00:00', '0000-00-00 00:00:00'),
(410, 'Tudun Wada', 20, '0000-00-00 00:00:00', '0000-00-00 00:00:00'),
(411, 'Ungogo', 20, '0000-00-00 00:00:00', '0000-00-00 00:00:00'),
(412, 'Warawa', 20, '0000-00-00 00:00:00', '0000-00-00 00:00:00'),
(413, 'Wudil', 20, '0000-00-00 00:00:00', '0000-00-00 00:00:00'),
(414, 'Bakori', 21, '0000-00-00 00:00:00', '0000-00-00 00:00:00'),
(415, 'Batagarawa', 21, '0000-00-00 00:00:00', '0000-00-00 00:00:00'),
(416, 'Batsari', 21, '0000-00-00 00:00:00', '0000-00-00 00:00:00'),
(417, 'Baure', 21, '0000-00-00 00:00:00', '0000-00-00 00:00:00'),
(418, 'Bindawa', 21, '0000-00-00 00:00:00', '0000-00-00 00:00:00'),
(419, 'Charanchi', 21, '0000-00-00 00:00:00', '0000-00-00 00:00:00'),
(420, 'Dandume', 21, '0000-00-00 00:00:00', '0000-00-00 00:00:00'),
(421, 'Danja', 21, '0000-00-00 00:00:00', '0000-00-00 00:00:00'),
(422, 'Dan Musa', 21, '0000-00-00 00:00:00', '0000-00-00 00:00:00'),
(423, 'Daura', 21, '0000-00-00 00:00:00', '0000-00-00 00:00:00'),
(424, 'Dutsi', 21, '0000-00-00 00:00:00', '0000-00-00 00:00:00'),
(425, 'Dutsin Ma', 21, '0000-00-00 00:00:00', '0000-00-00 00:00:00'),
(426, 'Faskari', 21, '0000-00-00 00:00:00', '0000-00-00 00:00:00'),
(427, 'Funtua', 21, '0000-00-00 00:00:00', '0000-00-00 00:00:00'),
(428, 'Ingawa', 21, '0000-00-00 00:00:00', '0000-00-00 00:00:00'),
(429, 'Jibia', 21, '0000-00-00 00:00:00', '0000-00-00 00:00:00'),
(430, 'Kafur', 21, '0000-00-00 00:00:00', '0000-00-00 00:00:00'),
(431, 'Kaita', 21, '0000-00-00 00:00:00', '0000-00-00 00:00:00'),
(432, 'Kankara', 21, '0000-00-00 00:00:00', '0000-00-00 00:00:00'),
(433, 'Kankia', 21, '0000-00-00 00:00:00', '0000-00-00 00:00:00'),
(434, 'Katsina', 21, '0000-00-00 00:00:00', '0000-00-00 00:00:00'),
(435, 'Kurfi', 21, '0000-00-00 00:00:00', '0000-00-00 00:00:00'),
(436, 'Kusada', 21, '0000-00-00 00:00:00', '0000-00-00 00:00:00'),
(437, 'Mai''Adua', 21, '0000-00-00 00:00:00', '0000-00-00 00:00:00'),
(438, 'Malumfashi', 21, '0000-00-00 00:00:00', '0000-00-00 00:00:00'),
(439, 'Mani', 21, '0000-00-00 00:00:00', '0000-00-00 00:00:00'),
(440, 'Mashi', 21, '0000-00-00 00:00:00', '0000-00-00 00:00:00'),
(441, 'Matazu', 21, '0000-00-00 00:00:00', '0000-00-00 00:00:00'),
(442, 'Musawa', 21, '0000-00-00 00:00:00', '0000-00-00 00:00:00'),
(443, 'Rimi', 21, '0000-00-00 00:00:00', '0000-00-00 00:00:00'),
(444, 'Sabuwa', 21, '0000-00-00 00:00:00', '0000-00-00 00:00:00'),
(445, 'Safana', 21, '0000-00-00 00:00:00', '0000-00-00 00:00:00'),
(446, 'Sandamu', 21, '0000-00-00 00:00:00', '0000-00-00 00:00:00'),
(447, 'Zango', 21, '0000-00-00 00:00:00', '0000-00-00 00:00:00'),
(448, 'Aleiro', 22, '0000-00-00 00:00:00', '0000-00-00 00:00:00'),
(449, 'Arewa Dandi', 22, '0000-00-00 00:00:00', '0000-00-00 00:00:00'),
(450, 'Argungu', 22, '0000-00-00 00:00:00', '0000-00-00 00:00:00'),
(451, 'Augie', 22, '0000-00-00 00:00:00', '0000-00-00 00:00:00'),
(452, 'Bagudo', 22, '0000-00-00 00:00:00', '0000-00-00 00:00:00'),
(453, 'Birnin Kebbi', 22, '0000-00-00 00:00:00', '0000-00-00 00:00:00'),
(454, 'Bunza', 22, '0000-00-00 00:00:00', '0000-00-00 00:00:00'),
(455, 'Dandi', 22, '0000-00-00 00:00:00', '0000-00-00 00:00:00'),
(456, 'Fakai', 22, '0000-00-00 00:00:00', '0000-00-00 00:00:00'),
(457, 'Gwandu', 22, '0000-00-00 00:00:00', '0000-00-00 00:00:00'),
(458, 'Jega', 22, '0000-00-00 00:00:00', '0000-00-00 00:00:00'),
(459, 'Kalgo', 22, '0000-00-00 00:00:00', '0000-00-00 00:00:00'),
(460, 'Koko/Besse', 22, '0000-00-00 00:00:00', '0000-00-00 00:00:00'),
(461, 'Maiyama', 22, '0000-00-00 00:00:00', '0000-00-00 00:00:00'),
(462, 'Ngaski', 22, '0000-00-00 00:00:00', '0000-00-00 00:00:00'),
(463, 'Sakaba', 22, '0000-00-00 00:00:00', '0000-00-00 00:00:00'),
(464, 'Shanga', 22, '0000-00-00 00:00:00', '0000-00-00 00:00:00'),
(465, 'Suru', 22, '0000-00-00 00:00:00', '0000-00-00 00:00:00'),
(466, 'Wasagu/Danko', 22, '0000-00-00 00:00:00', '0000-00-00 00:00:00'),
(467, 'Yauri', 22, '0000-00-00 00:00:00', '0000-00-00 00:00:00'),
(468, 'Zuru', 22, '0000-00-00 00:00:00', '0000-00-00 00:00:00'),
(469, 'Adavi', 23, '0000-00-00 00:00:00', '0000-00-00 00:00:00'),
(470, 'Ajaokuta', 23, '0000-00-00 00:00:00', '0000-00-00 00:00:00'),
(471, 'Ankpa', 23, '0000-00-00 00:00:00', '0000-00-00 00:00:00'),
(472, 'Bassa', 23, '0000-00-00 00:00:00', '0000-00-00 00:00:00'),
(473, 'Dekina', 23, '0000-00-00 00:00:00', '0000-00-00 00:00:00'),
(474, 'Ibaji', 23, '0000-00-00 00:00:00', '0000-00-00 00:00:00'),
(475, 'Idah', 23, '0000-00-00 00:00:00', '0000-00-00 00:00:00'),
(476, 'Igalamela Odolu', 23, '0000-00-00 00:00:00', '0000-00-00 00:00:00'),
(477, 'Ijumu', 23, '0000-00-00 00:00:00', '0000-00-00 00:00:00'),
(478, 'Kabba/Bunu', 23, '0000-00-00 00:00:00', '0000-00-00 00:00:00'),
(479, 'Kogi', 23, '0000-00-00 00:00:00', '0000-00-00 00:00:00'),
(480, 'Lokoja', 23, '0000-00-00 00:00:00', '0000-00-00 00:00:00'),
(481, 'Mopa Muro', 23, '0000-00-00 00:00:00', '0000-00-00 00:00:00'),
(482, 'Ofu', 23, '0000-00-00 00:00:00', '0000-00-00 00:00:00'),
(483, 'Ogori/Magongo', 23, '0000-00-00 00:00:00', '0000-00-00 00:00:00'),
(484, 'Okehi', 23, '0000-00-00 00:00:00', '0000-00-00 00:00:00'),
(485, 'Okene', 23, '0000-00-00 00:00:00', '0000-00-00 00:00:00'),
(486, 'Olamaboro', 23, '0000-00-00 00:00:00', '0000-00-00 00:00:00'),
(487, 'Omala', 23, '0000-00-00 00:00:00', '0000-00-00 00:00:00'),
(488, 'Yagba East', 23, '0000-00-00 00:00:00', '0000-00-00 00:00:00'),
(489, 'Yagba West', 23, '0000-00-00 00:00:00', '0000-00-00 00:00:00'),
(490, 'Asa', 24, '0000-00-00 00:00:00', '0000-00-00 00:00:00'),
(491, 'Baruten', 24, '0000-00-00 00:00:00', '0000-00-00 00:00:00'),
(492, 'Edu', 24, '0000-00-00 00:00:00', '0000-00-00 00:00:00'),
(493, 'Ekiti, Kwara State', 24, '0000-00-00 00:00:00', '0000-00-00 00:00:00'),
(494, 'Ifelodun', 24, '0000-00-00 00:00:00', '0000-00-00 00:00:00'),
(495, 'Ilorin East', 24, '0000-00-00 00:00:00', '0000-00-00 00:00:00'),
(496, 'Ilorin South', 24, '0000-00-00 00:00:00', '0000-00-00 00:00:00'),
(497, 'Ilorin West', 24, '0000-00-00 00:00:00', '0000-00-00 00:00:00'),
(498, 'Irepodun', 24, '0000-00-00 00:00:00', '0000-00-00 00:00:00'),
(499, 'Isin', 24, '0000-00-00 00:00:00', '0000-00-00 00:00:00'),
(500, 'Kaiama', 24, '0000-00-00 00:00:00', '0000-00-00 00:00:00'),
(501, 'Moro', 24, '0000-00-00 00:00:00', '0000-00-00 00:00:00'),
(502, 'Offa', 24, '0000-00-00 00:00:00', '0000-00-00 00:00:00'),
(503, 'Oke Ero', 24, '0000-00-00 00:00:00', '0000-00-00 00:00:00'),
(504, 'Oyun', 24, '0000-00-00 00:00:00', '0000-00-00 00:00:00'),
(505, 'Pategi', 24, '0000-00-00 00:00:00', '0000-00-00 00:00:00'),
(506, 'Agege', 25, '0000-00-00 00:00:00', '0000-00-00 00:00:00'),
(507, 'Ajeromi-Ifelodun', 25, '0000-00-00 00:00:00', '0000-00-00 00:00:00'),
(508, 'Alimosho', 25, '0000-00-00 00:00:00', '0000-00-00 00:00:00'),
(509, 'Amuwo-Odofin', 25, '0000-00-00 00:00:00', '0000-00-00 00:00:00'),
(510, 'Apapa', 25, '0000-00-00 00:00:00', '0000-00-00 00:00:00'),
(511, 'Badagry', 25, '0000-00-00 00:00:00', '0000-00-00 00:00:00'),
(512, 'Epe', 25, '0000-00-00 00:00:00', '0000-00-00 00:00:00'),
(513, 'Eti Osa', 25, '0000-00-00 00:00:00', '0000-00-00 00:00:00'),
(514, 'Ibeju-Lekki', 25, '0000-00-00 00:00:00', '0000-00-00 00:00:00'),
(515, 'Ifako-Ijaiye', 25, '0000-00-00 00:00:00', '0000-00-00 00:00:00'),
(516, 'Ikeja', 25, '0000-00-00 00:00:00', '0000-00-00 00:00:00'),
(517, 'Ikorodu', 25, '0000-00-00 00:00:00', '0000-00-00 00:00:00'),
(518, 'Kosofe', 25, '0000-00-00 00:00:00', '0000-00-00 00:00:00'),
(519, 'Lagos Island', 25, '0000-00-00 00:00:00', '0000-00-00 00:00:00'),
(520, 'Lagos Mainland', 25, '0000-00-00 00:00:00', '0000-00-00 00:00:00'),
(521, 'Mushin', 25, '0000-00-00 00:00:00', '0000-00-00 00:00:00'),
(522, 'Ojo', 25, '0000-00-00 00:00:00', '0000-00-00 00:00:00'),
(523, 'Oshodi-Isolo', 25, '0000-00-00 00:00:00', '0000-00-00 00:00:00'),
(524, 'Shomolu', 25, '0000-00-00 00:00:00', '0000-00-00 00:00:00'),
(525, 'Surulere, Lagos State', 25, '0000-00-00 00:00:00', '0000-00-00 00:00:00'),
(526, 'Akwanga', 26, '0000-00-00 00:00:00', '0000-00-00 00:00:00'),
(527, 'Awe', 26, '0000-00-00 00:00:00', '0000-00-00 00:00:00'),
(528, 'Doma', 26, '0000-00-00 00:00:00', '0000-00-00 00:00:00'),
(529, 'Karu', 26, '0000-00-00 00:00:00', '0000-00-00 00:00:00'),
(530, 'Keana', 26, '0000-00-00 00:00:00', '0000-00-00 00:00:00'),
(531, 'Keffi', 26, '0000-00-00 00:00:00', '0000-00-00 00:00:00'),
(532, 'Kokona', 26, '0000-00-00 00:00:00', '0000-00-00 00:00:00'),
(533, 'Lafia', 26, '0000-00-00 00:00:00', '0000-00-00 00:00:00'),
(534, 'Nasarawa', 26, '0000-00-00 00:00:00', '0000-00-00 00:00:00'),
(535, 'Nasarawa Egon', 26, '0000-00-00 00:00:00', '0000-00-00 00:00:00'),
(536, 'Obi', 26, '0000-00-00 00:00:00', '0000-00-00 00:00:00'),
(537, 'Toto', 26, '0000-00-00 00:00:00', '0000-00-00 00:00:00'),
(538, 'Wamba', 26, '0000-00-00 00:00:00', '0000-00-00 00:00:00'),
(539, 'Agaie', 27, '0000-00-00 00:00:00', '0000-00-00 00:00:00'),
(540, 'Agwara', 27, '0000-00-00 00:00:00', '0000-00-00 00:00:00'),
(541, 'Bida', 27, '0000-00-00 00:00:00', '0000-00-00 00:00:00'),
(542, 'Borgu', 27, '0000-00-00 00:00:00', '0000-00-00 00:00:00'),
(543, 'Bosso', 27, '0000-00-00 00:00:00', '0000-00-00 00:00:00'),
(544, 'Chanchaga', 27, '0000-00-00 00:00:00', '0000-00-00 00:00:00'),
(545, 'Edati', 27, '0000-00-00 00:00:00', '0000-00-00 00:00:00'),
(546, 'Gbako', 27, '0000-00-00 00:00:00', '0000-00-00 00:00:00'),
(547, 'Gurara', 27, '0000-00-00 00:00:00', '0000-00-00 00:00:00'),
(548, 'Katcha', 27, '0000-00-00 00:00:00', '0000-00-00 00:00:00'),
(549, 'Kontagora', 27, '0000-00-00 00:00:00', '0000-00-00 00:00:00'),
(550, 'Lapai', 27, '0000-00-00 00:00:00', '0000-00-00 00:00:00'),
(551, 'Lavun', 27, '0000-00-00 00:00:00', '0000-00-00 00:00:00'),
(552, 'Magama', 27, '0000-00-00 00:00:00', '0000-00-00 00:00:00'),
(553, 'Mariga', 27, '0000-00-00 00:00:00', '0000-00-00 00:00:00'),
(554, 'Mashegu', 27, '0000-00-00 00:00:00', '0000-00-00 00:00:00'),
(555, 'Mokwa', 27, '0000-00-00 00:00:00', '0000-00-00 00:00:00'),
(556, 'Moya', 27, '0000-00-00 00:00:00', '0000-00-00 00:00:00'),
(557, 'Paikoro', 27, '0000-00-00 00:00:00', '0000-00-00 00:00:00'),
(558, 'Rafi', 27, '0000-00-00 00:00:00', '0000-00-00 00:00:00'),
(559, 'Rijau', 27, '0000-00-00 00:00:00', '0000-00-00 00:00:00'),
(560, 'Shiroro', 27, '0000-00-00 00:00:00', '0000-00-00 00:00:00'),
(561, 'Suleja', 27, '0000-00-00 00:00:00', '0000-00-00 00:00:00'),
(562, 'Tafa', 27, '0000-00-00 00:00:00', '0000-00-00 00:00:00'),
(563, 'Wushishi', 27, '0000-00-00 00:00:00', '0000-00-00 00:00:00'),
(564, 'Abeokuta North', 28, '0000-00-00 00:00:00', '0000-00-00 00:00:00'),
(565, 'Abeokuta South', 28, '0000-00-00 00:00:00', '0000-00-00 00:00:00'),
(566, 'Ado-Odo/Ota', 28, '0000-00-00 00:00:00', '0000-00-00 00:00:00'),
(567, 'Egbado North', 28, '0000-00-00 00:00:00', '0000-00-00 00:00:00'),
(568, 'Egbado South', 28, '0000-00-00 00:00:00', '0000-00-00 00:00:00'),
(569, 'Ewekoro', 28, '0000-00-00 00:00:00', '0000-00-00 00:00:00'),
(570, 'Ifo', 28, '0000-00-00 00:00:00', '0000-00-00 00:00:00'),
(571, 'Ijebu East', 28, '0000-00-00 00:00:00', '0000-00-00 00:00:00'),
(572, 'Ijebu North', 28, '0000-00-00 00:00:00', '0000-00-00 00:00:00'),
(573, 'Ijebu North East', 28, '0000-00-00 00:00:00', '0000-00-00 00:00:00'),
(574, 'Ijebu Ode', 28, '0000-00-00 00:00:00', '0000-00-00 00:00:00'),
(575, 'Ikenne', 28, '0000-00-00 00:00:00', '0000-00-00 00:00:00'),
(576, 'Imeko Afon', 28, '0000-00-00 00:00:00', '0000-00-00 00:00:00'),
(577, 'Ipokia', 28, '0000-00-00 00:00:00', '0000-00-00 00:00:00'),
(578, 'Obafemi Owode', 28, '0000-00-00 00:00:00', '0000-00-00 00:00:00'),
(579, 'Odeda', 28, '0000-00-00 00:00:00', '0000-00-00 00:00:00'),
(580, 'Odogbolu', 28, '0000-00-00 00:00:00', '0000-00-00 00:00:00'),
(581, 'Ogun Waterside', 28, '0000-00-00 00:00:00', '0000-00-00 00:00:00'),
(582, 'Remo North', 28, '0000-00-00 00:00:00', '0000-00-00 00:00:00'),
(583, 'Shagamu', 28, '0000-00-00 00:00:00', '0000-00-00 00:00:00'),
(584, 'Akoko North-East', 29, '0000-00-00 00:00:00', '0000-00-00 00:00:00'),
(585, 'Akoko North-West', 29, '0000-00-00 00:00:00', '0000-00-00 00:00:00'),
(586, 'Akoko South-West', 29, '0000-00-00 00:00:00', '0000-00-00 00:00:00'),
(587, 'Akoko South-East', 29, '0000-00-00 00:00:00', '0000-00-00 00:00:00'),
(588, 'Akure North', 29, '0000-00-00 00:00:00', '0000-00-00 00:00:00'),
(589, 'Akure South', 29, '0000-00-00 00:00:00', '0000-00-00 00:00:00'),
(590, 'Ese Odo', 29, '0000-00-00 00:00:00', '0000-00-00 00:00:00'),
(591, 'Idanre', 29, '0000-00-00 00:00:00', '0000-00-00 00:00:00'),
(592, 'Ifedore', 29, '0000-00-00 00:00:00', '0000-00-00 00:00:00'),
(593, 'Ilaje', 29, '0000-00-00 00:00:00', '0000-00-00 00:00:00'),
(594, 'Ile Oluji/Okeigbo', 29, '0000-00-00 00:00:00', '0000-00-00 00:00:00'),
(595, 'Irele', 29, '0000-00-00 00:00:00', '0000-00-00 00:00:00'),
(596, 'Odigbo', 29, '0000-00-00 00:00:00', '0000-00-00 00:00:00'),
(597, 'Okitipupa', 29, '0000-00-00 00:00:00', '0000-00-00 00:00:00'),
(598, 'Ondo East', 29, '0000-00-00 00:00:00', '0000-00-00 00:00:00'),
(599, 'Ondo West', 29, '0000-00-00 00:00:00', '0000-00-00 00:00:00'),
(600, 'Ose', 29, '0000-00-00 00:00:00', '0000-00-00 00:00:00'),
(601, 'Owo', 29, '0000-00-00 00:00:00', '0000-00-00 00:00:00'),
(602, 'Atakunmosa East', 30, '0000-00-00 00:00:00', '0000-00-00 00:00:00'),
(603, 'Atakunmosa West', 30, '0000-00-00 00:00:00', '0000-00-00 00:00:00'),
(604, 'Aiyedaade', 30, '0000-00-00 00:00:00', '0000-00-00 00:00:00'),
(605, 'Aiyedire', 30, '0000-00-00 00:00:00', '0000-00-00 00:00:00'),
(606, 'Boluwaduro', 30, '0000-00-00 00:00:00', '0000-00-00 00:00:00'),
(607, 'Boripe', 30, '0000-00-00 00:00:00', '0000-00-00 00:00:00'),
(608, 'Ede North', 30, '0000-00-00 00:00:00', '0000-00-00 00:00:00'),
(609, 'Ede South', 30, '0000-00-00 00:00:00', '0000-00-00 00:00:00'),
(610, 'Ife Central', 30, '0000-00-00 00:00:00', '0000-00-00 00:00:00'),
(611, 'Ife East', 30, '0000-00-00 00:00:00', '0000-00-00 00:00:00'),
(612, 'Ife North', 30, '0000-00-00 00:00:00', '0000-00-00 00:00:00'),
(613, 'Ife South', 30, '0000-00-00 00:00:00', '0000-00-00 00:00:00'),
(614, 'Egbedore', 30, '0000-00-00 00:00:00', '0000-00-00 00:00:00'),
(615, 'Ejigbo', 30, '0000-00-00 00:00:00', '0000-00-00 00:00:00'),
(616, 'Ifedayo', 30, '0000-00-00 00:00:00', '0000-00-00 00:00:00'),
(617, 'Ifelodun', 30, '0000-00-00 00:00:00', '0000-00-00 00:00:00'),
(618, 'Ila', 30, '0000-00-00 00:00:00', '0000-00-00 00:00:00'),
(619, 'Ilesa East', 30, '0000-00-00 00:00:00', '0000-00-00 00:00:00'),
(620, 'Ilesa West', 30, '0000-00-00 00:00:00', '0000-00-00 00:00:00'),
(621, 'Irepodun', 30, '0000-00-00 00:00:00', '0000-00-00 00:00:00'),
(622, 'Irewole', 30, '0000-00-00 00:00:00', '0000-00-00 00:00:00'),
(623, 'Isokan', 30, '0000-00-00 00:00:00', '0000-00-00 00:00:00'),
(624, 'Iwo', 30, '0000-00-00 00:00:00', '0000-00-00 00:00:00'),
(625, 'Obokun', 30, '0000-00-00 00:00:00', '0000-00-00 00:00:00'),
(626, 'Odo Otin', 30, '0000-00-00 00:00:00', '0000-00-00 00:00:00'),
(627, 'Ola Oluwa', 30, '0000-00-00 00:00:00', '0000-00-00 00:00:00'),
(628, 'Olorunda', 30, '0000-00-00 00:00:00', '0000-00-00 00:00:00'),
(629, 'Oriade', 30, '0000-00-00 00:00:00', '0000-00-00 00:00:00'),
(630, 'Orolu', 30, '0000-00-00 00:00:00', '0000-00-00 00:00:00'),
(631, 'Osogbo', 30, '0000-00-00 00:00:00', '0000-00-00 00:00:00'),
(632, 'Afijio', 31, '0000-00-00 00:00:00', '0000-00-00 00:00:00'),
(633, 'Akinyele', 31, '0000-00-00 00:00:00', '0000-00-00 00:00:00'),
(634, 'Atiba', 31, '0000-00-00 00:00:00', '0000-00-00 00:00:00'),
(635, 'Atisbo', 31, '0000-00-00 00:00:00', '0000-00-00 00:00:00'),
(636, 'Egbeda', 31, '0000-00-00 00:00:00', '0000-00-00 00:00:00'),
(637, 'Ibadan North', 31, '0000-00-00 00:00:00', '0000-00-00 00:00:00'),
(638, 'Ibadan North-East', 31, '0000-00-00 00:00:00', '0000-00-00 00:00:00'),
(639, 'Ibadan North-West', 31, '0000-00-00 00:00:00', '0000-00-00 00:00:00'),
(640, 'Ibadan South-East', 31, '0000-00-00 00:00:00', '0000-00-00 00:00:00'),
(641, 'Ibadan South-West', 31, '0000-00-00 00:00:00', '0000-00-00 00:00:00'),
(642, 'Ibarapa Central', 31, '0000-00-00 00:00:00', '0000-00-00 00:00:00'),
(643, 'Ibarapa East', 31, '0000-00-00 00:00:00', '0000-00-00 00:00:00'),
(644, 'Ibarapa North', 31, '0000-00-00 00:00:00', '0000-00-00 00:00:00'),
(645, 'Ido', 31, '0000-00-00 00:00:00', '0000-00-00 00:00:00'),
(646, 'Irepo', 31, '0000-00-00 00:00:00', '0000-00-00 00:00:00'),
(647, 'Iseyin', 31, '0000-00-00 00:00:00', '0000-00-00 00:00:00'),
(648, 'Itesiwaju', 31, '0000-00-00 00:00:00', '0000-00-00 00:00:00'),
(649, 'Iwajowa', 31, '0000-00-00 00:00:00', '0000-00-00 00:00:00'),
(650, 'Kajola', 31, '0000-00-00 00:00:00', '0000-00-00 00:00:00'),
(651, 'Lagelu', 31, '0000-00-00 00:00:00', '0000-00-00 00:00:00'),
(652, 'Ogbomosho North', 31, '0000-00-00 00:00:00', '0000-00-00 00:00:00'),
(653, 'Ogbomosho South', 31, '0000-00-00 00:00:00', '0000-00-00 00:00:00'),
(654, 'Ogo Oluwa', 31, '0000-00-00 00:00:00', '0000-00-00 00:00:00'),
(655, 'Olorunsogo', 31, '0000-00-00 00:00:00', '0000-00-00 00:00:00'),
(656, 'Oluyole', 31, '0000-00-00 00:00:00', '0000-00-00 00:00:00'),
(657, 'Ona Ara', 31, '0000-00-00 00:00:00', '0000-00-00 00:00:00'),
(658, 'Orelope', 31, '0000-00-00 00:00:00', '0000-00-00 00:00:00'),
(659, 'Ori Ire', 31, '0000-00-00 00:00:00', '0000-00-00 00:00:00'),
(660, 'Oyo', 31, '0000-00-00 00:00:00', '0000-00-00 00:00:00'),
(661, 'Oyo East', 31, '0000-00-00 00:00:00', '0000-00-00 00:00:00'),
(662, 'Saki East', 31, '0000-00-00 00:00:00', '0000-00-00 00:00:00'),
(663, 'Saki West', 31, '0000-00-00 00:00:00', '0000-00-00 00:00:00'),
(664, 'Surulere, Oyo State', 31, '0000-00-00 00:00:00', '0000-00-00 00:00:00'),
(665, 'Bokkos', 32, '0000-00-00 00:00:00', '0000-00-00 00:00:00'),
(666, 'Barkin Ladi', 32, '0000-00-00 00:00:00', '0000-00-00 00:00:00'),
(667, 'Bassa', 32, '0000-00-00 00:00:00', '0000-00-00 00:00:00'),
(668, 'Jos East', 32, '0000-00-00 00:00:00', '0000-00-00 00:00:00'),
(669, 'Jos North', 32, '0000-00-00 00:00:00', '0000-00-00 00:00:00'),
(670, 'Jos South', 32, '0000-00-00 00:00:00', '0000-00-00 00:00:00'),
(671, 'Kanam', 32, '0000-00-00 00:00:00', '0000-00-00 00:00:00'),
(672, 'Kanke', 32, '0000-00-00 00:00:00', '0000-00-00 00:00:00'),
(673, 'Langtang South', 32, '0000-00-00 00:00:00', '0000-00-00 00:00:00'),
(674, 'Langtang North', 32, '0000-00-00 00:00:00', '0000-00-00 00:00:00'),
(675, 'Mangu', 32, '0000-00-00 00:00:00', '0000-00-00 00:00:00'),
(676, 'Mikang', 32, '0000-00-00 00:00:00', '0000-00-00 00:00:00'),
(677, 'Pankshin', 32, '0000-00-00 00:00:00', '0000-00-00 00:00:00'),
(678, 'Qua''an Pan', 32, '0000-00-00 00:00:00', '0000-00-00 00:00:00'),
(679, 'Riyom', 32, '0000-00-00 00:00:00', '0000-00-00 00:00:00'),
(680, 'Shendam', 32, '0000-00-00 00:00:00', '0000-00-00 00:00:00'),
(681, 'Wase', 32, '0000-00-00 00:00:00', '0000-00-00 00:00:00'),
(682, 'Abua/Odual', 33, '0000-00-00 00:00:00', '0000-00-00 00:00:00'),
(683, 'Ahoada East', 33, '0000-00-00 00:00:00', '0000-00-00 00:00:00'),
(684, 'Ahoada West', 33, '0000-00-00 00:00:00', '0000-00-00 00:00:00'),
(685, 'Akuku-Toru', 33, '0000-00-00 00:00:00', '0000-00-00 00:00:00'),
(686, 'Andoni', 33, '0000-00-00 00:00:00', '0000-00-00 00:00:00'),
(687, 'Asari-Toru', 33, '0000-00-00 00:00:00', '0000-00-00 00:00:00'),
(688, 'Bonny', 33, '0000-00-00 00:00:00', '0000-00-00 00:00:00'),
(689, 'Degema', 33, '0000-00-00 00:00:00', '0000-00-00 00:00:00'),
(690, 'Eleme', 33, '0000-00-00 00:00:00', '0000-00-00 00:00:00'),
(691, 'Emuoha', 33, '0000-00-00 00:00:00', '0000-00-00 00:00:00'),
(692, 'Etche', 33, '0000-00-00 00:00:00', '0000-00-00 00:00:00'),
(693, 'Gokana', 33, '0000-00-00 00:00:00', '0000-00-00 00:00:00'),
(694, 'Ikwerre', 33, '0000-00-00 00:00:00', '0000-00-00 00:00:00'),
(695, 'Khana', 33, '0000-00-00 00:00:00', '0000-00-00 00:00:00'),
(696, 'Obio/Akpor', 33, '0000-00-00 00:00:00', '0000-00-00 00:00:00'),
(697, 'Ogba/Egbema/Ndoni', 33, '0000-00-00 00:00:00', '0000-00-00 00:00:00'),
(698, 'Ogu/Bolo', 33, '0000-00-00 00:00:00', '0000-00-00 00:00:00'),
(699, 'Okrika', 33, '0000-00-00 00:00:00', '0000-00-00 00:00:00'),
(700, 'Omuma', 33, '0000-00-00 00:00:00', '0000-00-00 00:00:00'),
(701, 'Opobo/Nkoro', 33, '0000-00-00 00:00:00', '0000-00-00 00:00:00'),
(702, 'Oyigbo', 33, '0000-00-00 00:00:00', '0000-00-00 00:00:00'),
(703, 'Port Harcourt', 33, '0000-00-00 00:00:00', '0000-00-00 00:00:00'),
(704, 'Tai', 33, '0000-00-00 00:00:00', '0000-00-00 00:00:00'),
(705, 'Binji', 34, '0000-00-00 00:00:00', '0000-00-00 00:00:00'),
(706, 'Bodinga', 34, '0000-00-00 00:00:00', '0000-00-00 00:00:00'),
(707, 'Dange Shuni', 34, '0000-00-00 00:00:00', '0000-00-00 00:00:00'),
(708, 'Gada', 34, '0000-00-00 00:00:00', '0000-00-00 00:00:00'),
(709, 'Goronyo', 34, '0000-00-00 00:00:00', '0000-00-00 00:00:00'),
(710, 'Gudu', 34, '0000-00-00 00:00:00', '0000-00-00 00:00:00'),
(711, 'Gwadabawa', 34, '0000-00-00 00:00:00', '0000-00-00 00:00:00'),
(712, 'Illela', 34, '0000-00-00 00:00:00', '0000-00-00 00:00:00'),
(713, 'Isa', 34, '0000-00-00 00:00:00', '0000-00-00 00:00:00'),
(714, 'Kebbe', 34, '0000-00-00 00:00:00', '0000-00-00 00:00:00'),
(715, 'Kware', 34, '0000-00-00 00:00:00', '0000-00-00 00:00:00'),
(716, 'Rabah', 34, '0000-00-00 00:00:00', '0000-00-00 00:00:00'),
(717, 'Sabon Birni', 34, '0000-00-00 00:00:00', '0000-00-00 00:00:00'),
(718, 'Shagari', 34, '0000-00-00 00:00:00', '0000-00-00 00:00:00'),
(719, 'Silame', 34, '0000-00-00 00:00:00', '0000-00-00 00:00:00'),
(720, 'Sokoto North', 34, '0000-00-00 00:00:00', '0000-00-00 00:00:00'),
(721, 'Sokoto South', 34, '0000-00-00 00:00:00', '0000-00-00 00:00:00'),
(722, 'Tambuwal', 34, '0000-00-00 00:00:00', '0000-00-00 00:00:00'),
(723, 'Tangaza', 34, '0000-00-00 00:00:00', '0000-00-00 00:00:00'),
(724, 'Tureta', 34, '0000-00-00 00:00:00', '0000-00-00 00:00:00'),
(725, 'Wamako', 34, '0000-00-00 00:00:00', '0000-00-00 00:00:00'),
(726, 'Wurno', 34, '0000-00-00 00:00:00', '0000-00-00 00:00:00'),
(727, 'Yabo', 34, '0000-00-00 00:00:00', '0000-00-00 00:00:00'),
(728, 'Ardo Kola', 35, '0000-00-00 00:00:00', '0000-00-00 00:00:00'),
(729, 'Bali', 35, '0000-00-00 00:00:00', '0000-00-00 00:00:00'),
(730, 'Donga', 35, '0000-00-00 00:00:00', '0000-00-00 00:00:00'),
(731, 'Gashaka', 35, '0000-00-00 00:00:00', '0000-00-00 00:00:00'),
(732, 'Gassol', 35, '0000-00-00 00:00:00', '0000-00-00 00:00:00'),
(733, 'Ibi', 35, '0000-00-00 00:00:00', '0000-00-00 00:00:00'),
(734, 'Jalingo', 35, '0000-00-00 00:00:00', '0000-00-00 00:00:00'),
(735, 'Karim Lamido', 35, '0000-00-00 00:00:00', '0000-00-00 00:00:00'),
(736, 'Kumi', 35, '0000-00-00 00:00:00', '0000-00-00 00:00:00'),
(737, 'Lau', 35, '0000-00-00 00:00:00', '0000-00-00 00:00:00'),
(738, 'Sardauna', 35, '0000-00-00 00:00:00', '0000-00-00 00:00:00'),
(739, 'Takum', 35, '0000-00-00 00:00:00', '0000-00-00 00:00:00'),
(740, 'Ussa', 35, '0000-00-00 00:00:00', '0000-00-00 00:00:00'),
(741, 'Wukari', 35, '0000-00-00 00:00:00', '0000-00-00 00:00:00'),
(742, 'Yorro', 35, '0000-00-00 00:00:00', '0000-00-00 00:00:00'),
(743, 'Zing', 35, '0000-00-00 00:00:00', '0000-00-00 00:00:00'),
(744, 'Bade', 36, '0000-00-00 00:00:00', '0000-00-00 00:00:00'),
(745, 'Bursari', 36, '0000-00-00 00:00:00', '0000-00-00 00:00:00'),
(746, 'Damaturu', 36, '0000-00-00 00:00:00', '0000-00-00 00:00:00'),
(747, 'Fika', 36, '0000-00-00 00:00:00', '0000-00-00 00:00:00'),
(748, 'Fune', 36, '0000-00-00 00:00:00', '0000-00-00 00:00:00'),
(749, 'Geidam', 36, '0000-00-00 00:00:00', '0000-00-00 00:00:00'),
(750, 'Gujba', 36, '0000-00-00 00:00:00', '0000-00-00 00:00:00'),
(751, 'Gulani', 36, '0000-00-00 00:00:00', '0000-00-00 00:00:00'),
(752, 'Jakusko', 36, '0000-00-00 00:00:00', '0000-00-00 00:00:00'),
(753, 'Karasuwa', 36, '0000-00-00 00:00:00', '0000-00-00 00:00:00');
INSERT INTO `lgas` (`lga_id`, `lga`, `state_id`, `created_at`, `updated_at`) VALUES
(754, 'Machina', 36, '0000-00-00 00:00:00', '0000-00-00 00:00:00'),
(755, 'Nangere', 36, '0000-00-00 00:00:00', '0000-00-00 00:00:00'),
(756, 'Nguru', 36, '0000-00-00 00:00:00', '0000-00-00 00:00:00'),
(757, 'Potiskum', 36, '0000-00-00 00:00:00', '0000-00-00 00:00:00'),
(758, 'Tarmuwa', 36, '0000-00-00 00:00:00', '0000-00-00 00:00:00'),
(759, 'Yunusari', 36, '0000-00-00 00:00:00', '0000-00-00 00:00:00'),
(760, 'Yusufari', 36, '0000-00-00 00:00:00', '0000-00-00 00:00:00'),
(761, 'Anka', 37, '0000-00-00 00:00:00', '0000-00-00 00:00:00'),
(762, 'Bakura', 37, '0000-00-00 00:00:00', '0000-00-00 00:00:00'),
(763, 'Birnin Magaji/Kiyaw', 37, '0000-00-00 00:00:00', '0000-00-00 00:00:00'),
(764, 'Bukkuyum', 37, '0000-00-00 00:00:00', '0000-00-00 00:00:00'),
(765, 'Bungudu', 37, '0000-00-00 00:00:00', '0000-00-00 00:00:00'),
(766, 'Gummi', 37, '0000-00-00 00:00:00', '0000-00-00 00:00:00'),
(767, 'Gusau', 37, '0000-00-00 00:00:00', '0000-00-00 00:00:00'),
(768, 'Kaura Namoda', 37, '0000-00-00 00:00:00', '0000-00-00 00:00:00'),
(769, 'Maradun', 37, '0000-00-00 00:00:00', '0000-00-00 00:00:00'),
(770, 'Maru', 37, '0000-00-00 00:00:00', '0000-00-00 00:00:00'),
(771, 'Shinkafi', 37, '0000-00-00 00:00:00', '0000-00-00 00:00:00'),
(772, 'Talata Mafara', 37, '0000-00-00 00:00:00', '0000-00-00 00:00:00'),
(773, 'Chafe', 37, '0000-00-00 00:00:00', '0000-00-00 00:00:00'),
(774, 'Zurmi', 37, '0000-00-00 00:00:00', '0000-00-00 00:00:00');

-- --------------------------------------------------------

--
-- Table structure for table `likes`
--

CREATE TABLE IF NOT EXISTS `likes` (
  `like_id` int(10) unsigned NOT NULL AUTO_INCREMENT,
  `like` int(10) unsigned NOT NULL DEFAULT '0',
  `object_id` int(10) unsigned NOT NULL,
  `app_user_id` int(10) unsigned NOT NULL,
  `object_type_id` int(11) NOT NULL,
  `created_at` timestamp NOT NULL DEFAULT '0000-00-00 00:00:00',
  `updated_at` timestamp NOT NULL DEFAULT '0000-00-00 00:00:00',
  PRIMARY KEY (`like_id`),
  KEY `likes_object_id_index` (`object_id`),
  KEY `likes_app_user_id_index` (`app_user_id`),
  KEY `likes_like_type_id_index` (`object_type_id`)
) ENGINE=InnoDB DEFAULT CHARSET=utf8 COLLATE=utf8_unicode_ci AUTO_INCREMENT=1 ;

-- --------------------------------------------------------

--
-- Table structure for table `menu_items`
--

CREATE TABLE IF NOT EXISTS `menu_items` (
  `menu_item_id` int(10) unsigned NOT NULL AUTO_INCREMENT,
  `menu_item` varchar(150) COLLATE utf8_unicode_ci NOT NULL,
  `menu_item_url` varchar(150) COLLATE utf8_unicode_ci NOT NULL,
  `menu_item_icon` varchar(100) COLLATE utf8_unicode_ci NOT NULL,
  `active` int(10) unsigned NOT NULL DEFAULT '1',
  `sequence` varchar(255) COLLATE utf8_unicode_ci NOT NULL,
  `menu_id` int(10) unsigned NOT NULL,
  `created_at` timestamp NOT NULL DEFAULT '0000-00-00 00:00:00',
  `updated_at` timestamp NOT NULL DEFAULT '0000-00-00 00:00:00',
  PRIMARY KEY (`menu_item_id`),
  KEY `menu_items_menu_id_index` (`menu_id`)
) ENGINE=InnoDB  DEFAULT CHARSET=utf8 COLLATE=utf8_unicode_ci AUTO_INCREMENT=48 ;

--
-- Dumping data for table `menu_items`
--

INSERT INTO `menu_items` (`menu_item_id`, `menu_item`, `menu_item_url`, `menu_item_icon`, `active`, `sequence`, `menu_id`, `created_at`, `updated_at`) VALUES
(1, 'View Profile', '/profiles/show', 'fa fa-eye', 1, '1', 1, '0000-00-00 00:00:00', '2015-08-20 09:34:22'),
(2, 'Edit Profile', '/profiles/edit', 'fa fa-edit', 1, '2', 1, '0000-00-00 00:00:00', '0000-00-00 00:00:00'),
(3, 'Manage Projects', '/projects', 'fa fa-table', 1, '1', 2, '0000-00-00 00:00:00', '2015-08-21 07:06:14'),
(4, 'Create Project', '/projects/create', 'fa fa-plus-square', 1, '2', 2, '0000-00-00 00:00:00', '2015-08-21 07:06:14'),
(5, 'My Projects', '/supervisors/projects', 'fa fa-list-alt', 1, '3', 2, '2015-08-20 17:49:24', '2015-08-20 17:49:24'),
(6, 'Contractors', '#', 'fa fa-gears', 1, '5', 2, '2015-09-01 11:02:43', '2015-09-24 06:46:03'),
(12, 'Legislatives', '#', 'fa fa-group', 1, '2', 8, '2015-08-25 14:01:08', '2015-10-09 08:00:47'),
(13, 'Manage Menus', '#', 'fa fa-tasks', 1, '7', 8, '2015-08-25 14:12:36', '2015-08-25 14:31:03'),
(14, 'User', '#', 'fa fa-user', 1, '4', 8, '2015-08-25 14:17:06', '2015-10-09 08:00:48'),
(15, 'Basic Settings', '#', 'fa fa-list-alt', 1, '3', 8, '2015-08-25 14:27:16', '2015-10-09 08:00:48'),
(19, 'Manage Committees', '/committee-details', 'fa fa-table', 1, '1', 9, '2015-09-02 14:12:14', '2015-09-03 09:50:57'),
(21, 'Notice Paper', '#', 'fa fa-group', 1, '1', 12, '2015-09-05 09:04:28', '2015-09-10 13:18:23'),
(22, 'Order Paper', '#', 'fa fa-group', 1, '2', 12, '2015-09-05 09:04:28', '2015-09-10 13:18:23'),
(23, 'Hopper', '/bills/hopper', 'fa fa-home', 1, '4', 5, '2015-09-08 06:55:20', '2015-09-08 13:57:14'),
(24, 'Upload Bill', '/bills/create', 'fa fa-plus-square', 1, '2', 5, '2015-09-08 08:14:41', '2015-09-08 13:57:14'),
(25, 'List Bills', '/bills', 'fa fa-table', 1, '1', 5, '2015-09-08 09:55:39', '2015-09-08 13:57:14'),
(26, 'My Bills', '/bills/my-bills', 'fa fa-group', 1, '3', 5, '2015-09-08 13:42:34', '2015-09-24 08:53:41'),
(27, 'Senators', '/legislators/senators', 'fa fa-table', 1, '1', 11, '2015-09-09 19:25:42', '2015-09-09 11:58:08'),
(28, 'Fededral Reps.', '/legislators/federal-reps', 'fa fa-list-ol', 1, '2', 11, '2015-09-09 19:27:53', '2015-09-09 11:58:08'),
(29, 'State Reps.', '/legislators/state-reps', 'fa fa-list-alt', 1, '3', 11, '2015-09-09 19:27:53', '2015-09-09 11:58:08'),
(30, 'Hansards', '#', 'fa fa-table', 1, '1', 12, '2015-09-10 12:42:13', '2015-09-10 12:42:13'),
(34, 'Votes & Proceedings', '#', 'fa fa-group', 1, '2', 12, '2015-09-10 13:14:16', '2015-09-10 13:14:57'),
(35, 'Eductional Background', '/profiles/education', 'fa fa-book', 1, '3', 1, '2015-09-14 07:35:38', '2015-09-14 07:35:38'),
(36, 'Previous Offices', '/profiles/offices', 'fa fa-home', 1, '4', 1, '2015-09-14 07:35:38', '2015-09-14 07:35:38'),
(37, 'Press Statements', '#', 'fa fa-book', 1, '1', 13, '2015-09-17 06:59:51', '2015-09-17 07:02:45'),
(38, 'Manage Oraganisations', '/organisations', 'fa fa-table', 1, '1', 14, '2015-09-18 09:56:21', '2015-09-22 06:35:39'),
(40, 'Create Organisation', '/organisations/create', 'fa fa-group', 1, '2', 14, '2015-09-21 07:19:42', '2015-09-21 07:19:42'),
(41, 'Departments', '/organisations/departments', 'fa fa-list-ol', 1, '4', 14, '2015-09-21 13:21:24', '2015-09-21 13:21:24'),
(42, 'Organisational Heads', '#', 'fa fa-users', 1, '5', 14, '2015-09-21 14:33:31', '2015-09-21 14:33:45'),
(43, 'Authorisation', '#', 'fa fa-group', 1, '5', 8, '2015-09-22 14:22:48', '2015-10-09 08:00:48'),
(44, 'Supervisors', '#', 'fa fa-users', 1, '4', 2, '2015-09-24 06:46:03', '2015-09-24 06:46:03'),
(45, 'Executives', '#', 'fa fa-users', 1, '1', 8, '2015-10-09 08:00:48', '2015-10-09 08:00:48'),
(46, 'Governors', '/executives/governors', 'fa fa-home', 1, '1', 15, '2015-10-09 10:52:39', '2015-10-09 10:52:39'),
(47, 'Deputy Governors', '/executives/deputy-governors', 'fa fa-archive', 0, '2', 15, '2015-10-09 10:52:39', '2015-10-09 22:00:05');

-- --------------------------------------------------------

--
-- Table structure for table `menus`
--

CREATE TABLE IF NOT EXISTS `menus` (
  `menu_id` int(10) unsigned NOT NULL AUTO_INCREMENT,
  `menu` varchar(150) COLLATE utf8_unicode_ci NOT NULL,
  `menu_url` varchar(150) COLLATE utf8_unicode_ci DEFAULT NULL,
  `active` int(10) unsigned NOT NULL DEFAULT '1',
  `sequence` int(10) unsigned NOT NULL,
  `icon` varchar(255) COLLATE utf8_unicode_ci NOT NULL,
  `created_at` timestamp NOT NULL DEFAULT '0000-00-00 00:00:00',
  `updated_at` timestamp NOT NULL DEFAULT '0000-00-00 00:00:00',
  PRIMARY KEY (`menu_id`)
) ENGINE=InnoDB  DEFAULT CHARSET=utf8 COLLATE=utf8_unicode_ci AUTO_INCREMENT=16 ;

--
-- Dumping data for table `menus`
--

INSERT INTO `menus` (`menu_id`, `menu`, `menu_url`, `active`, `sequence`, `icon`, `created_at`, `updated_at`) VALUES
(1, 'Profile', '#', 1, 1, 'fa fa-user', '0000-00-00 00:00:00', '2015-09-08 10:58:55'),
(2, 'Projects', '#', 1, 5, 'fa fa-briefcase', '0000-00-00 00:00:00', '2015-10-09 10:50:26'),
(5, 'Bills and Acts', '#', 1, 9, 'fa fa-money', '0000-00-00 00:00:00', '2015-10-09 10:50:26'),
(6, 'Instant Reports', '#', 0, 19, 'fa fa-info', '0000-00-00 00:00:00', '2015-09-17 06:58:04'),
(8, 'Master Records', '#', 1, 20, 'fa fa-cogs', '0000-00-00 00:00:00', '2015-09-17 06:58:04'),
(9, 'Committee', '#', 1, 4, 'fa fa-users', '2015-09-02 14:10:29', '2015-10-09 10:50:26'),
(11, 'Legislators', '#', 1, 3, 'fa fa-user', '2015-09-09 19:22:08', '2015-10-09 10:50:26'),
(12, 'Documents', '#', 1, 7, 'fa fa-book', '2015-09-10 12:41:09', '2015-10-09 10:50:26'),
(13, 'Media', '#', 1, 8, 'fa fa-folder-open-o', '2015-09-17 06:57:27', '2015-10-09 10:50:26'),
(14, 'Organisations', '#', 1, 6, 'fa fa-user', '2015-09-21 06:58:00', '2015-10-09 10:50:26'),
(15, 'Executives', '#', 1, 2, 'fa fa-gears', '2015-10-09 10:50:26', '2015-10-09 10:50:26');

-- --------------------------------------------------------

--
-- Table structure for table `migrations`
--

CREATE TABLE IF NOT EXISTS `migrations` (
  `migration` varchar(255) COLLATE utf8_unicode_ci NOT NULL,
  `batch` int(11) NOT NULL
) ENGINE=InnoDB DEFAULT CHARSET=utf8 COLLATE=utf8_unicode_ci;

--
-- Dumping data for table `migrations`
--

INSERT INTO `migrations` (`migration`, `batch`) VALUES
('2014_10_12_000000_create_users_table', 1),
('2014_10_12_100000_create_password_resets_table', 1),
('2015_07_31_160608_create_state_table', 1),
('2015_07_31_161238_create_lga_table', 1),
('2015_08_03_073606_create_senatorial_districts_table', 1),
('2015_08_03_073951_create_projects_table', 1),
('2015_08_03_074833_create_menus_table', 1),
('2015_08_03_074909_create_menu_items_table', 1),
('2015_08_05_105309_create_user_types_table', 1),
('2015_08_09_074910_create_contractors_table', 1),
('2015_08_10_091308_create_sector_table', 1),
('2015_08_11_091118_create_beneficiary_table', 1),
('2015_08_11_096689_create_domain_table', 1),
('2015_08_12_143254_create_project_updates_table', 1),
('2015_08_12_143340_create_project_comment_table', 1),
('2015_08_14_28392_create_app_users_table', 2),
('2015_08_18_075425_create_time_line_table', 2),
('2015_08_18_154431_add_column_model_to_time_line_type', 2),
('2015_08_19_103854_create_likes_table', 2),
('2015_08_19_111823_create_object_types_table', 2),
('2015_08_20_075745_create_sub_users_table', 3),
('2015_08_20_124519_create_project_supervisors_table', 3),
('2015_08_25_081654_create_senators_table', 3),
('2015_08_25_081936_create_federal_representatives_table', 3),
('2015_08_25_082235_create_state_representatives_table', 3),
('2015_08_25_082355_create_ranks_table', 4),
('2015_08_25_094536_create_house_table', 4),
('2015_08_25_124059_create_sub_menu_item', 4),
('2015_08_25_130202_create_federal_constituencies_table', 4),
('2015_08_25_130250_create_state_constituencies_table', 4),
('2015_08_26_073807_create_hansards_table', 5),
('2015_08_26_105139_create_hansard_roll_calls_table', 5),
('2015_09_01_120604_create_votes_and_proceedings_table', 5),
('2015_09_01_120631_create_votes_and_proceedings_roll_call_table', 5),
('2015_09_02_152218_create_committee_types_table', 6),
('2015_09_02_152304_create_committees_table', 6),
('2015_09_02_152405_create_committee_details_table', 6),
('2015_09_02_152555_create_committee_members_table', 6),
('2015_09_04_130731_create_salutations_table', 7),
('2015_09_04_130849_create_political_parties_table', 7),
('2015_09_05_094749_create_notice_paper_table', 7),
('2015_09_05_110825_create_order_paper_table', 7),
('2015_09_08_075232_create_bills_table', 8),
('2015_09_08_075729_create_hopper_table', 8),
('2015_09_08_150235_create_bills_sponsors_table', 8),
('2015_09_14_081052_create_previous_offices_table', 8),
('2015_09_14_081448_create_educational_backgrounds_table', 8),
('2015_09_17_090630_create_press_statements_table', 9),
('2015_09_17_115055_create_photo_galleries_table', 9),
('2015_09_17_115654_create_press_statement_galleries_table', 9),
('2015_09_18_102849_create_organisation_type', 10),
('2015_09_18_103000_create_organisation', 10),
('2015_09_21_104322_create_department_table', 10),
('2015_09_21_143150_create_department_members_table', 10),
('2015_09_21_155840_create_organisation_users_table', 10),
('2015_09_22_140800_entrust_setup_tables', 11),
('2015_09_23_170122_create_roles_menus_table', 12),
('2015_09_23_170144_create_roles_menu_items_table', 12),
('2015_09_23_170202_create_roles_sub_menu_items_table', 12),
('2015_09_29_110339_create_additional_organization_columns', 13);

-- --------------------------------------------------------

--
-- Table structure for table `notice_papers`
--

CREATE TABLE IF NOT EXISTS `notice_papers` (
  `notice_paper_id` int(10) unsigned NOT NULL AUTO_INCREMENT,
  `volume` int(10) unsigned NOT NULL,
  `number` int(10) unsigned NOT NULL,
  `date` timestamp NOT NULL DEFAULT '0000-00-00 00:00:00',
  `session` varchar(255) COLLATE utf8_unicode_ci NOT NULL,
  `upload_url` varchar(255) COLLATE utf8_unicode_ci NOT NULL,
  `house_id` int(10) unsigned NOT NULL,
  `user_id` int(10) unsigned NOT NULL,
  `created_at` timestamp NOT NULL DEFAULT '0000-00-00 00:00:00',
  `updated_at` timestamp NOT NULL DEFAULT '0000-00-00 00:00:00',
  PRIMARY KEY (`notice_paper_id`),
  KEY `notice_papers_house_id_index` (`house_id`),
  KEY `notice_papers_user_id_index` (`user_id`)
) ENGINE=InnoDB  DEFAULT CHARSET=utf8 COLLATE=utf8_unicode_ci AUTO_INCREMENT=13 ;

--
-- Dumping data for table `notice_papers`
--

INSERT INTO `notice_papers` (`notice_paper_id`, `volume`, `number`, `date`, `session`, `upload_url`, `house_id`, `user_id`, `created_at`, `updated_at`) VALUES
(1, 13, 3, '2015-08-12 19:32:26', '1st Session', '1_upload.pdf', 1, 2, '2015-10-01 19:32:26', '2015-10-01 19:32:26'),
(2, 46, 32, '2015-08-05 21:22:41', '1st Session', '2_upload.pdf', 1, 2, '2015-10-01 21:13:42', '2015-10-01 21:22:42'),
(3, 1, 1, '2015-08-04 21:25:00', '1st Session', '3_upload.pdf', 1, 2, '2015-10-01 21:25:00', '2015-10-01 21:25:01'),
(4, 29, 7, '2015-08-04 21:29:51', '1st Session', '4_upload.pdf', 2, 2, '2015-10-01 21:29:51', '2015-10-01 21:29:52'),
(5, 27, 6, '2015-08-03 21:31:54', '1st Session', '5_upload.pdf', 2, 2, '2015-10-01 21:31:54', '2015-10-01 21:31:55'),
(6, 21, 5, '2015-07-28 21:34:01', '1st Session', '6_upload.pdf', 2, 2, '2015-10-01 21:34:01', '2015-10-01 21:34:01'),
(7, 11, 3, '2015-07-27 21:35:16', '1st Session', '7_upload.pdf', 2, 2, '2015-10-01 21:35:16', '2015-10-01 21:35:17'),
(8, 87, 43, '2015-06-02 21:37:03', '1st Session', '8_upload.pdf', 1, 2, '2015-10-01 21:37:03', '2015-10-01 21:37:04'),
(9, 86, 42, '2015-05-27 21:38:30', '1st Session', '9_upload.pdf', 1, 2, '2015-10-01 21:38:30', '2015-10-01 21:38:31'),
(10, 84, 41, '2015-05-26 21:40:26', '1st Session', '10_upload.pdf', 1, 2, '2015-10-01 21:40:26', '2015-10-01 21:40:26'),
(11, 113, 27, '2015-05-18 21:46:08', '1st Session', '11_upload.pdf', 2, 2, '2015-10-01 21:46:08', '2015-10-01 21:46:09'),
(12, 95, 42, '2015-05-16 21:47:26', '4th Session', '12_upload.pdf', 2, 2, '2015-10-01 21:47:26', '2015-10-01 21:47:26');

-- --------------------------------------------------------

--
-- Table structure for table `object_types`
--

CREATE TABLE IF NOT EXISTS `object_types` (
  `object_type_id` int(10) unsigned NOT NULL AUTO_INCREMENT,
  `object_type` varchar(255) COLLATE utf8_unicode_ci NOT NULL,
  `model` varchar(255) COLLATE utf8_unicode_ci NOT NULL,
  `created_at` timestamp NOT NULL DEFAULT '0000-00-00 00:00:00',
  `updated_at` timestamp NOT NULL DEFAULT '0000-00-00 00:00:00',
  PRIMARY KEY (`object_type_id`)
) ENGINE=InnoDB  DEFAULT CHARSET=utf8 COLLATE=utf8_unicode_ci AUTO_INCREMENT=5 ;

--
-- Dumping data for table `object_types`
--

INSERT INTO `object_types` (`object_type_id`, `object_type`, `model`, `created_at`, `updated_at`) VALUES
(1, 'Project', 'Project', '2015-08-19 09:54:45', '0000-00-00 00:00:00'),
(2, 'Project Update', 'ProjectUpdate', '2015-08-19 09:55:33', '0000-00-00 00:00:00'),
(3, 'Bills and Acts', 'BillsActs', '2015-08-19 03:10:13', '0000-00-00 00:00:00'),
(4, 'Bills and Acts Update', 'BillsActsUpdate', '2015-08-19 01:08:10', '0000-00-00 00:00:00');

-- --------------------------------------------------------

--
-- Table structure for table `order_papers`
--

CREATE TABLE IF NOT EXISTS `order_papers` (
  `order_paper_id` int(10) unsigned NOT NULL AUTO_INCREMENT,
  `volume` int(10) unsigned NOT NULL,
  `number` int(10) unsigned NOT NULL,
  `date` timestamp NOT NULL DEFAULT '0000-00-00 00:00:00',
  `session` varchar(255) COLLATE utf8_unicode_ci NOT NULL,
  `upload_url` varchar(255) COLLATE utf8_unicode_ci NOT NULL,
  `house_id` int(10) unsigned NOT NULL,
  `user_id` int(10) unsigned NOT NULL,
  `created_at` timestamp NOT NULL DEFAULT '0000-00-00 00:00:00',
  `updated_at` timestamp NOT NULL DEFAULT '0000-00-00 00:00:00',
  PRIMARY KEY (`order_paper_id`),
  KEY `order_papers_house_id_index` (`house_id`),
  KEY `order_papers_user_id_index` (`user_id`)
) ENGINE=InnoDB DEFAULT CHARSET=utf8 COLLATE=utf8_unicode_ci AUTO_INCREMENT=1 ;

-- --------------------------------------------------------

--
-- Table structure for table `organisation_types`
--

CREATE TABLE IF NOT EXISTS `organisation_types` (
  `organisation_type_id` int(10) unsigned NOT NULL AUTO_INCREMENT,
  `organisation_type` varchar(255) COLLATE utf8_unicode_ci NOT NULL,
  `created_at` timestamp NOT NULL DEFAULT '0000-00-00 00:00:00',
  `updated_at` timestamp NOT NULL DEFAULT '0000-00-00 00:00:00',
  PRIMARY KEY (`organisation_type_id`)
) ENGINE=InnoDB  DEFAULT CHARSET=utf8 COLLATE=utf8_unicode_ci AUTO_INCREMENT=10 ;

--
-- Dumping data for table `organisation_types`
--

INSERT INTO `organisation_types` (`organisation_type_id`, `organisation_type`, `created_at`, `updated_at`) VALUES
(1, 'Institution', '2015-09-29 13:43:27', '2015-09-29 13:43:27'),
(2, 'Agency', '2015-09-29 13:43:27', '2015-09-29 13:43:27'),
(3, 'Department', '2015-09-29 13:43:27', '2015-09-29 13:43:27'),
(4, 'Ministry', '2015-09-29 13:43:27', '2015-09-29 13:43:27'),
(5, 'Commision', '2015-09-29 13:43:27', '2015-09-29 13:43:27'),
(6, 'Board', '2015-09-29 13:43:27', '2015-09-29 13:43:27'),
(7, 'Bureau', '2015-09-29 13:43:27', '2015-09-29 13:43:27'),
(8, 'Company', '2015-09-29 13:43:27', '2015-09-29 13:43:27'),
(9, 'Organization', '2015-09-29 23:23:22', '2015-09-29 23:27:12');

-- --------------------------------------------------------

--
-- Table structure for table `organisation_users`
--

CREATE TABLE IF NOT EXISTS `organisation_users` (
  `organisation_user_id` int(10) unsigned NOT NULL AUTO_INCREMENT,
  `parent_user_id` int(10) unsigned NOT NULL,
  `child_user_id` int(10) unsigned NOT NULL,
  `state_id` int(10) unsigned NOT NULL,
  `created_at` timestamp NOT NULL DEFAULT '0000-00-00 00:00:00',
  `updated_at` timestamp NOT NULL DEFAULT '0000-00-00 00:00:00',
  PRIMARY KEY (`organisation_user_id`),
  KEY `organisation_users_parent_user_id_index` (`parent_user_id`),
  KEY `organisation_users_child_user_id_index` (`child_user_id`),
  KEY `organisation_users_state_id_index` (`state_id`)
) ENGINE=InnoDB  DEFAULT CHARSET=utf8 COLLATE=utf8_unicode_ci AUTO_INCREMENT=3 ;

--
-- Dumping data for table `organisation_users`
--

INSERT INTO `organisation_users` (`organisation_user_id`, `parent_user_id`, `child_user_id`, `state_id`, `created_at`, `updated_at`) VALUES
(1, 1, 543, 1, '2015-09-24 13:36:29', '2015-09-24 13:36:29'),
(2, 1, 545, 1, '2015-09-29 11:40:13', '2015-09-29 11:40:13');

-- --------------------------------------------------------

--
-- Table structure for table `organisations`
--

CREATE TABLE IF NOT EXISTS `organisations` (
  `organisation_id` int(10) unsigned NOT NULL AUTO_INCREMENT,
  `name` varchar(255) COLLATE utf8_unicode_ci NOT NULL,
  `cac_registration_no` varchar(255) COLLATE utf8_unicode_ci DEFAULT NULL,
  `address` varchar(255) COLLATE utf8_unicode_ci NOT NULL,
  `email` varchar(255) COLLATE utf8_unicode_ci DEFAULT NULL,
  `phone_no` varchar(255) COLLATE utf8_unicode_ci DEFAULT NULL,
  `description` varchar(255) COLLATE utf8_unicode_ci DEFAULT NULL,
  `logo_url` varchar(255) COLLATE utf8_unicode_ci DEFAULT NULL,
  `domain_id` int(10) unsigned NOT NULL,
  `organisation_type_id` int(10) unsigned NOT NULL,
  `lga_id` int(10) unsigned DEFAULT NULL,
  `parent_id` int(11) DEFAULT NULL,
  `organisation_user_id` int(10) unsigned NOT NULL,
  `user_id` int(10) unsigned NOT NULL,
  `created_at` timestamp NOT NULL DEFAULT '0000-00-00 00:00:00',
  `updated_at` timestamp NOT NULL DEFAULT '0000-00-00 00:00:00',
  `post` varchar(255) COLLATE utf8_unicode_ci NOT NULL,
  `responsibility` varchar(255) COLLATE utf8_unicode_ci NOT NULL,
  PRIMARY KEY (`organisation_id`),
  KEY `organisations_domain_id_index` (`domain_id`),
  KEY `organisations_organisation_type_id_index` (`organisation_type_id`),
  KEY `organisations_lga_id_index` (`lga_id`),
  KEY `organisations_parent_id_index` (`parent_id`),
  KEY `organisations_organisation_user_id_index` (`organisation_user_id`),
  KEY `organisations_user_id_index` (`user_id`)
) ENGINE=InnoDB  DEFAULT CHARSET=utf8 COLLATE=utf8_unicode_ci AUTO_INCREMENT=4 ;

--
-- Dumping data for table `organisations`
--

INSERT INTO `organisations` (`organisation_id`, `name`, `cac_registration_no`, `address`, `email`, `phone_no`, `description`, `logo_url`, `domain_id`, `organisation_type_id`, `lga_id`, `parent_id`, `organisation_user_id`, `user_id`, `created_at`, `updated_at`, `post`, `responsibility`) VALUES
(2, 'Kwara State Government', '12345', 'GRA, Ilorin', 'gov@gmail.com', '08098998776', 'Governor', '2_logo.png', 1, 9, 0, NULL, 543, 1, '2015-09-29 23:40:39', '2015-09-29 23:40:40', 'Governor', ''),
(3, 'SSG Office', '1234', 'Ahmadu Bello Way, GRA, Ilorin', 'ssg@gmail.com', '08089897766', 'ssg', '3_logo.png', 1, 9, 0, NULL, 545, 1, '2015-09-29 23:42:59', '2015-09-29 23:43:00', 'SSG', '');

-- --------------------------------------------------------

--
-- Table structure for table `password_resets`
--

CREATE TABLE IF NOT EXISTS `password_resets` (
  `email` varchar(255) COLLATE utf8_unicode_ci NOT NULL,
  `token` varchar(255) COLLATE utf8_unicode_ci NOT NULL,
  `created_at` timestamp NOT NULL DEFAULT '0000-00-00 00:00:00',
  KEY `password_resets_email_index` (`email`),
  KEY `password_resets_token_index` (`token`)
) ENGINE=InnoDB DEFAULT CHARSET=utf8 COLLATE=utf8_unicode_ci;

-- --------------------------------------------------------

--
-- Table structure for table `permission_role`
--

CREATE TABLE IF NOT EXISTS `permission_role` (
  `permission_id` int(10) unsigned NOT NULL,
  `role_id` int(10) unsigned NOT NULL,
  PRIMARY KEY (`permission_id`,`role_id`),
  KEY `permission_role_role_id_foreign` (`role_id`)
) ENGINE=InnoDB DEFAULT CHARSET=utf8 COLLATE=utf8_unicode_ci;

--
-- Dumping data for table `permission_role`
--

INSERT INTO `permission_role` (`permission_id`, `role_id`) VALUES
(3, 1),
(4, 1),
(5, 1),
(6, 1),
(8, 1),
(9, 1),
(10, 1),
(224, 1),
(225, 1),
(226, 1),
(1, 11),
(2, 11),
(3, 11),
(4, 11),
(5, 11),
(6, 11),
(7, 11),
(8, 11),
(9, 11),
(10, 11),
(11, 11),
(12, 11),
(13, 11),
(14, 11),
(15, 11),
(16, 11),
(17, 11),
(18, 11),
(19, 11),
(20, 11),
(21, 11),
(22, 11),
(23, 11),
(24, 11),
(25, 11),
(26, 11),
(27, 11),
(28, 11),
(29, 11),
(30, 11),
(31, 11),
(32, 11),
(33, 11),
(34, 11),
(35, 11),
(36, 11),
(37, 11),
(38, 11),
(39, 11),
(40, 11),
(41, 11),
(42, 11),
(43, 11),
(44, 11),
(45, 11),
(46, 11),
(47, 11),
(48, 11),
(49, 11),
(50, 11),
(51, 11),
(52, 11),
(53, 11),
(54, 11),
(55, 11),
(56, 11),
(57, 11),
(58, 11),
(59, 11),
(60, 11),
(61, 11),
(62, 11),
(63, 11),
(64, 11),
(65, 11),
(66, 11),
(67, 11),
(68, 11),
(69, 11),
(70, 11),
(71, 11),
(72, 11),
(73, 11),
(74, 11),
(75, 11),
(76, 11),
(77, 11),
(78, 11),
(79, 11),
(80, 11),
(81, 11),
(82, 11),
(83, 11),
(84, 11),
(85, 11),
(86, 11),
(87, 11),
(88, 11),
(89, 11),
(90, 11),
(91, 11),
(92, 11),
(93, 11),
(94, 11),
(95, 11),
(96, 11),
(97, 11),
(98, 11),
(99, 11),
(100, 11),
(101, 11),
(102, 11),
(103, 11),
(104, 11),
(105, 11),
(106, 11),
(107, 11),
(108, 11),
(109, 11),
(110, 11),
(111, 11),
(112, 11),
(113, 11),
(114, 11),
(115, 11),
(116, 11),
(117, 11),
(118, 11),
(119, 11),
(120, 11),
(121, 11),
(122, 11),
(123, 11),
(124, 11),
(125, 11),
(126, 11),
(127, 11),
(128, 11),
(129, 11),
(130, 11),
(131, 11),
(132, 11),
(133, 11),
(134, 11),
(135, 11),
(136, 11),
(137, 11),
(138, 11),
(139, 11),
(140, 11),
(141, 11),
(142, 11),
(143, 11),
(144, 11),
(145, 11),
(146, 11),
(147, 11),
(148, 11),
(149, 11),
(150, 11),
(151, 11),
(152, 11),
(153, 11),
(154, 11),
(155, 11),
(156, 11),
(157, 11),
(158, 11),
(159, 11),
(160, 11),
(161, 11),
(162, 11),
(163, 11),
(164, 11),
(165, 11),
(166, 11),
(167, 11),
(168, 11),
(169, 11),
(170, 11),
(171, 11),
(172, 11),
(173, 11),
(174, 11),
(175, 11),
(176, 11),
(177, 11),
(178, 11),
(179, 11),
(180, 11),
(181, 11),
(182, 11),
(183, 11),
(184, 11),
(185, 11),
(186, 11),
(187, 11),
(188, 11),
(189, 11),
(190, 11),
(191, 11),
(192, 11),
(193, 11),
(194, 11),
(195, 11),
(196, 11),
(197, 11),
(198, 11),
(199, 11),
(200, 11),
(201, 11),
(202, 11),
(203, 11),
(204, 11),
(205, 11),
(206, 11),
(207, 11),
(208, 11),
(209, 11),
(210, 11),
(211, 11),
(212, 11),
(213, 11),
(214, 11),
(215, 11),
(216, 11),
(217, 11),
(218, 11),
(219, 11),
(220, 11),
(221, 11),
(222, 11),
(223, 11),
(224, 11),
(225, 11),
(226, 11),
(227, 11),
(228, 11),
(229, 11),
(230, 11),
(231, 11),
(232, 11),
(1, 12),
(2, 12),
(4, 12),
(6, 12),
(7, 12),
(8, 12),
(10, 12),
(12, 12),
(13, 12),
(14, 12),
(16, 12),
(18, 12),
(19, 12),
(20, 12),
(22, 12),
(24, 12),
(25, 12),
(26, 12),
(30, 12);

-- --------------------------------------------------------

--
-- Table structure for table `permissions`
--

CREATE TABLE IF NOT EXISTS `permissions` (
  `permission_id` int(10) unsigned NOT NULL AUTO_INCREMENT,
  `name` varchar(255) COLLATE utf8_unicode_ci NOT NULL,
  `display_name` varchar(255) COLLATE utf8_unicode_ci DEFAULT NULL,
  `description` varchar(255) COLLATE utf8_unicode_ci DEFAULT NULL,
  `created_at` timestamp NOT NULL DEFAULT '0000-00-00 00:00:00',
  `updated_at` timestamp NOT NULL DEFAULT '0000-00-00 00:00:00',
  PRIMARY KEY (`permission_id`),
  UNIQUE KEY `permissions_name_unique` (`name`)
) ENGINE=InnoDB  DEFAULT CHARSET=utf8 COLLATE=utf8_unicode_ci AUTO_INCREMENT=233 ;

--
-- Dumping data for table `permissions`
--

INSERT INTO `permissions` (`permission_id`, `name`, `display_name`, `description`, `created_at`, `updated_at`) VALUES
(1, 'DashboardController@getIndex', 'Dashboard Home Page', 'Displays a summary chat of the logged in user activities', '2015-09-23 15:37:24', '2015-09-23 16:39:36'),
(2, 'ListBoxController@lga', 'L.G.A. List Box', 'Auto Complete List Box of L.G.A. based on a given state', '2015-09-23 15:37:25', '2015-09-23 16:39:36'),
(3, 'ListBoxController@district', 'Senatorial Districts. List Box', 'Auto Complete List Box of Senatorial Districts. based on a given state', '2015-09-23 15:37:25', '2015-09-23 16:39:36'),
(4, 'ListBoxController@federal_reps', 'Federal Reps. List Box', 'Auto Complete List Box of Federal Reps. based on a given state', '2015-09-23 15:37:25', '2015-09-23 16:39:36'),
(5, 'ListBoxController@state_reps', 'Federal State. List Box', 'Auto Complete List Box of State Reps. based on a given state', '2015-09-23 15:37:25', '2015-09-23 16:39:36'),
(6, 'AuthController@getVerify', 'Verify a User Account', 'Verification of a User Account From E-Mail', '2015-09-23 15:37:25', '2015-09-23 16:51:21'),
(7, 'AuthController@getResetPassword', 'Password Reset (GET)', 'Displays Password Reset Form', '2015-09-23 15:37:25', '2015-09-23 16:51:21'),
(8, 'AuthController@postResetPassword', 'Password Reset (POST)', 'Submit Password Reset Form', '2015-09-23 15:37:25', '2015-09-23 16:51:21'),
(9, 'AuthController@getLogin', 'Login (GET)', 'Displays Login Form', '2015-09-23 15:37:25', '2015-09-23 16:51:21'),
(10, 'AuthController@postLogin', 'Login (POST)', 'Submit Login Form', '2015-09-23 15:37:25', '2015-09-23 16:51:21'),
(11, 'AuthController@getLogout', '', '', '2015-09-23 15:37:25', '2015-09-23 15:37:25'),
(12, 'AuthController@getRegister', '', '', '2015-09-23 15:37:25', '2015-09-23 15:37:25'),
(13, 'AuthController@postRegister', '', '', '2015-09-23 15:37:25', '2015-09-23 15:37:25'),
(14, 'UserController@getCreate', '', '', '2015-09-23 15:37:25', '2015-09-23 15:37:25'),
(15, 'UserController@postCreate', '', '', '2015-09-23 15:37:25', '2015-09-23 15:37:25'),
(16, 'UserController@getChange', '', '', '2015-09-23 15:37:25', '2015-09-23 15:37:25'),
(17, 'UserController@postChange', '', '', '2015-09-23 15:37:26', '2015-09-23 15:37:26'),
(18, 'UserController@getStatus', '', '', '2015-09-23 15:37:26', '2015-09-23 15:37:26'),
(19, 'UserController@getShow', '', '', '2015-09-23 15:37:26', '2015-09-23 15:37:26'),
(20, 'UserController@getEdit', '', '', '2015-09-23 15:37:26', '2015-09-23 15:37:26'),
(21, 'UserController@postEdit', '', '', '2015-09-23 15:37:26', '2015-09-23 15:37:26'),
(22, 'UserController@postUploadPicture', '', '', '2015-09-23 15:37:26', '2015-09-23 15:37:26'),
(23, 'UserController@postCropPicture', '', '', '2015-09-23 15:37:26', '2015-09-23 15:37:26'),
(24, 'MenusController@getIndex', '', '', '2015-09-23 15:37:26', '2015-09-23 15:37:26'),
(25, 'MenusController@postIndex', '', '', '2015-09-23 15:37:26', '2015-09-23 15:37:26'),
(26, 'MenusController@getDelete', '', '', '2015-09-23 15:37:26', '2015-09-23 15:37:26'),
(27, 'MenuItemsController@getIndex', '', '', '2015-09-23 15:37:26', '2015-09-23 15:37:26'),
(28, 'MenuItemsController@postIndex', '', '', '2015-09-23 15:37:26', '2015-09-23 15:37:26'),
(29, 'MenuItemsController@getDelete', '', '', '2015-09-23 15:37:26', '2015-09-23 15:37:26'),
(30, 'MenuItemsController@postMenu', '', '', '2015-09-23 15:37:26', '2015-09-23 15:37:26'),
(31, 'SubMenuItemController@getIndex', '', '', '2015-09-23 15:37:26', '2015-09-23 15:37:26'),
(32, 'SubMenuItemController@postIndex', '', '', '2015-09-23 15:37:26', '2015-09-23 15:37:26'),
(33, 'SubMenuItemController@getDelete', '', '', '2015-09-23 15:37:26', '2015-09-23 15:37:26'),
(34, 'SubMenuItemController@postMenuItem', '', '', '2015-09-23 15:37:26', '2015-09-23 15:37:26'),
(35, 'UserTypeController@getIndex', '', '', '2015-09-23 15:37:26', '2015-09-23 15:37:26'),
(36, 'UserTypeController@postIndex', '', '', '2015-09-23 15:37:27', '2015-09-23 15:37:27'),
(37, 'UserTypeController@getDelete', '', '', '2015-09-23 15:37:27', '2015-09-23 15:37:27'),
(38, 'CommitteeTypeController@getIndex', '', '', '2015-09-23 15:37:27', '2015-09-23 15:37:27'),
(39, 'CommitteeTypeController@postIndex', '', '', '2015-09-23 15:37:27', '2015-09-23 15:37:27'),
(40, 'CommitteeTypeController@getDelete', '', '', '2015-09-23 15:37:27', '2015-09-23 15:37:27'),
(41, 'CommitteesController@getIndex', '', '', '2015-09-23 15:37:27', '2015-09-23 15:37:27'),
(42, 'CommitteesController@postIndex', '', '', '2015-09-23 15:37:27', '2015-09-23 15:37:27'),
(43, 'CommitteesController@getDelete', '', '', '2015-09-23 15:37:27', '2015-09-23 15:37:27'),
(44, 'CommitteesController@postCommitteeType', '', '', '2015-09-23 15:37:27', '2015-09-23 15:37:27'),
(45, 'RankController@getIndex', '', '', '2015-09-23 15:37:27', '2015-09-23 15:37:27'),
(46, 'RankController@postIndex', '', '', '2015-09-23 15:37:27', '2015-09-23 15:37:27'),
(47, 'RankController@getDelete', '', '', '2015-09-23 15:37:27', '2015-09-23 15:37:27'),
(48, 'RankController@postUserType', '', '', '2015-09-23 15:37:27', '2015-09-23 15:37:27'),
(49, 'RolesController@getIndex', '', '', '2015-09-23 15:37:27', '2015-09-23 15:37:27'),
(50, 'RolesController@postIndex', '', '', '2015-09-23 15:37:27', '2015-09-23 15:37:27'),
(51, 'PermissionsController@getIndex', '', '', '2015-09-23 15:37:27', '2015-09-23 15:37:27'),
(52, 'PermissionsController@postIndex', '', '', '2015-09-23 15:37:27', '2015-09-23 15:37:27'),
(53, 'HouseController@getIndex', '', '', '2015-09-23 15:37:27', '2015-09-23 15:37:27'),
(54, 'HouseController@postIndex', '', '', '2015-09-23 15:37:27', '2015-09-23 15:37:27'),
(55, 'HouseController@getDelete', '', '', '2015-09-23 15:37:27', '2015-09-23 15:37:27'),
(56, 'HouseController@postMenu', '', '', '2015-09-23 15:37:27', '2015-09-23 15:37:27'),
(57, 'SectorController@getIndex', '', '', '2015-09-23 15:37:27', '2015-09-23 15:37:27'),
(58, 'SectorController@postIndex', '', '', '2015-09-23 15:37:28', '2015-09-23 15:37:28'),
(59, 'SectorController@getDelete', '', '', '2015-09-23 15:37:28', '2015-09-23 15:37:28'),
(60, 'OrganisationTypeController@getIndex', '', '', '2015-09-23 15:37:28', '2015-09-23 15:37:28'),
(61, 'OrganisationTypeController@postIndex', '', '', '2015-09-23 15:37:28', '2015-09-23 15:37:28'),
(62, 'OrganisationTypeController@getDelete', '', '', '2015-09-23 15:37:28', '2015-09-23 15:37:28'),
(63, 'PoliticalPartyController@getIndex', '', '', '2015-09-23 15:37:28', '2015-09-23 15:37:28'),
(64, 'PoliticalPartyController@postIndex', '', '', '2015-09-23 15:37:28', '2015-09-23 15:37:28'),
(65, 'PoliticalPartyController@getDelete', '', '', '2015-09-23 15:37:28', '2015-09-23 15:37:28'),
(66, 'OrganisationController@getIndex', '', '', '2015-09-23 15:37:28', '2015-09-23 15:37:28'),
(67, 'OrganisationController@getCreate', '', '', '2015-09-23 15:37:28', '2015-09-23 15:37:28'),
(68, 'OrganisationController@postCreate', '', '', '2015-09-23 15:37:28', '2015-09-23 15:37:28'),
(69, 'OrganisationController@getShow', '', '', '2015-09-23 15:37:28', '2015-09-23 15:37:28'),
(70, 'OrganisationController@getEdit', '', '', '2015-09-23 15:37:28', '2015-09-23 15:37:28'),
(71, 'OrganisationController@patchEdit', '', '', '2015-09-23 15:37:28', '2015-09-23 15:37:28'),
(72, 'OrganisationController@getDelete', '', '', '2015-09-23 15:37:28', '2015-09-23 15:37:28'),
(73, 'OrganisationController@getDepartmentDetails', '', '', '2015-09-23 15:37:28', '2015-09-23 15:37:28'),
(74, 'OrganisationController@getDepartments', '', '', '2015-09-23 15:37:28', '2015-09-23 15:37:28'),
(75, 'OrganisationController@postDepartments', '', '', '2015-09-23 15:37:28', '2015-09-23 15:37:28'),
(76, 'OrganisationController@getDepartmentMembers', '', '', '2015-09-23 15:37:28', '2015-09-23 15:37:28'),
(77, 'OrganisationController@postDepartmentMembers', '', '', '2015-09-23 15:37:28', '2015-09-23 15:37:28'),
(78, 'OrganisationController@getCreateMember', '', '', '2015-09-23 15:37:28', '2015-09-23 15:37:28'),
(79, 'OrganisationController@postCreateMember', '', '', '2015-09-23 15:37:29', '2015-09-23 15:37:29'),
(80, 'OrganisationController@getEditMember', '', '', '2015-09-23 15:37:29', '2015-09-23 15:37:29'),
(81, 'OrganisationController@postEditMember', '', '', '2015-09-23 15:37:29', '2015-09-23 15:37:29'),
(82, 'OrganisationController@getListMembers', '', '', '2015-09-23 15:37:29', '2015-09-23 15:37:29'),
(83, 'OrganisationController@getShowMember', '', '', '2015-09-23 15:37:29', '2015-09-23 15:37:29'),
(84, 'OrganisationController@getDeleteMember', '', '', '2015-09-23 15:37:29', '2015-09-23 15:37:29'),
(85, 'OrganisationHeadsController@getIndex', '', '', '2015-09-23 15:37:29', '2015-09-23 15:37:29'),
(86, 'OrganisationHeadsController@getCreate', '', '', '2015-09-23 15:37:29', '2015-09-23 15:37:29'),
(87, 'OrganisationHeadsController@postCreate', '', '', '2015-09-23 15:37:29', '2015-09-23 15:37:29'),
(88, 'OrganisationHeadsController@getShow', '', '', '2015-09-23 15:37:29', '2015-09-23 15:37:29'),
(89, 'OrganisationHeadsController@getDelete', '', '', '2015-09-23 15:37:29', '2015-09-23 15:37:29'),
(90, 'OrganisationHeadsController@getStatus', '', '', '2015-09-23 15:37:29', '2015-09-23 15:37:29'),
(91, 'SenatorsController@getIndex', '', '', '2015-09-23 15:37:29', '2015-09-23 15:37:29'),
(92, 'SenatorsController@postIndex', '', '', '2015-09-23 15:37:29', '2015-09-23 15:37:29'),
(93, 'SenatorsController@getDelete', '', '', '2015-09-23 15:37:29', '2015-09-23 15:37:29'),
(94, 'SenatorsController@postState', '', '', '2015-09-23 15:37:29', '2015-09-23 15:37:29'),
(95, 'FederalRepresentativesController@getIndex', '', '', '2015-09-23 15:37:29', '2015-09-23 15:37:29'),
(96, 'FederalRepresentativesController@postIndex', '', '', '2015-09-23 15:37:29', '2015-09-23 15:37:29'),
(97, 'FederalRepresentativesController@getDelete', '', '', '2015-09-23 15:37:29', '2015-09-23 15:37:29'),
(98, 'FederalRepresentativesController@postState', '', '', '2015-09-23 15:37:29', '2015-09-23 15:37:29'),
(99, 'StateRepresentativesController@getIndex', '', '', '2015-09-23 15:37:29', '2015-09-23 15:37:29'),
(100, 'StateRepresentativesController@postIndex', '', '', '2015-09-23 15:37:30', '2015-09-23 15:37:30'),
(101, 'StateRepresentativesController@getDelete', '', '', '2015-09-23 15:37:30', '2015-09-23 15:37:30'),
(102, 'StateRepresentativesController@postState', '', '', '2015-09-23 15:37:30', '2015-09-23 15:37:30'),
(103, 'LegislatorController@getSenators', '', '', '2015-09-23 15:37:30', '2015-09-23 15:37:30'),
(104, 'LegislatorController@getSenatorProfile', '', '', '2015-09-23 15:37:30', '2015-09-23 15:37:30'),
(105, 'LegislatorController@getFederalRepsProfile', '', '', '2015-09-23 15:37:30', '2015-09-23 15:37:30'),
(106, 'LegislatorController@getFederalReps', '', '', '2015-09-23 15:37:30', '2015-09-23 15:37:30'),
(107, 'LegislatorController@getStateReps', '', '', '2015-09-23 15:37:30', '2015-09-23 15:37:30'),
(108, 'LegislatorController@getStateRepsProfile', '', '', '2015-09-23 15:37:30', '2015-09-23 15:37:30'),
(109, 'LegislatorController@postIndex', '', '', '2015-09-23 15:37:30', '2015-09-23 15:37:30'),
(110, 'LegislatorController@getDelete', '', '', '2015-09-23 15:37:30', '2015-09-23 15:37:30'),
(111, 'LegislatorController@postState', '', '', '2015-09-23 15:37:30', '2015-09-23 15:37:30'),
(112, 'BillsController@getIndex', '', '', '2015-09-23 15:37:30', '2015-09-23 15:37:30'),
(113, 'BillsController@getCreate', '', '', '2015-09-23 15:37:30', '2015-09-23 15:37:30'),
(114, 'BillsController@postCreate', '', '', '2015-09-23 15:37:30', '2015-09-23 15:37:30'),
(115, 'BillsController@getEdit', '', '', '2015-09-23 15:37:30', '2015-09-23 15:37:30'),
(116, 'BillsController@patchEdit', '', '', '2015-09-23 15:37:30', '2015-09-23 15:37:30'),
(117, 'BillsController@getDelete', '', '', '2015-09-23 15:37:30', '2015-09-23 15:37:30'),
(118, 'BillsController@getDownload', '', '', '2015-09-23 15:37:30', '2015-09-23 15:37:30'),
(119, 'BillsController@getSponsors', '', '', '2015-09-23 15:37:31', '2015-09-23 15:37:31'),
(120, 'BillsController@getAddSponsors', '', '', '2015-09-23 15:37:31', '2015-09-23 15:37:31'),
(121, 'BillsController@getTimeLine', '', '', '2015-09-23 15:37:31', '2015-09-23 15:37:31'),
(122, 'BillsController@getMyBills', '', '', '2015-09-23 15:37:31', '2015-09-23 15:37:31'),
(123, 'HansardsController@getIndex', '', '', '2015-09-23 15:37:31', '2015-09-23 15:37:31'),
(124, 'HansardsController@getCreate', '', '', '2015-09-23 15:37:31', '2015-09-23 15:37:31'),
(125, 'HansardsController@postCreate', '', '', '2015-09-23 15:37:31', '2015-09-23 15:37:31'),
(126, 'HansardsController@getRollCall', '', '', '2015-09-23 15:37:31', '2015-09-23 15:37:31'),
(127, 'HansardsController@postRollCall', '', '', '2015-09-23 15:37:31', '2015-09-23 15:37:31'),
(128, 'HansardsController@getEdit', '', '', '2015-09-23 15:37:31', '2015-09-23 15:37:31'),
(129, 'HansardsController@patchEdit', '', '', '2015-09-23 15:37:31', '2015-09-23 15:37:31'),
(130, 'HansardsController@getDelete', '', '', '2015-09-23 15:37:31', '2015-09-23 15:37:31'),
(131, 'HansardsController@getView', '', '', '2015-09-23 15:37:31', '2015-09-23 15:37:31'),
(132, 'HansardsController@getDownload', '', '', '2015-09-23 15:37:31', '2015-09-23 15:37:31'),
(133, 'NoticePaperController@getIndex', '', '', '2015-09-23 15:37:31', '2015-09-23 15:37:31'),
(134, 'NoticePaperController@getCreate', '', '', '2015-09-23 15:37:31', '2015-09-23 15:37:31'),
(135, 'NoticePaperController@postCreate', '', '', '2015-09-23 15:37:31', '2015-09-23 15:37:31'),
(136, 'NoticePaperController@getEdit', '', '', '2015-09-23 15:37:32', '2015-09-23 15:37:32'),
(137, 'NoticePaperController@patchEdit', '', '', '2015-09-23 15:37:32', '2015-09-23 15:37:32'),
(138, 'NoticePaperController@getDelete', '', '', '2015-09-23 15:37:32', '2015-09-23 15:37:32'),
(139, 'NoticePaperController@getView', '', '', '2015-09-23 15:37:32', '2015-09-23 15:37:32'),
(140, 'NoticePaperController@getDownload', '', '', '2015-09-23 15:37:32', '2015-09-23 15:37:32'),
(141, 'OrderPaperController@getIndex', '', '', '2015-09-23 15:37:32', '2015-09-23 15:37:32'),
(142, 'OrderPaperController@getCreate', '', '', '2015-09-23 15:37:32', '2015-09-23 15:37:32'),
(143, 'OrderPaperController@postCreate', '', '', '2015-09-23 15:37:32', '2015-09-23 15:37:32'),
(144, 'OrderPaperController@getEdit', '', '', '2015-09-23 15:37:32', '2015-09-23 15:37:32'),
(145, 'OrderPaperController@patchEdit', '', '', '2015-09-23 15:37:32', '2015-09-23 15:37:32'),
(146, 'OrderPaperController@getDelete', '', '', '2015-09-23 15:37:32', '2015-09-23 15:37:32'),
(147, 'OrderPaperController@getView', '', '', '2015-09-23 15:37:32', '2015-09-23 15:37:32'),
(148, 'OrderPaperController@getDownload', '', '', '2015-09-23 15:37:32', '2015-09-23 15:37:32'),
(149, 'CommitteeDetailsController@getIndex', '', '', '2015-09-23 15:37:32', '2015-09-23 15:37:32'),
(150, 'CommitteeDetailsController@getEdit', '', '', '2015-09-23 15:37:32', '2015-09-23 15:37:32'),
(151, 'CommitteeDetailsController@postEdit', '', '', '2015-09-23 15:37:32', '2015-09-23 15:37:32'),
(152, 'CommitteeDetailsController@getMembers', '', '', '2015-09-23 15:37:32', '2015-09-23 15:37:32'),
(153, 'CommitteeDetailsController@postCommitteeType', '', '', '2015-09-23 15:37:32', '2015-09-23 15:37:32'),
(154, 'CommitteeDetailsController@getView', '', '', '2015-09-23 15:37:32', '2015-09-23 15:37:32'),
(155, 'VotesAndProceedingsController@getIndex', '', '', '2015-09-23 15:37:32', '2015-09-23 15:37:32'),
(156, 'VotesAndProceedingsController@getCreate', '', '', '2015-09-23 15:37:32', '2015-09-23 15:37:32'),
(157, 'VotesAndProceedingsController@postCreate', '', '', '2015-09-23 15:37:32', '2015-09-23 15:37:32'),
(158, 'VotesAndProceedingsController@getRollCall', '', '', '2015-09-23 15:37:32', '2015-09-23 15:37:32'),
(159, 'VotesAndProceedingsController@postRollCall', '', '', '2015-09-23 15:37:33', '2015-09-23 15:37:33'),
(160, 'VotesAndProceedingsController@getEdit', '', '', '2015-09-23 15:37:33', '2015-09-23 15:37:33'),
(161, 'VotesAndProceedingsController@patchEdit', '', '', '2015-09-23 15:37:33', '2015-09-23 15:37:33'),
(162, 'VotesAndProceedingsController@getDelete', '', '', '2015-09-23 15:37:33', '2015-09-23 15:37:33'),
(163, 'VotesAndProceedingsController@getView', '', '', '2015-09-23 15:37:33', '2015-09-23 15:37:33'),
(164, 'VotesAndProceedingsController@getDownload', '', '', '2015-09-23 15:37:33', '2015-09-23 15:37:33'),
(165, 'PressStatementsController@getIndex', '', '', '2015-09-23 15:37:33', '2015-09-23 15:37:33'),
(166, 'PressStatementsController@getCreate', '', '', '2015-09-23 15:37:33', '2015-09-23 15:37:33'),
(167, 'PressStatementsController@postCreate', '', '', '2015-09-23 15:37:33', '2015-09-23 15:37:33'),
(168, 'PressStatementsController@getShow', '', '', '2015-09-23 15:37:33', '2015-09-23 15:37:33'),
(169, 'PressStatementsController@getDelete', '', '', '2015-09-23 15:37:33', '2015-09-23 15:37:33'),
(170, 'PressStatementsController@getPublish', '', '', '2015-09-23 15:37:33', '2015-09-23 15:37:33'),
(171, 'GalleriesController@getDelete', '', '', '2015-09-23 15:37:33', '2015-09-23 15:37:33'),
(172, 'ProfilesController@getEdit', '', '', '2015-09-23 15:37:33', '2015-09-23 15:37:33'),
(173, 'ProfilesController@postIndex', '', '', '2015-09-23 15:37:33', '2015-09-23 15:37:33'),
(174, 'ProfilesController@getShow', '', '', '2015-09-23 15:37:33', '2015-09-23 15:37:33'),
(175, 'ProfilesController@postChange', '', '', '2015-09-23 15:37:33', '2015-09-23 15:37:33'),
(176, 'ProfilesController@getEducation', '', '', '2015-09-23 15:37:33', '2015-09-23 15:37:33'),
(177, 'ProfilesController@postEducation', '', '', '2015-09-23 15:37:33', '2015-09-23 15:37:33'),
(178, 'ProfilesController@getDeleteEducation', '', '', '2015-09-23 15:37:33', '2015-09-23 15:37:33'),
(179, 'ProfilesController@getOffices', '', '', '2015-09-23 15:37:33', '2015-09-23 15:37:33'),
(180, 'ProfilesController@postOffices', '', '', '2015-09-23 15:37:33', '2015-09-23 15:37:33'),
(181, 'ProfilesController@getDeleteOffices', '', '', '2015-09-23 15:37:34', '2015-09-23 15:37:34'),
(182, 'ProfilesController@postUploadPicture', '', '', '2015-09-23 15:37:34', '2015-09-23 15:37:34'),
(183, 'ProfilesController@postCropPicture', '', '', '2015-09-23 15:37:34', '2015-09-23 15:37:34'),
(184, 'SupervisorsController@getIndex', '', '', '2015-09-23 15:37:34', '2015-09-23 15:37:34'),
(185, 'SupervisorsController@getCreate', '', '', '2015-09-23 15:37:34', '2015-09-23 15:37:34'),
(186, 'SupervisorsController@postCreate', '', '', '2015-09-23 15:37:34', '2015-09-23 15:37:34'),
(187, 'SupervisorsController@getShow', '', '', '2015-09-23 15:37:34', '2015-09-23 15:37:34'),
(188, 'SupervisorsController@getDelete', '', '', '2015-09-23 15:37:34', '2015-09-23 15:37:34'),
(189, 'SupervisorsController@getStatus', '', '', '2015-09-23 15:37:34', '2015-09-23 15:37:34'),
(190, 'SupervisorsController@getProjects', '', '', '2015-09-23 15:37:34', '2015-09-23 15:37:34'),
(191, 'UserController@index', '', '', '2015-09-23 15:37:34', '2015-09-23 15:37:34'),
(192, 'UserController@create', '', '', '2015-09-23 15:37:34', '2015-09-23 15:37:34'),
(193, 'UserController@store', '', '', '2015-09-23 15:37:34', '2015-09-23 15:37:34'),
(194, 'UserController@show', '', '', '2015-09-23 15:37:34', '2015-09-23 15:37:34'),
(195, 'UserController@edit', '', '', '2015-09-23 15:37:34', '2015-09-23 15:37:34'),
(196, 'UserController@update', '', '', '2015-09-23 15:37:34', '2015-09-23 15:37:34'),
(197, 'UserController@destroy', '', '', '2015-09-23 15:37:34', '2015-09-23 15:37:34'),
(198, 'ProjectsController@index', '', '', '2015-09-23 15:37:34', '2015-09-23 15:37:34'),
(199, 'ProjectsController@create', '', '', '2015-09-23 15:37:35', '2015-09-23 15:37:35'),
(200, 'ProjectsController@store', '', '', '2015-09-23 15:37:35', '2015-09-23 15:37:35'),
(201, 'ProjectsController@show', '', '', '2015-09-23 15:37:35', '2015-09-23 15:37:35'),
(202, 'ProjectsController@edit', '', '', '2015-09-23 15:37:35', '2015-09-23 15:37:35'),
(203, 'ProjectsController@update', '', '', '2015-09-23 15:37:35', '2015-09-23 15:37:35'),
(204, 'ProjectsController@destroy', '', '', '2015-09-23 15:37:35', '2015-09-23 15:37:35'),
(205, 'ProjectsController@archive', '', '', '2015-09-23 15:37:35', '2015-09-23 15:37:35'),
(206, 'ProjectsController@publish', '', '', '2015-09-23 15:37:35', '2015-09-23 15:37:35'),
(207, 'ProjectsController@contractor', '', '', '2015-09-23 15:37:35', '2015-09-23 15:37:35'),
(208, 'ProjectsController@domain', '', '', '2015-09-23 15:37:35', '2015-09-23 15:37:35'),
(209, 'ProjectsController@saveDomain', '', '', '2015-09-23 15:37:35', '2015-09-23 15:37:35'),
(210, 'ProjectsController@deleteDomain', '', '', '2015-09-23 15:37:35', '2015-09-23 15:37:35'),
(211, 'ProjectsController@beneficiary', '', '', '2015-09-23 15:37:35', '2015-09-23 15:37:35'),
(212, 'ProjectsController@saveBeneficiary', '', '', '2015-09-23 15:37:35', '2015-09-23 15:37:35'),
(213, 'ProjectsController@deleteBeneficiary', '', '', '2015-09-23 15:37:35', '2015-09-23 15:37:35'),
(214, 'ProjectUpdatesController@index', '', '', '2015-09-23 15:37:35', '2015-09-23 15:37:35'),
(215, 'ProjectUpdatesController@updateThread', '', '', '2015-09-23 15:37:35', '2015-09-23 15:37:35'),
(216, 'ProjectUpdatesController@comment', '', '', '2015-09-23 15:37:35', '2015-09-23 15:37:35'),
(217, 'ContractorsController@index', '', '', '2015-09-23 15:37:35', '2015-09-23 15:37:35'),
(218, 'ContractorsController@create', '', '', '2015-09-23 15:37:36', '2015-09-23 15:37:36'),
(219, 'ContractorsController@store', '', '', '2015-09-23 15:37:36', '2015-09-23 15:37:36'),
(220, 'ContractorsController@show', '', '', '2015-09-23 15:37:36', '2015-09-23 15:37:36'),
(221, 'ContractorsController@edit', '', '', '2015-09-23 15:37:36', '2015-09-23 15:37:36'),
(222, 'ContractorsController@update', '', '', '2015-09-23 15:37:36', '2015-09-23 15:37:36'),
(223, 'ContractorsController@destroy', '', '', '2015-09-23 15:37:36', '2015-09-23 15:37:36'),
(224, 'ContractorsController@projects', '', '', '2015-09-23 15:37:36', '2015-09-23 15:37:36'),
(225, 'ApiController@getSenators', '', '', '2015-09-23 15:37:36', '2015-09-23 15:37:36'),
(226, 'ApiController@getSenator', '', '', '2015-09-23 15:37:36', '2015-09-23 15:37:36'),
(227, 'RolesController@getUsersRoles', '', '', '2015-09-29 16:32:31', '2015-09-29 16:32:31'),
(228, 'RolesController@postUsersRoles', '', '', '2015-09-29 16:32:31', '2015-09-29 16:32:31'),
(229, 'RolesController@postRoles', '', '', '2015-09-29 16:32:31', '2015-09-29 16:32:31'),
(230, 'PermissionsController@getRolesPermissions', 'Permissions in Roles (GET)', '', '2015-09-29 16:32:31', '2015-09-29 16:38:09'),
(231, 'PermissionsController@postRolesPermissions', 'Permissions in Roles (POST)', '', '2015-09-29 16:38:10', '2015-09-29 16:38:10'),
(232, 'PermissionsController@postRoles', 'Permissions Filter by Roles (POST)', '', '2015-09-29 16:38:10', '2015-09-29 16:39:52');

-- --------------------------------------------------------

--
-- Table structure for table `photo_galleries`
--

CREATE TABLE IF NOT EXISTS `photo_galleries` (
  `photo_gallery_id` int(10) unsigned NOT NULL AUTO_INCREMENT,
  `photo_gallery_url` varchar(255) COLLATE utf8_unicode_ci NOT NULL,
  `photo_description` varchar(225) COLLATE utf8_unicode_ci DEFAULT NULL,
  `user_id` int(10) unsigned NOT NULL,
  `created_at` timestamp NOT NULL DEFAULT '0000-00-00 00:00:00',
  `updated_at` timestamp NOT NULL DEFAULT '0000-00-00 00:00:00',
  PRIMARY KEY (`photo_gallery_id`),
  KEY `photo_galleries_user_id_index` (`user_id`)
) ENGINE=InnoDB  DEFAULT CHARSET=utf8 COLLATE=utf8_unicode_ci AUTO_INCREMENT=4 ;

--
-- Dumping data for table `photo_galleries`
--

INSERT INTO `photo_galleries` (`photo_gallery_id`, `photo_gallery_url`, `photo_description`, `user_id`, `created_at`, `updated_at`) VALUES
(1, '1_upload.jpg', 'Market', 1, '2015-10-27 12:52:10', '2015-10-27 12:52:12'),
(3, '3_upload.jpg', 'Road Commioning', 1, '2015-10-27 16:11:15', '2015-10-27 16:11:16');

-- --------------------------------------------------------

--
-- Table structure for table `political_parties`
--

CREATE TABLE IF NOT EXISTS `political_parties` (
  `political_party_id` int(10) unsigned NOT NULL AUTO_INCREMENT,
  `political_party` varchar(200) COLLATE utf8_unicode_ci NOT NULL,
  `political_party_abbr` varchar(10) COLLATE utf8_unicode_ci NOT NULL,
  `upload_url` varchar(100) COLLATE utf8_unicode_ci DEFAULT NULL,
  PRIMARY KEY (`political_party_id`)
) ENGINE=InnoDB  DEFAULT CHARSET=utf8 COLLATE=utf8_unicode_ci AUTO_INCREMENT=30 ;

--
-- Dumping data for table `political_parties`
--

INSERT INTO `political_parties` (`political_party_id`, `political_party`, `political_party_abbr`, `upload_url`) VALUES
(1, 'Peoples Democratic Party', 'PDP', '1_upload.jpg'),
(2, 'All Progressive Congress', 'APC', '2_upload.jpg'),
(3, 'All Progressive Grant Allaince', 'APGA', '3_upload.jpg'),
(4, 'Accord', 'A', '4_upload.jpg'),
(5, 'Action Alliance', 'AA', '5_upload.jpg'),
(6, 'Advanced Congress Of Democrats', 'ACD', '6_upload.jpg'),
(7, 'Allied Congress Party of Nigeria', 'ACPN', '7_upload.jpg'),
(8, 'Alliance For Democracy', 'AD', '8_upload.jpg'),
(9, 'African Democratic Congress', 'ADC', '9_upload.jpg'),
(10, 'African Peoples Alliance', 'APA', '10_upload.jpg'),
(11, 'Citizens Popular Party', 'CPP', '11_upload.jpg'),
(12, 'Democratic Peoples Congress', 'DPC', '12_upload.png'),
(13, 'Democratic Peoples Party', 'DPP', '13_upload.jpg'),
(14, 'Fresh Democratic Party', 'FRESH', '14_upload.jpg'),
(15, 'Hope Democratic Party', 'HDP', '_upload.png'),
(16, 'Independent Democrats', 'ID', '16_upload.jpg'),
(17, 'Kowa Party', 'KP', '17_upload.jpg'),
(18, 'Labour Party', 'LP', '18_upload.jpg'),
(19, 'Mega Progressive Peoples Party', 'MPPP', '19_upload.jpg'),
(20, 'National Conscience Party', 'NCP', '_upload.jpg'),
(21, 'New Nigeria Peoples Party', 'NNPP', '21_upload.jpg'),
(22, 'People For Democratic Change', 'PDC', '22_upload.jpg'),
(23, 'Peoples Democratic Movement', 'PDM', '23_upload.jpg'),
(24, 'Progressive Peoples Alliance', 'PPA', '24_upload.jpg'),
(25, 'Peoples Party of Nigeria', 'PPN', '25_upload.jpg'),
(26, 'Social Democratic Party', 'SDP', '26_upload.jpg'),
(27, 'United Democratic Party', 'UDP', '27_upload.jpg'),
(28, 'Unity Party of Nigeria', 'UPN', '28_upload.jpg'),
(29, 'United Progressive Party', 'UPP', '29_upload.jpg');

-- --------------------------------------------------------

--
-- Table structure for table `press_statement_galleries`
--

CREATE TABLE IF NOT EXISTS `press_statement_galleries` (
  `press_statement_id` int(10) unsigned NOT NULL,
  `photo_gallery_id` int(10) unsigned NOT NULL,
  KEY `press_statement_galleries_press_statement_id_index` (`press_statement_id`),
  KEY `press_statement_galleries_photo_gallery_id_index` (`photo_gallery_id`)
) ENGINE=InnoDB DEFAULT CHARSET=utf8 COLLATE=utf8_unicode_ci;

--
-- Dumping data for table `press_statement_galleries`
--

INSERT INTO `press_statement_galleries` (`press_statement_id`, `photo_gallery_id`) VALUES
(2, 3);

-- --------------------------------------------------------

--
-- Table structure for table `press_statements`
--

CREATE TABLE IF NOT EXISTS `press_statements` (
  `press_statement_id` int(10) unsigned NOT NULL AUTO_INCREMENT,
  `title` varchar(255) COLLATE utf8_unicode_ci NOT NULL,
  `content` text COLLATE utf8_unicode_ci NOT NULL,
  `created_by` varchar(255) COLLATE utf8_unicode_ci NOT NULL,
  `date` date NOT NULL,
  `publish_id` int(11) unsigned DEFAULT '0',
  `user_id` int(10) unsigned NOT NULL,
  `state_id` int(11) unsigned NOT NULL,
  `created_at` timestamp NOT NULL DEFAULT '0000-00-00 00:00:00',
  `updated_at` timestamp NOT NULL DEFAULT '0000-00-00 00:00:00',
  PRIMARY KEY (`press_statement_id`),
  KEY `press_statements_user_id_index` (`user_id`),
  KEY `state_id` (`state_id`)
) ENGINE=InnoDB  DEFAULT CHARSET=utf8 COLLATE=utf8_unicode_ci AUTO_INCREMENT=3 ;

--
-- Dumping data for table `press_statements`
--

INSERT INTO `press_statements` (`press_statement_id`, `title`, `content`, `created_by`, `date`, `publish_id`, `user_id`, `state_id`, `created_at`, `updated_at`) VALUES
(2, 'Governor mission road', 'The construction of road is very essential.', 'Richard Awoseyin', '2015-10-22', 0, 2, 27, '2015-10-27 16:11:15', '2015-10-27 21:51:08');

-- --------------------------------------------------------

--
-- Table structure for table `previous_offices`
--

CREATE TABLE IF NOT EXISTS `previous_offices` (
  `previous_office_id` int(10) unsigned NOT NULL AUTO_INCREMENT,
  `office` varchar(255) COLLATE utf8_unicode_ci NOT NULL,
  `from` date NOT NULL,
  `to` date NOT NULL,
  `user_id` int(10) unsigned NOT NULL,
  `created_at` timestamp NOT NULL DEFAULT '0000-00-00 00:00:00',
  `updated_at` timestamp NOT NULL DEFAULT '0000-00-00 00:00:00',
  PRIMARY KEY (`previous_office_id`),
  KEY `previous_offices_user_id_index` (`user_id`)
) ENGINE=InnoDB  DEFAULT CHARSET=utf8 COLLATE=utf8_unicode_ci AUTO_INCREMENT=9 ;

--
-- Dumping data for table `previous_offices`
--

INSERT INTO `previous_offices` (`previous_office_id`, `office`, `from`, `to`, `user_id`, `created_at`, `updated_at`) VALUES
(1, 'MEMBER HOUSE OF REPRESENTATIVE', '1999-05-29', '2007-05-29', 88, '2015-09-14 18:20:54', '2015-09-14 18:20:54'),
(2, 'SENATOR', '2011-05-29', '2015-05-29', 5, '2015-09-14 18:39:58', '2015-09-14 18:39:58'),
(3, 'SENATOR', '2007-05-29', '2011-05-29', 5, '2015-09-14 18:39:58', '2015-09-14 18:39:58'),
(4, 'DEPUTY GOVERNOR, ABIA STATE', '1999-05-29', '2003-05-29', 5, '2015-09-14 18:39:58', '2015-09-14 18:39:58'),
(5, 'Governor Abia State', '2007-05-29', '2011-05-29', 4, '2015-09-14 18:50:30', '2015-09-14 18:50:30'),
(6, 'Governor Abia State', '2011-05-29', '2015-05-29', 4, '2015-09-14 18:50:30', '2015-09-14 18:50:30'),
(7, 'Member House of Representative', '1999-05-29', '2007-05-29', 3, '2015-09-14 21:08:33', '2015-09-14 21:08:33'),
(8, 'Webmaster', '2015-09-15', '2015-09-26', 1, '2015-09-29 00:32:26', '2015-09-29 00:32:26');

-- --------------------------------------------------------

--
-- Table structure for table `project_comments`
--

CREATE TABLE IF NOT EXISTS `project_comments` (
  `project_comment_id` int(10) unsigned NOT NULL AUTO_INCREMENT,
  `update_comment` text COLLATE utf8_unicode_ci NOT NULL,
  `project_update_id` int(10) unsigned NOT NULL,
  `app_user_id` int(10) unsigned NOT NULL,
  `created_at` timestamp NOT NULL DEFAULT '0000-00-00 00:00:00',
  `updated_at` timestamp NOT NULL DEFAULT '0000-00-00 00:00:00',
  PRIMARY KEY (`project_comment_id`),
  KEY `project_comments_project_update_id_index` (`project_update_id`),
  KEY `project_comments_user_id_index` (`app_user_id`)
) ENGINE=InnoDB DEFAULT CHARSET=utf8 COLLATE=utf8_unicode_ci AUTO_INCREMENT=1 ;

-- --------------------------------------------------------

--
-- Table structure for table `project_sector`
--

CREATE TABLE IF NOT EXISTS `project_sector` (
  `project_id` int(10) unsigned NOT NULL,
  `sector_id` int(10) unsigned NOT NULL,
  KEY `project_sector_project_id_index` (`project_id`),
  KEY `project_sector_sector_id_index` (`sector_id`)
) ENGINE=InnoDB DEFAULT CHARSET=utf8 COLLATE=utf8_unicode_ci;

--
-- Dumping data for table `project_sector`
--

INSERT INTO `project_sector` (`project_id`, `sector_id`) VALUES
(1, 6),
(2, 6),
(3, 6),
(4, 3),
(4, 6),
(5, 6),
(6, 6),
(7, 6),
(8, 6);

-- --------------------------------------------------------

--
-- Table structure for table `project_supervisors`
--

CREATE TABLE IF NOT EXISTS `project_supervisors` (
  `project_id` int(10) unsigned NOT NULL,
  `supervisor_id` int(10) unsigned NOT NULL,
  KEY `project_supervisors_project_id_index` (`project_id`),
  KEY `project_supervisors_supervisor_id_index` (`supervisor_id`)
) ENGINE=InnoDB DEFAULT CHARSET=utf8 COLLATE=utf8_unicode_ci;

--
-- Dumping data for table `project_supervisors`
--

INSERT INTO `project_supervisors` (`project_id`, `supervisor_id`) VALUES
(1, 4),
(2, 4),
(3, 544),
(4, 544),
(5, 7),
(6, 4),
(7, 5),
(8, 4);

-- --------------------------------------------------------

--
-- Table structure for table `project_updates`
--

CREATE TABLE IF NOT EXISTS `project_updates` (
  `project_update_id` int(10) unsigned NOT NULL AUTO_INCREMENT,
  `update_title` varchar(200) COLLATE utf8_unicode_ci NOT NULL,
  `update_description` text COLLATE utf8_unicode_ci NOT NULL,
  `likes` int(10) unsigned NOT NULL DEFAULT '0',
  `update_picture` varchar(255) COLLATE utf8_unicode_ci DEFAULT NULL,
  `video_url` varchar(255) COLLATE utf8_unicode_ci DEFAULT NULL,
  `project_id` int(10) unsigned NOT NULL,
  `user_id` int(10) unsigned NOT NULL,
  `created_at` timestamp NOT NULL DEFAULT '0000-00-00 00:00:00',
  `updated_at` timestamp NOT NULL DEFAULT '0000-00-00 00:00:00',
  PRIMARY KEY (`project_update_id`),
  KEY `project_updates_project_id_index` (`project_id`),
  KEY `project_updates_user_id_index` (`user_id`)
) ENGINE=InnoDB DEFAULT CHARSET=utf8 COLLATE=utf8_unicode_ci AUTO_INCREMENT=1 ;

-- --------------------------------------------------------

--
-- Table structure for table `projects`
--

CREATE TABLE IF NOT EXISTS `projects` (
  `project_id` int(10) unsigned NOT NULL AUTO_INCREMENT,
  `title` varchar(200) COLLATE utf8_unicode_ci NOT NULL,
  `description` text COLLATE utf8_unicode_ci NOT NULL,
  `purpose` text COLLATE utf8_unicode_ci NOT NULL,
  `mou` varchar(255) COLLATE utf8_unicode_ci DEFAULT NULL,
  `award_letter` varchar(255) COLLATE utf8_unicode_ci DEFAULT NULL,
  `user_id` int(10) unsigned NOT NULL,
  `contractor_id` int(10) unsigned NOT NULL,
  `status_id` int(10) unsigned NOT NULL DEFAULT '1',
  `publish_id` int(10) unsigned NOT NULL DEFAULT '0',
  `started_on` timestamp NOT NULL DEFAULT '0000-00-00 00:00:00',
  `expected_on` timestamp NULL DEFAULT NULL,
  `completed_on` timestamp NULL DEFAULT NULL,
  `created_at` timestamp NOT NULL DEFAULT '0000-00-00 00:00:00',
  `updated_at` timestamp NOT NULL DEFAULT '0000-00-00 00:00:00',
  PRIMARY KEY (`project_id`),
  KEY `projects_user_id_index` (`user_id`),
  KEY `projects_contractor_id_index` (`contractor_id`)
) ENGINE=InnoDB  DEFAULT CHARSET=utf8 COLLATE=utf8_unicode_ci AUTO_INCREMENT=9 ;

--
-- Dumping data for table `projects`
--

INSERT INTO `projects` (`project_id`, `title`, `description`, `purpose`, `mou`, `award_letter`, `user_id`, `contractor_id`, `status_id`, `publish_id`, `started_on`, `expected_on`, `completed_on`, `created_at`, `updated_at`) VALUES
(1, 'Road Construction', 'Repair of Bad roads in Durumi.', 'To provide better roads for a particular community.', '/tmp/phpiNlKUw', '/tmp/phpySt9qp', 2, 2, 1, 0, '2015-09-17 16:50:18', '2015-10-03 16:50:18', NULL, '2015-09-30 16:50:18', '2015-09-30 16:50:18'),
(2, 'Road Construction', 'build road', 'road', '/tmp/phpyn5SLh', '/tmp/phptJmaGH', 2, 2, 1, 0, '2015-09-01 22:27:39', '2015-10-08 22:27:39', '2015-09-29 22:27:39', '2015-09-30 22:27:39', '2015-09-30 22:27:39'),
(3, 'Construction of Adewole Road', 'Construction of Adewole Road', 'Construction of Adewole Road', '/tmp/php0gjwgz', '/tmp/phpCKHjIz', 1, 2, 1, 0, '2015-10-29 12:41:17', '2015-10-21 12:41:17', '2015-10-28 12:41:17', '2015-10-27 12:41:17', '2015-10-27 12:41:17'),
(4, 'Construction of Roads', 'Road construction', 'Road construction', '/tmp/phpPE90VN', '/tmp/phpwXospF', 1, 2, 1, 0, '2015-10-14 12:58:51', '2015-10-13 12:58:51', '2015-10-29 12:58:51', '2015-10-27 12:58:51', '2015-10-27 12:58:51'),
(5, 'Provision of water', 'Construction of borehole...', 'To provide water for the community', '/tmp/phpz7EorR', '/tmp/phpIp6MJ4', 2, 2, 0, 0, '2015-10-28 21:55:29', '2015-11-07 21:55:29', NULL, '2015-10-27 21:55:29', '2015-10-27 23:32:17'),
(6, 'Provision of water', 'construction of borehole', 'to provide water for the community', '/tmp/phpquzbDT', '/tmp/phpcyUqXE', 2, 2, 0, 0, '2015-10-26 22:10:21', '2015-11-06 22:10:21', NULL, '2015-10-27 22:10:21', '2015-10-27 23:32:47'),
(7, 'Water Provision', 'Drilling of boreholes', 'To provide water for the community', '/tmp/phpl5ck2b', '/tmp/phpnroJwc', 2, 3, 1, 0, '2015-10-27 03:49:05', '2015-11-08 03:49:05', NULL, '2015-10-27 23:40:10', '2015-10-30 03:49:05'),
(8, 'Provision of water', 'drilling of boreholes', 'to provide water for community', '/uploads/projects/8_mou.pdf', '/uploads/projects/8_award_letter.pdf', 2, 2, 0, 0, '2015-10-28 00:08:25', '2015-11-06 00:08:25', NULL, '2015-10-28 00:06:39', '2015-10-28 00:10:03');

-- --------------------------------------------------------

--
-- Table structure for table `ranks`
--

CREATE TABLE IF NOT EXISTS `ranks` (
  `rank_id` int(10) unsigned NOT NULL AUTO_INCREMENT,
  `rank` varchar(255) COLLATE utf8_unicode_ci NOT NULL,
  `user_type_id` int(10) unsigned NOT NULL,
  `created_at` timestamp NOT NULL DEFAULT '0000-00-00 00:00:00',
  `updated_at` timestamp NOT NULL DEFAULT '0000-00-00 00:00:00',
  PRIMARY KEY (`rank_id`),
  KEY `ranks_user_type_id_index` (`user_type_id`)
) ENGINE=InnoDB  DEFAULT CHARSET=utf8 COLLATE=utf8_unicode_ci AUTO_INCREMENT=30 ;

--
-- Dumping data for table `ranks`
--

INSERT INTO `ranks` (`rank_id`, `rank`, `user_type_id`, `created_at`, `updated_at`) VALUES
(1, 'Deputy Minority Whip', 3, '2015-09-05 22:39:08', '2015-09-08 06:48:32'),
(2, 'Distinguished Senator', 3, '2015-09-05 22:42:18', '2015-09-08 06:48:32'),
(3, 'Majority Leader', 3, '2015-09-05 22:42:18', '2015-09-08 06:48:32'),
(4, 'Minority Leader', 3, '2015-09-05 22:42:18', '2015-09-08 06:48:32'),
(5, 'Chief Whip', 3, '2015-09-05 22:42:18', '2015-09-08 06:48:32'),
(6, 'Minority Whip', 3, '2015-09-05 22:42:18', '2015-09-08 06:48:32'),
(7, 'Senate President', 3, '2015-09-05 22:42:18', '2015-09-08 06:48:32'),
(8, 'Deputy Majority Leader', 3, '2015-09-05 22:42:18', '2015-09-08 06:48:32'),
(9, 'Deputy Minority Leader', 3, '2015-09-05 22:42:18', '2015-09-08 06:48:32'),
(10, 'Deputy Chief Whip', 3, '2015-09-05 22:59:00', '2015-09-08 06:48:32'),
(11, 'Deputy Senate President', 3, '2015-09-05 22:59:00', '2015-09-08 06:48:32'),
(12, 'Speaker of the House of Representatives', 4, '2015-09-05 22:59:00', '2015-09-08 06:48:32'),
(13, 'Deputy Speaker of the House of Representatives', 4, '2015-09-08 06:48:32', '2015-09-08 06:48:32'),
(14, 'Majority Leader', 4, '2015-09-08 06:48:32', '2015-09-08 06:48:32'),
(15, 'Minority Leader', 4, '2015-09-08 06:48:32', '2015-09-08 06:48:32'),
(16, 'Chief Whip', 4, '2015-09-08 06:48:33', '2015-09-08 06:48:33'),
(17, 'Minority Whip', 4, '2015-09-08 06:48:33', '2015-09-08 06:48:33'),
(18, 'Deputy Majority Leader', 4, '2015-09-08 06:48:33', '2015-09-08 06:48:33'),
(19, 'Deputy Minority Leader', 4, '2015-09-08 06:48:33', '2015-09-08 06:48:33'),
(20, 'Deputy Chief Whip', 4, '2015-09-08 06:48:33', '2015-09-08 06:48:33'),
(21, 'Deputy Minority Whip', 4, '2015-09-08 06:48:33', '2015-09-08 06:48:33'),
(22, 'Honourable Member', 4, '2015-09-08 06:48:33', '2015-09-08 06:48:33'),
(23, 'Speaker State House', 5, '0000-00-00 00:00:00', '0000-00-00 00:00:00'),
(24, 'Honourable Member', 5, '2015-10-27 16:25:52', '2015-10-27 16:25:52'),
(25, 'Deputy Speaker State House', 5, '2015-10-27 21:24:35', '2015-10-27 21:24:35'),
(26, 'Chief Whip State House', 5, '2015-10-27 21:24:35', '2015-10-27 21:24:35'),
(27, 'Majority Leader State House', 5, '2015-10-27 21:24:35', '2015-10-27 21:24:35'),
(28, 'D/Majority Leader State House', 5, '2015-10-27 21:24:35', '2015-10-27 21:24:35'),
(29, 'Majority Whip State House', 5, '2015-10-27 21:24:35', '2015-10-27 21:24:35');

-- --------------------------------------------------------

--
-- Table structure for table `role_user`
--

CREATE TABLE IF NOT EXISTS `role_user` (
  `user_id` int(10) unsigned NOT NULL,
  `role_id` int(10) unsigned NOT NULL,
  PRIMARY KEY (`user_id`,`role_id`),
  KEY `role_user_role_id_foreign` (`role_id`)
) ENGINE=InnoDB DEFAULT CHARSET=utf8 COLLATE=utf8_unicode_ci;

--
-- Dumping data for table `role_user`
--

INSERT INTO `role_user` (`user_id`, `role_id`) VALUES
(509, 1),
(473, 2),
(474, 2),
(475, 2),
(476, 2),
(477, 2),
(478, 2),
(479, 2),
(480, 2),
(481, 2),
(482, 2),
(483, 2),
(484, 2),
(485, 2),
(486, 2),
(487, 2),
(488, 2),
(489, 2),
(490, 2),
(491, 2),
(492, 2),
(493, 2),
(494, 2),
(495, 2),
(496, 2),
(497, 2),
(498, 2),
(499, 2),
(500, 2),
(501, 2),
(502, 2),
(503, 2),
(504, 2),
(505, 2),
(506, 2),
(507, 2),
(508, 2),
(529, 2),
(2, 3),
(3, 3),
(4, 3),
(5, 3),
(6, 3),
(7, 3),
(8, 3),
(9, 3),
(10, 3),
(11, 3),
(12, 3),
(13, 3),
(14, 3),
(15, 3),
(16, 3),
(17, 3),
(18, 3),
(19, 3),
(20, 3),
(21, 3),
(22, 3),
(23, 3),
(24, 3),
(25, 3),
(26, 3),
(27, 3),
(28, 3),
(29, 3),
(30, 3),
(31, 3),
(32, 3),
(33, 3),
(34, 3),
(35, 3),
(36, 3),
(37, 3),
(38, 3),
(39, 3),
(40, 3),
(41, 3),
(42, 3),
(43, 3),
(44, 3),
(45, 3),
(46, 3),
(47, 3),
(48, 3),
(49, 3),
(50, 3),
(51, 3),
(52, 3),
(53, 3),
(54, 3),
(55, 3),
(56, 3),
(57, 3),
(58, 3),
(59, 3),
(60, 3),
(61, 3),
(62, 3),
(63, 3),
(64, 3),
(65, 3),
(66, 3),
(67, 3),
(68, 3),
(69, 3),
(70, 3),
(71, 3),
(72, 3),
(73, 3),
(74, 3),
(75, 3),
(76, 3),
(77, 3),
(78, 3),
(79, 3),
(80, 3),
(81, 3),
(82, 3),
(83, 3),
(84, 3),
(85, 3),
(86, 3),
(87, 3),
(88, 3),
(89, 3),
(90, 3),
(91, 3),
(92, 3),
(93, 3),
(94, 3),
(95, 3),
(96, 3),
(97, 3),
(98, 3),
(99, 3),
(100, 3),
(101, 3),
(102, 3),
(103, 3),
(104, 3),
(105, 3),
(106, 3),
(107, 3),
(108, 3),
(109, 3),
(110, 3),
(111, 3),
(112, 4),
(113, 4),
(114, 4),
(115, 4),
(116, 4),
(117, 4),
(118, 4),
(119, 4),
(120, 4),
(121, 4),
(122, 4),
(123, 4),
(124, 4),
(125, 4),
(126, 4),
(127, 4),
(128, 4),
(129, 4),
(130, 4),
(131, 4),
(132, 4),
(133, 4),
(134, 4),
(135, 4),
(136, 4),
(137, 4),
(138, 4),
(139, 4),
(140, 4),
(141, 4),
(142, 4),
(143, 4),
(144, 4),
(145, 4),
(146, 4),
(147, 4),
(148, 4),
(149, 4),
(150, 4),
(151, 4),
(152, 4),
(153, 4),
(154, 4),
(155, 4),
(156, 4),
(157, 4),
(158, 4),
(159, 4),
(160, 4),
(161, 4),
(162, 4),
(163, 4),
(164, 4),
(165, 4),
(166, 4),
(167, 4),
(168, 4),
(169, 4),
(170, 4),
(171, 4),
(172, 4),
(173, 4),
(174, 4),
(175, 4),
(176, 4),
(177, 4),
(178, 4),
(179, 4),
(180, 4),
(181, 4),
(182, 4),
(183, 4),
(184, 4),
(185, 4),
(186, 4),
(187, 4),
(188, 4),
(189, 4),
(190, 4),
(191, 4),
(192, 4),
(193, 4),
(194, 4),
(195, 4),
(196, 4),
(197, 4),
(198, 4),
(199, 4),
(200, 4),
(201, 4),
(202, 4),
(203, 4),
(204, 4),
(205, 4),
(206, 4),
(207, 4),
(208, 4),
(209, 4),
(210, 4),
(211, 4),
(212, 4),
(213, 4),
(214, 4),
(215, 4),
(216, 4),
(217, 4),
(218, 4),
(219, 4),
(220, 4),
(221, 4),
(222, 4),
(223, 4),
(224, 4),
(225, 4),
(226, 4),
(227, 4),
(228, 4),
(229, 4),
(230, 4),
(231, 4),
(232, 4),
(233, 4),
(234, 4),
(235, 4),
(236, 4),
(237, 4),
(238, 4),
(239, 4),
(240, 4),
(241, 4),
(242, 4),
(243, 4),
(244, 4),
(245, 4),
(246, 4),
(247, 4),
(248, 4),
(249, 4),
(250, 4),
(251, 4),
(252, 4),
(253, 4),
(254, 4),
(255, 4),
(256, 4),
(257, 4),
(258, 4),
(259, 4),
(260, 4),
(261, 4),
(262, 4),
(263, 4),
(264, 4),
(265, 4),
(266, 4),
(267, 4),
(268, 4),
(269, 4),
(270, 4),
(271, 4),
(272, 4),
(273, 4),
(274, 4),
(275, 4),
(276, 4),
(277, 4),
(278, 4),
(279, 4),
(280, 4),
(281, 4),
(282, 4),
(283, 4),
(284, 4),
(285, 4),
(286, 4),
(287, 4),
(288, 4),
(289, 4),
(290, 4),
(291, 4),
(292, 4),
(293, 4),
(294, 4),
(295, 4),
(296, 4),
(297, 4),
(298, 4),
(299, 4),
(300, 4),
(301, 4),
(302, 4),
(303, 4),
(304, 4),
(305, 4),
(306, 4),
(307, 4),
(308, 4),
(309, 4),
(310, 4),
(311, 4),
(312, 4),
(313, 4),
(314, 4),
(315, 4),
(316, 4),
(317, 4),
(318, 4),
(319, 4),
(320, 4),
(321, 4),
(322, 4),
(323, 4),
(324, 4),
(325, 4),
(326, 4),
(327, 4),
(328, 4),
(329, 4),
(330, 4),
(331, 4),
(332, 4),
(333, 4),
(334, 4),
(335, 4),
(336, 4),
(337, 4),
(338, 4),
(339, 4),
(340, 4),
(341, 4),
(342, 4),
(343, 4),
(344, 4),
(345, 4),
(346, 4),
(347, 4),
(348, 4),
(349, 4),
(350, 4),
(351, 4),
(352, 4),
(353, 4),
(354, 4),
(355, 4),
(356, 4),
(357, 4),
(358, 4),
(359, 4),
(360, 4),
(361, 4),
(362, 4),
(363, 4),
(364, 4),
(365, 4),
(366, 4),
(367, 4),
(368, 4),
(369, 4),
(370, 4),
(371, 4),
(372, 4),
(373, 4),
(374, 4),
(375, 4),
(376, 4),
(377, 4),
(378, 4),
(379, 4),
(380, 4),
(382, 4),
(383, 4),
(384, 4),
(385, 4),
(386, 4),
(387, 4),
(388, 4),
(389, 4),
(390, 4),
(391, 4),
(392, 4),
(393, 4),
(394, 4),
(395, 4),
(396, 4),
(397, 4),
(398, 4),
(399, 4),
(400, 4),
(401, 4),
(402, 4),
(403, 4),
(404, 4),
(405, 4),
(406, 4),
(407, 4),
(408, 4),
(409, 4),
(410, 4),
(411, 4),
(412, 4),
(413, 4),
(414, 4),
(415, 4),
(416, 4),
(417, 4),
(418, 4),
(419, 4),
(420, 4),
(421, 4),
(422, 4),
(423, 4),
(424, 4),
(425, 4),
(426, 4),
(427, 4),
(428, 4),
(429, 4),
(430, 4),
(431, 4),
(432, 4),
(433, 4),
(434, 4),
(435, 4),
(436, 4),
(437, 4),
(438, 4),
(439, 4),
(440, 4),
(441, 4),
(442, 4),
(443, 4),
(444, 4),
(445, 4),
(446, 4),
(447, 4),
(448, 4),
(449, 4),
(450, 4),
(451, 4),
(452, 4),
(453, 4),
(454, 4),
(455, 4),
(456, 4),
(457, 4),
(458, 4),
(459, 4),
(460, 4),
(461, 4),
(462, 4),
(463, 4),
(464, 4),
(465, 4),
(466, 4),
(467, 4),
(468, 4),
(469, 4),
(470, 4),
(471, 4),
(472, 4),
(547, 5),
(548, 5),
(511, 6),
(512, 6),
(513, 6),
(514, 6),
(515, 6),
(516, 6),
(517, 6),
(518, 6),
(519, 6),
(520, 6),
(521, 6),
(522, 6),
(523, 6),
(524, 6),
(525, 6),
(526, 6),
(527, 6),
(528, 6),
(530, 6),
(531, 6),
(532, 6),
(533, 6),
(534, 6),
(535, 6),
(536, 6),
(537, 6),
(538, 6),
(539, 6),
(540, 6),
(541, 6),
(542, 6),
(510, 7),
(543, 9),
(546, 9),
(1, 11),
(2, 11),
(1, 12),
(2, 12);

-- --------------------------------------------------------

--
-- Table structure for table `roles`
--

CREATE TABLE IF NOT EXISTS `roles` (
  `role_id` int(10) unsigned NOT NULL AUTO_INCREMENT,
  `name` varchar(255) COLLATE utf8_unicode_ci NOT NULL,
  `display_name` varchar(255) COLLATE utf8_unicode_ci DEFAULT NULL,
  `description` varchar(255) COLLATE utf8_unicode_ci DEFAULT NULL,
  `user_type_id` int(10) unsigned DEFAULT NULL,
  `created_at` timestamp NOT NULL DEFAULT '0000-00-00 00:00:00',
  `updated_at` timestamp NOT NULL DEFAULT '0000-00-00 00:00:00',
  PRIMARY KEY (`role_id`),
  UNIQUE KEY `roles_name_unique` (`name`),
  UNIQUE KEY `user_type_id_2` (`user_type_id`),
  KEY `user_type_id` (`user_type_id`)
) ENGINE=InnoDB  DEFAULT CHARSET=utf8 COLLATE=utf8_unicode_ci AUTO_INCREMENT=16 ;

--
-- Dumping data for table `roles`
--

INSERT INTO `roles` (`role_id`, `name`, `display_name`, `description`, `user_type_id`, `created_at`, `updated_at`) VALUES
(1, 'president', 'President', 'President and Commander in Chief, Federal Repblic of Nigeria', 1, '2015-09-22 21:23:00', '2015-09-29 15:27:33'),
(2, 'governor', 'Governor', 'Executive Governor of the State', 2, '2015-09-22 21:23:00', '2015-09-29 15:27:33'),
(3, 'senator', 'Senators', 'Distinguished Senator of th Upper Chamber', 3, '2015-09-22 21:23:00', '2015-09-29 15:27:33'),
(4, 'federal_rep', 'Federal Representatives', 'Honorable Member of the Federal Hose of Representative', 4, '2015-09-22 21:23:00', '2015-09-29 15:27:33'),
(5, 'state_rep', 'State Representatives', 'Honorable Member of the StateHose of Representative', 5, '2015-09-22 21:23:00', '2015-09-29 15:27:33'),
(6, 'deputy_governor', 'Deputy Governor', 'Deputy Governor of the State', 6, '2015-09-22 21:23:00', '2015-09-29 15:27:32'),
(7, 'vice_president', 'Vice President', 'Executive Vice President of Nigeria', 7, '2015-09-22 21:23:00', '2015-09-29 15:27:33'),
(8, 'ssg', 'Sec. State. Govt.', 'Secretary to the State Government', 8, '2015-09-22 21:23:00', '2015-09-29 15:27:33'),
(9, 'organisation_user', 'Organisation User', 'Users Managing an the Affears of an Organisation', 17, '2015-09-22 21:23:01', '2015-09-29 15:28:17'),
(10, 'supervisor', 'Supervisor', 'Supervisor Managing Projects', 18, '2015-09-22 21:23:01', '2015-09-29 15:27:33'),
(11, 'owner', 'Owner', 'Rollar Cecilee Admin', 20, '2015-09-22 22:11:05', '2015-09-29 15:27:33'),
(12, 'developer', 'Developers', 'Rollar Cecilee Programmers', 19, '2015-09-22 22:11:05', '2015-09-29 15:27:33'),
(13, 'director', 'Directors', 'Directors ', 11, '2015-09-24 17:57:09', '2015-09-29 15:27:33'),
(14, 'minister', 'Ministers', 'Federal Appointed  Ministers ', 9, '2015-09-24 17:57:09', '2015-09-29 15:27:33'),
(15, 'perm_sec', 'Permanent Secretary', 'Permanent Secretary', 10, '2015-09-29 13:24:54', '2015-09-29 15:27:33');

-- --------------------------------------------------------

--
-- Table structure for table `roles_menu_items`
--

CREATE TABLE IF NOT EXISTS `roles_menu_items` (
  `role_id` int(10) unsigned NOT NULL,
  `menu_item_id` int(10) unsigned DEFAULT NULL,
  KEY `roles_menu_items_role_id_index` (`role_id`),
  KEY `roles_menu_items_menu_item_id_index` (`menu_item_id`)
) ENGINE=InnoDB DEFAULT CHARSET=utf8 COLLATE=utf8_unicode_ci;

--
-- Dumping data for table `roles_menu_items`
--

INSERT INTO `roles_menu_items` (`role_id`, `menu_item_id`) VALUES
(11, 27),
(3, 27),
(4, 28),
(11, 28),
(11, 1),
(11, 2),
(12, 12),
(11, 12),
(12, 13),
(11, 13),
(12, 15),
(11, 15),
(12, 43),
(11, 43),
(12, 14),
(11, 14),
(6, 38),
(12, 38),
(2, 38),
(9, 38),
(11, 38),
(8, 38),
(6, 40),
(12, 40),
(2, 40),
(9, 40),
(11, 40),
(8, 40),
(6, 41),
(12, 41),
(2, 41),
(9, 41),
(11, 41),
(8, 41),
(6, 42),
(12, 42),
(2, 42),
(9, 42),
(11, 42),
(8, 42),
(12, 37),
(8, 37),
(6, 21),
(12, 21),
(4, 21),
(2, 21),
(11, 21),
(1, 21),
(3, 21),
(8, 21),
(5, 21),
(7, 21),
(6, 22),
(12, 22),
(4, 22),
(2, 22),
(11, 22),
(1, 22),
(3, 22),
(8, 22),
(5, 22),
(7, 22),
(6, 30),
(12, 30),
(4, 30),
(2, 30),
(11, 30),
(1, 30),
(3, 30),
(8, 30),
(5, 30),
(7, 30),
(6, 34),
(12, 34),
(4, 34),
(2, 34),
(11, 34),
(1, 34),
(3, 34),
(8, 34),
(5, 34),
(7, 34),
(6, 27),
(12, 27),
(4, 27),
(2, 27),
(9, 27),
(1, 27),
(8, 27),
(5, 27),
(10, 27),
(7, 27),
(6, 28),
(12, 28),
(2, 28),
(9, 28),
(1, 28),
(3, 28),
(8, 28),
(5, 28),
(10, 28),
(7, 28),
(6, 29),
(12, 29),
(4, 29),
(2, 29),
(9, 29),
(11, 29),
(1, 29),
(3, 29),
(8, 29),
(5, 29),
(10, 29),
(7, 29),
(12, 19),
(4, 19),
(11, 19),
(3, 19),
(12, 23),
(4, 23),
(11, 23),
(3, 23),
(12, 24),
(4, 24),
(11, 24),
(3, 24),
(12, 25),
(4, 25),
(11, 25),
(3, 25),
(12, 26),
(4, 26),
(11, 26),
(3, 26),
(6, 3),
(12, 3),
(4, 3),
(2, 3),
(11, 3),
(1, 3),
(3, 3),
(8, 3),
(5, 3),
(10, 3),
(7, 3),
(6, 4),
(12, 4),
(4, 4),
(2, 4),
(11, 4),
(1, 4),
(3, 4),
(8, 4),
(5, 4),
(10, 4),
(7, 4),
(12, 5),
(11, 5),
(10, 5),
(6, 6),
(12, 6),
(4, 6),
(2, 6),
(11, 6),
(1, 6),
(3, 6),
(8, 6),
(5, 6),
(10, 6),
(7, 6),
(6, 44),
(12, 44),
(4, 44),
(2, 44),
(11, 44),
(1, 44),
(3, 44),
(8, 44),
(5, 44),
(7, 44),
(6, 1),
(12, 1),
(4, 1),
(2, 1),
(9, 1),
(1, 1),
(3, 1),
(8, 1),
(5, 1),
(10, 1),
(7, 1),
(6, 2),
(12, 2),
(4, 2),
(2, 2),
(9, 2),
(1, 2),
(3, 2),
(8, 2),
(5, 2),
(10, 2),
(7, 2),
(6, 35),
(12, 35),
(4, 35),
(2, 35),
(11, 35),
(1, 35),
(3, 35),
(8, 35),
(5, 35),
(7, 35),
(6, 36),
(12, 36),
(4, 36),
(2, 36),
(11, 36),
(1, 36),
(3, 36),
(8, 36),
(5, 36),
(7, 36),
(6, 37),
(2, 37),
(11, 37),
(13, 45),
(11, 45),
(6, 46),
(12, 46),
(13, 46),
(4, 46),
(2, 46),
(14, 46),
(11, 46),
(15, 46),
(1, 46),
(3, 46),
(8, 46),
(5, 46),
(7, 46),
(6, 47),
(12, 47),
(13, 47),
(4, 47),
(2, 47),
(14, 47),
(11, 47),
(15, 47),
(1, 47),
(3, 47),
(8, 47),
(5, 47),
(7, 47);

-- --------------------------------------------------------

--
-- Table structure for table `roles_menus`
--

CREATE TABLE IF NOT EXISTS `roles_menus` (
  `role_id` int(10) unsigned NOT NULL,
  `menu_id` int(10) unsigned DEFAULT NULL,
  KEY `roles_menus_role_id_index` (`role_id`),
  KEY `roles_menus_menu_id_index` (`menu_id`)
) ENGINE=InnoDB DEFAULT CHARSET=utf8 COLLATE=utf8_unicode_ci;

--
-- Dumping data for table `roles_menus`
--

INSERT INTO `roles_menus` (`role_id`, `menu_id`) VALUES
(4, 1),
(11, 1),
(4, 11),
(11, 11),
(3, 11),
(8, 11),
(12, 8),
(11, 8),
(6, 1),
(12, 1),
(2, 1),
(9, 1),
(1, 1),
(3, 1),
(8, 1),
(5, 1),
(10, 1),
(7, 1),
(6, 11),
(12, 11),
(2, 11),
(9, 11),
(1, 11),
(5, 11),
(10, 11),
(7, 11),
(12, 9),
(11, 9),
(6, 2),
(12, 2),
(4, 2),
(2, 2),
(11, 2),
(1, 2),
(3, 2),
(8, 2),
(5, 2),
(7, 2),
(6, 14),
(12, 14),
(2, 14),
(9, 14),
(11, 14),
(8, 14),
(6, 12),
(12, 12),
(4, 12),
(2, 12),
(11, 12),
(1, 12),
(3, 12),
(8, 12),
(5, 12),
(6, 13),
(12, 13),
(2, 13),
(11, 13),
(8, 13),
(12, 5),
(4, 5),
(11, 5),
(3, 5),
(12, 6),
(11, 6),
(4, 9),
(3, 9),
(10, 2),
(6, 9),
(2, 9),
(1, 9),
(8, 9),
(5, 9),
(7, 9),
(6, 15),
(12, 15),
(13, 15),
(4, 15),
(2, 15),
(14, 15),
(11, 15),
(15, 15),
(1, 15),
(3, 15),
(8, 15),
(5, 15),
(7, 15);

-- --------------------------------------------------------

--
-- Table structure for table `roles_sub_menu_items`
--

CREATE TABLE IF NOT EXISTS `roles_sub_menu_items` (
  `role_id` int(10) unsigned NOT NULL,
  `sub_menu_item_id` int(10) unsigned DEFAULT NULL,
  KEY `roles_sub_menu_items_role_id_index` (`role_id`),
  KEY `roles_sub_menu_items_sub_menu_item_id_index` (`sub_menu_item_id`)
) ENGINE=InnoDB DEFAULT CHARSET=utf8 COLLATE=utf8_unicode_ci;

--
-- Dumping data for table `roles_sub_menu_items`
--

INSERT INTO `roles_sub_menu_items` (`role_id`, `sub_menu_item_id`) VALUES
(12, 4),
(11, 4),
(12, 5),
(11, 5),
(12, 33),
(11, 33),
(12, 21),
(11, 21),
(12, 12),
(11, 12),
(12, 13),
(11, 13),
(6, 39),
(12, 39),
(4, 39),
(2, 39),
(11, 39),
(1, 39),
(3, 39),
(8, 39),
(5, 39),
(10, 39),
(7, 39),
(6, 40),
(12, 40),
(4, 40),
(2, 40),
(11, 40),
(1, 40),
(3, 40),
(8, 40),
(5, 40),
(10, 40),
(7, 40),
(6, 34),
(12, 34),
(2, 34),
(9, 34),
(11, 34),
(8, 34),
(6, 35),
(12, 35),
(2, 35),
(9, 35),
(11, 35),
(8, 35),
(6, 28),
(12, 28),
(2, 28),
(11, 28),
(8, 28),
(6, 29),
(12, 29),
(2, 29),
(11, 29),
(8, 29),
(6, 25),
(12, 25),
(4, 25),
(2, 25),
(11, 25),
(1, 25),
(3, 25),
(8, 25),
(5, 25),
(7, 25),
(6, 26),
(12, 26),
(4, 26),
(2, 26),
(11, 26),
(1, 26),
(3, 26),
(8, 26),
(5, 26),
(7, 26),
(6, 27),
(12, 27),
(4, 27),
(2, 27),
(11, 27),
(1, 27),
(3, 27),
(8, 27),
(5, 27),
(7, 27),
(6, 22),
(12, 22),
(4, 22),
(2, 22),
(11, 22),
(1, 22),
(3, 22),
(8, 22),
(5, 22),
(10, 22),
(7, 22),
(6, 23),
(12, 23),
(4, 23),
(2, 23),
(11, 23),
(1, 23),
(3, 23),
(8, 23),
(5, 23),
(7, 23),
(6, 24),
(12, 24),
(4, 24),
(2, 24),
(11, 24),
(1, 24),
(3, 24),
(8, 24),
(5, 24),
(10, 24),
(7, 24),
(6, 19),
(12, 19),
(4, 19),
(2, 19),
(11, 19),
(1, 19),
(3, 19),
(8, 19),
(5, 19),
(10, 19),
(7, 19),
(6, 20),
(12, 20),
(4, 20),
(2, 20),
(11, 20),
(1, 20),
(3, 20),
(8, 20),
(5, 20),
(10, 20),
(7, 20),
(6, 17),
(12, 17),
(4, 17),
(2, 17),
(11, 17),
(1, 17),
(3, 17),
(8, 17),
(5, 17),
(7, 17),
(6, 18),
(12, 18),
(4, 18),
(2, 18),
(11, 18),
(1, 18),
(3, 18),
(8, 18),
(5, 18),
(7, 18),
(12, 6),
(11, 6),
(12, 7),
(11, 7),
(12, 8),
(11, 8),
(12, 1),
(11, 1),
(12, 2),
(11, 2),
(12, 3),
(11, 3),
(12, 11),
(11, 11),
(12, 14),
(11, 14),
(12, 15),
(11, 15),
(12, 9),
(11, 9),
(6, 10),
(12, 10),
(4, 10),
(2, 10),
(11, 10),
(1, 10),
(3, 10),
(8, 10),
(5, 10),
(10, 10),
(7, 10),
(6, 16),
(12, 16),
(4, 16),
(2, 16),
(11, 16),
(1, 16),
(3, 16),
(8, 16),
(5, 16),
(10, 16),
(7, 16),
(12, 36),
(11, 36),
(12, 37),
(11, 37),
(12, 38),
(11, 38),
(12, 41),
(11, 41),
(12, 42),
(11, 42),
(3, 42),
(6, 43),
(12, 43),
(2, 43),
(11, 43),
(6, 44),
(12, 44),
(2, 44),
(11, 44);

-- --------------------------------------------------------

--
-- Table structure for table `salutations`
--

CREATE TABLE IF NOT EXISTS `salutations` (
  `salutation_id` int(10) unsigned NOT NULL AUTO_INCREMENT,
  `salutation` varchar(100) COLLATE utf8_unicode_ci NOT NULL,
  `salutation_abbr` varchar(10) COLLATE utf8_unicode_ci NOT NULL,
  PRIMARY KEY (`salutation_id`)
) ENGINE=InnoDB  DEFAULT CHARSET=utf8 COLLATE=utf8_unicode_ci AUTO_INCREMENT=13 ;

--
-- Dumping data for table `salutations`
--

INSERT INTO `salutations` (`salutation_id`, `salutation`, `salutation_abbr`) VALUES
(1, 'Mister', 'Mr.'),
(2, 'Mistress', 'Mrs.'),
(3, 'Miss', 'Miss.'),
(4, 'Mrs.', 'Mrs'),
(5, 'Doctor', 'Dr.'),
(6, 'Chief', 'Chief.'),
(7, 'Barrister', 'Barr.'),
(8, 'Engineer', 'Engr.'),
(9, 'Honorable', 'Hon.'),
(10, 'Arch', 'Arch.'),
(11, 'Alhaji', 'Alh.'),
(12, 'Professor', 'Prof.');

-- --------------------------------------------------------

--
-- Table structure for table `sectors`
--

CREATE TABLE IF NOT EXISTS `sectors` (
  `sector_id` int(10) unsigned NOT NULL AUTO_INCREMENT,
  `sector` varchar(150) COLLATE utf8_unicode_ci NOT NULL,
  `created_at` timestamp NOT NULL DEFAULT '0000-00-00 00:00:00',
  `updated_at` timestamp NOT NULL DEFAULT '0000-00-00 00:00:00',
  PRIMARY KEY (`sector_id`)
) ENGINE=InnoDB  DEFAULT CHARSET=utf8 COLLATE=utf8_unicode_ci AUTO_INCREMENT=8 ;

--
-- Dumping data for table `sectors`
--

INSERT INTO `sectors` (`sector_id`, `sector`, `created_at`, `updated_at`) VALUES
(1, 'Education', '0000-00-00 00:00:00', '0000-00-00 00:00:00'),
(2, 'Health', '0000-00-00 00:00:00', '0000-00-00 00:00:00'),
(3, 'Agriculture', '0000-00-00 00:00:00', '0000-00-00 00:00:00'),
(4, 'Telecommunication', '0000-00-00 00:00:00', '0000-00-00 00:00:00'),
(5, 'Commerce', '0000-00-00 00:00:00', '0000-00-00 00:00:00'),
(6, 'Works', '2015-09-30 16:33:34', '2015-09-30 16:33:34'),
(7, 'Housing', '2015-09-30 16:33:34', '2015-09-30 16:33:34');

-- --------------------------------------------------------

--
-- Table structure for table `senatorial_districts`
--

CREATE TABLE IF NOT EXISTS `senatorial_districts` (
  `senatorial_district_id` int(10) unsigned NOT NULL AUTO_INCREMENT,
  `senatorial_district` varchar(100) COLLATE utf8_unicode_ci NOT NULL,
  `senatorial_district_code` varchar(255) COLLATE utf8_unicode_ci DEFAULT NULL,
  `state_id` int(10) unsigned NOT NULL,
  `created_at` timestamp NOT NULL DEFAULT '0000-00-00 00:00:00',
  `updated_at` timestamp NOT NULL DEFAULT '0000-00-00 00:00:00',
  PRIMARY KEY (`senatorial_district_id`),
  KEY `senatorial_districts_state_id_index` (`state_id`)
) ENGINE=InnoDB  DEFAULT CHARSET=utf8 COLLATE=utf8_unicode_ci AUTO_INCREMENT=111 ;

--
-- Dumping data for table `senatorial_districts`
--

INSERT INTO `senatorial_districts` (`senatorial_district_id`, `senatorial_district`, `senatorial_district_code`, `state_id`, `created_at`, `updated_at`) VALUES
(1, 'ABIA NORTH ', 'SD/001/AB', 1, '0000-00-00 00:00:00', '0000-00-00 00:00:00'),
(2, 'ABIA CENTRAL ', 'SD/002/AB', 1, '0000-00-00 00:00:00', '0000-00-00 00:00:00'),
(3, 'ABIA SOUTH ', 'SD/003/AB', 1, '0000-00-00 00:00:00', '0000-00-00 00:00:00'),
(4, 'AKWA IBOM NORTH EAST', 'SD/007/AK', 3, '0000-00-00 00:00:00', '0000-00-00 00:00:00'),
(5, 'AKWA IBOM NORTH WEST ', 'SD/008/AK', 3, '0000-00-00 00:00:00', '0000-00-00 00:00:00'),
(6, 'AKWA IBOM SOUTH ', 'SD/009/AK', 3, '0000-00-00 00:00:00', '0000-00-00 00:00:00'),
(7, 'ADAMAWA NORTH', 'SD/004/AD', 2, '0000-00-00 00:00:00', '0000-00-00 00:00:00'),
(8, 'ADAMAWA SOUTH ', 'SD/005/AD', 2, '0000-00-00 00:00:00', '0000-00-00 00:00:00'),
(9, 'ADAMAWA CENTRAL', 'SD/006/AD', 2, '0000-00-00 00:00:00', '0000-00-00 00:00:00'),
(10, 'ANAMBRA NORTH ', 'SD/010/AN', 4, '0000-00-00 00:00:00', '0000-00-00 00:00:00'),
(11, 'ANAMBRA CENTRAL ', 'SD/011/AN', 4, '0000-00-00 00:00:00', '0000-00-00 00:00:00'),
(12, 'ANAMBRA SOUTH ', 'SD/012/AN', 4, '0000-00-00 00:00:00', '0000-00-00 00:00:00'),
(13, 'BAUCHI SOUTH ', 'SD/013/BA', 5, '0000-00-00 00:00:00', '0000-00-00 00:00:00'),
(14, 'BAUCHI CENTRAL ', 'SD/014/BA', 5, '0000-00-00 00:00:00', '0000-00-00 00:00:00'),
(15, 'BAUCHI NORTH ', 'SD/015/BA', 5, '0000-00-00 00:00:00', '0000-00-00 00:00:00'),
(16, 'BAYELSA EAST', 'SD/016/BY', 6, '0000-00-00 00:00:00', '0000-00-00 00:00:00'),
(17, 'BAYELSA CENTRAL ', 'SD/017/BY', 6, '0000-00-00 00:00:00', '0000-00-00 00:00:00'),
(18, 'BAYELSA WEST ', 'SD/018/BY', 6, '0000-00-00 00:00:00', '0000-00-00 00:00:00'),
(19, 'BENUE NORTH  EAST ', 'SD/019/BN', 7, '0000-00-00 00:00:00', '0000-00-00 00:00:00'),
(20, 'BENUE NORTH WEST', 'SD/020/BN', 7, '0000-00-00 00:00:00', '0000-00-00 00:00:00'),
(21, 'BENUE SOUTH', 'SD/021/BN', 7, '0000-00-00 00:00:00', '0000-00-00 00:00:00'),
(22, 'BORNO NORTH', 'SD/022/BO', 8, '0000-00-00 00:00:00', '0000-00-00 00:00:00'),
(23, 'BORNO CENTRAL', 'SD/023/BO', 8, '0000-00-00 00:00:00', '0000-00-00 00:00:00'),
(24, 'BORNO SOUTH', 'SD/024/BO', 8, '0000-00-00 00:00:00', '0000-00-00 00:00:00'),
(25, 'CROSS RIVER NORTH', 'SD/025/CR', 9, '0000-00-00 00:00:00', '0000-00-00 00:00:00'),
(26, 'CROSS RIVER CENTRAL', 'SD/026/CR', 9, '0000-00-00 00:00:00', '0000-00-00 00:00:00'),
(27, 'CROSS RIVER SOUTH', 'SD/027/CR', 9, '0000-00-00 00:00:00', '0000-00-00 00:00:00'),
(28, 'DELTA CENTRAL', 'SD/028/DT', 10, '0000-00-00 00:00:00', '0000-00-00 00:00:00'),
(29, 'DELTA NORTH', 'SD/029/DT', 10, '0000-00-00 00:00:00', '0000-00-00 00:00:00'),
(30, 'DELTA SOUTH', 'SD/030/DT', 10, '0000-00-00 00:00:00', '0000-00-00 00:00:00'),
(31, 'EBONYI NORTH', 'SD/031/EB', 11, '0000-00-00 00:00:00', '0000-00-00 00:00:00'),
(32, 'EBONYI CENTRAL', 'SD/032/EB', 11, '0000-00-00 00:00:00', '0000-00-00 00:00:00'),
(33, 'EBONYI  SOUTH', 'SD/033/EB', 11, '0000-00-00 00:00:00', '0000-00-00 00:00:00'),
(34, 'EDO CENTRAL', 'SD/034/ED', 12, '0000-00-00 00:00:00', '0000-00-00 00:00:00'),
(35, 'EDO NORTH', 'SD/035/ED', 12, '0000-00-00 00:00:00', '0000-00-00 00:00:00'),
(36, 'EDO  SOUTH', 'SD/036/ED', 12, '0000-00-00 00:00:00', '0000-00-00 00:00:00'),
(37, 'EKITI NORTH', 'SD/037/EK', 13, '0000-00-00 00:00:00', '0000-00-00 00:00:00'),
(38, 'EKITI CENTRAL', 'SD/038/EK', 13, '0000-00-00 00:00:00', '0000-00-00 00:00:00'),
(39, 'EKITI  SOUTH', 'SD/039/EK', 13, '0000-00-00 00:00:00', '0000-00-00 00:00:00'),
(40, 'ENUGU EAST', 'SD/040/EN', 14, '0000-00-00 00:00:00', '0000-00-00 00:00:00'),
(41, 'ENUGU WEST', 'SD/041/EN', 14, '0000-00-00 00:00:00', '0000-00-00 00:00:00'),
(42, 'ENUGU  NORTH', 'SD/042/EN', 14, '0000-00-00 00:00:00', '0000-00-00 00:00:00'),
(43, 'GOMBE CENTRAL', 'SD/043/GM', 16, '0000-00-00 00:00:00', '0000-00-00 00:00:00'),
(44, 'GOMBE SOUTH', 'SD/044/GM', 16, '0000-00-00 00:00:00', '0000-00-00 00:00:00'),
(45, 'GOMBE NORTH  ', 'SD/045/GM', 16, '0000-00-00 00:00:00', '0000-00-00 00:00:00'),
(46, 'IMO EAST', 'SD/046/IM', 17, '0000-00-00 00:00:00', '0000-00-00 00:00:00'),
(47, 'IMO WEST', 'SD/047/IM', 17, '0000-00-00 00:00:00', '0000-00-00 00:00:00'),
(48, 'IMO NORTH  ', 'SD/048/IM', 17, '0000-00-00 00:00:00', '0000-00-00 00:00:00'),
(49, 'JIGAWA SOUTH – WEST', 'SD/049/JG', 18, '0000-00-00 00:00:00', '0000-00-00 00:00:00'),
(50, 'JIGAWA NORTH – EAST', 'SD/050/JG', 18, '0000-00-00 00:00:00', '0000-00-00 00:00:00'),
(51, 'JIGAWA NORTH - WEST ', 'SD/051/JG', 18, '0000-00-00 00:00:00', '0000-00-00 00:00:00'),
(52, 'KADUNA NORTH', 'SD/052/KD', 19, '0000-00-00 00:00:00', '0000-00-00 00:00:00'),
(53, 'KADUNA CENTRAL', 'SD/053/KD', 19, '0000-00-00 00:00:00', '0000-00-00 00:00:00'),
(54, '  KADUNA SOUTH', 'SD/054/KD', 19, '0000-00-00 00:00:00', '0000-00-00 00:00:00'),
(55, 'KANO CENTRAL', 'SD/055/KN', 20, '0000-00-00 00:00:00', '0000-00-00 00:00:00'),
(56, 'KANO NORTH', 'SD/056/KN', 20, '0000-00-00 00:00:00', '0000-00-00 00:00:00'),
(57, 'KANO  SOUTH', 'SD/057/KN', 20, '0000-00-00 00:00:00', '0000-00-00 00:00:00'),
(58, 'KATSINA NORTH', 'SD/058/KT', 21, '0000-00-00 00:00:00', '0000-00-00 00:00:00'),
(59, 'KATSINA SOUTH', 'SD/059/KT', 21, '0000-00-00 00:00:00', '0000-00-00 00:00:00'),
(60, 'KATSINA CENTRAL ', 'SD/060/KT', 21, '0000-00-00 00:00:00', '0000-00-00 00:00:00'),
(61, 'KEBBI NORTH', 'SD/061/KB', 22, '0000-00-00 00:00:00', '0000-00-00 00:00:00'),
(62, 'KEBBI CENTRAL', 'SD/062/KB', 22, '0000-00-00 00:00:00', '0000-00-00 00:00:00'),
(63, 'KEBBI SOUTH', 'SD/063/KB', 22, '0000-00-00 00:00:00', '0000-00-00 00:00:00'),
(64, 'KOGI CENTRAL', 'SD/064/KG', 23, '0000-00-00 00:00:00', '0000-00-00 00:00:00'),
(65, 'KOGI EAST', 'SD/065/KG', 23, '0000-00-00 00:00:00', '0000-00-00 00:00:00'),
(66, 'KOGI WEST', 'SD/066/KG', 23, '0000-00-00 00:00:00', '0000-00-00 00:00:00'),
(67, 'KWARA NORTH', 'SD/067/KW', 24, '0000-00-00 00:00:00', '0000-00-00 00:00:00'),
(68, 'KWARA CENTRAL', 'SD/068/KW', 24, '0000-00-00 00:00:00', '0000-00-00 00:00:00'),
(69, 'KWARA SOUTH', 'SD/069/KW', 24, '0000-00-00 00:00:00', '0000-00-00 00:00:00'),
(70, 'LAGOS CENTRAL', 'SD/070/LA', 25, '0000-00-00 00:00:00', '0000-00-00 00:00:00'),
(71, 'LAGOS EAST', 'SD/071/LA', 25, '0000-00-00 00:00:00', '0000-00-00 00:00:00'),
(72, 'LAGOS  WEST', 'SD/072/LA', 25, '0000-00-00 00:00:00', '0000-00-00 00:00:00'),
(73, 'NASSARAWA NORTH', 'SD/073/NW', 26, '0000-00-00 00:00:00', '0000-00-00 00:00:00'),
(74, 'NASSARAWA WEST', 'SD/074/NW', 26, '0000-00-00 00:00:00', '0000-00-00 00:00:00'),
(75, 'NASSARAWA  SOUTH', 'SD/075/NW', 26, '0000-00-00 00:00:00', '0000-00-00 00:00:00'),
(76, 'NIGER EAST', 'SD/076/NG', 27, '0000-00-00 00:00:00', '0000-00-00 00:00:00'),
(77, 'NIGER NORTH', 'SD/077/NG', 27, '0000-00-00 00:00:00', '0000-00-00 00:00:00'),
(78, 'NIGER SOUTH', 'SD/078/NG', 27, '0000-00-00 00:00:00', '0000-00-00 00:00:00'),
(79, 'OGUN CENTRAL', 'SD/079/OG', 28, '0000-00-00 00:00:00', '0000-00-00 00:00:00'),
(80, 'OGUN EAST', 'SD/080/OG', 28, '0000-00-00 00:00:00', '0000-00-00 00:00:00'),
(81, 'OGUN WEST', 'SD/081/OG', 28, '0000-00-00 00:00:00', '0000-00-00 00:00:00'),
(82, 'ONDO NORTH', 'SD/082/OD', 29, '0000-00-00 00:00:00', '0000-00-00 00:00:00'),
(83, 'ONDO CENTRAL', 'SD/083/OD', 29, '0000-00-00 00:00:00', '0000-00-00 00:00:00'),
(84, 'ONDO SOUTH', 'SD/084/OD', 29, '0000-00-00 00:00:00', '0000-00-00 00:00:00'),
(85, 'OSUN CENTRAL', 'SD/085/OS', 30, '0000-00-00 00:00:00', '0000-00-00 00:00:00'),
(86, 'OSUN EAST', 'SD/086/OS', 30, '0000-00-00 00:00:00', '0000-00-00 00:00:00'),
(87, 'OSUN WEST', 'SD/087/OS', 30, '0000-00-00 00:00:00', '0000-00-00 00:00:00'),
(88, 'OYO CENTRAL', 'SD/088/OY', 31, '0000-00-00 00:00:00', '0000-00-00 00:00:00'),
(89, 'OYO NORTH', 'SD/089/OY', 31, '0000-00-00 00:00:00', '0000-00-00 00:00:00'),
(90, 'OYO SOUTH', 'SD/090/OY', 31, '0000-00-00 00:00:00', '0000-00-00 00:00:00'),
(91, 'PLATEAU SOUTH', 'SD/091/PL', 32, '0000-00-00 00:00:00', '0000-00-00 00:00:00'),
(92, 'PLATEAU CENTRAL', 'SD/092/PL', 32, '0000-00-00 00:00:00', '0000-00-00 00:00:00'),
(93, 'PLATEAU NORTH', 'SD/093/PL', 32, '0000-00-00 00:00:00', '0000-00-00 00:00:00'),
(94, 'RIVERS EAST', 'SD/094/RV', 33, '0000-00-00 00:00:00', '0000-00-00 00:00:00'),
(95, 'RIVERS SOUTH EAST', 'SD/095/RV', 33, '0000-00-00 00:00:00', '0000-00-00 00:00:00'),
(96, 'RIVERS WEST', 'SD/096/RV', 33, '0000-00-00 00:00:00', '0000-00-00 00:00:00'),
(98, 'SOKOTO EAST', 'SD/097/SO', 34, '0000-00-00 00:00:00', '0000-00-00 00:00:00'),
(99, 'SOKOTO NORTH', 'SD/098/SO', 34, '0000-00-00 00:00:00', '0000-00-00 00:00:00'),
(100, 'SOKOTO SOUTH', 'SD/099/SO', 34, '0000-00-00 00:00:00', '0000-00-00 00:00:00'),
(101, 'TARABA SOUTH', 'SD/100/TR', 35, '0000-00-00 00:00:00', '0000-00-00 00:00:00'),
(102, 'TARABA CENTRAL', 'SD/101/TR', 35, '0000-00-00 00:00:00', '0000-00-00 00:00:00'),
(103, 'TARABA NORTH', 'SD/102/TR', 35, '0000-00-00 00:00:00', '0000-00-00 00:00:00'),
(104, 'YOBE EAST', 'SD/103/YB', 36, '0000-00-00 00:00:00', '0000-00-00 00:00:00'),
(105, 'YOBE NORTH', 'SD/104/YB', 36, '0000-00-00 00:00:00', '0000-00-00 00:00:00'),
(106, 'YOBE SOUTH', 'SD/105/YB', 36, '0000-00-00 00:00:00', '0000-00-00 00:00:00'),
(107, 'ZAMFARA NORTH', 'SD/106/ZF', 37, '0000-00-00 00:00:00', '0000-00-00 00:00:00'),
(108, 'ZAMFARA CENTRAL', 'SD/107/ZF', 37, '0000-00-00 00:00:00', '0000-00-00 00:00:00'),
(109, 'ZAMFARA WEST', 'SD/108/ZF', 37, '0000-00-00 00:00:00', '0000-00-00 00:00:00'),
(110, 'FEDERAL CAPITAL TERRITORY', 'SD/109/FCT', 15, '0000-00-00 00:00:00', '0000-00-00 00:00:00');

-- --------------------------------------------------------

--
-- Table structure for table `senators`
--

CREATE TABLE IF NOT EXISTS `senators` (
  `senator_id` int(10) unsigned NOT NULL AUTO_INCREMENT,
  `rank_id` int(10) unsigned NOT NULL,
  `senatorial_district_id` int(10) unsigned NOT NULL,
  `house_id` int(10) unsigned NOT NULL,
  `user_id` int(10) unsigned NOT NULL,
  `created_at` timestamp NOT NULL DEFAULT '0000-00-00 00:00:00',
  `updated_at` timestamp NOT NULL DEFAULT '0000-00-00 00:00:00',
  PRIMARY KEY (`senator_id`),
  KEY `senators_rank_id_index` (`rank_id`),
  KEY `senators_senatorial_district_id_index` (`senatorial_district_id`),
  KEY `senators_senate_house_id_index` (`house_id`),
  KEY `senators_user_id_index` (`user_id`)
) ENGINE=InnoDB  DEFAULT CHARSET=utf8 COLLATE=utf8_unicode_ci AUTO_INCREMENT=110 ;

--
-- Dumping data for table `senators`
--

INSERT INTO `senators` (`senator_id`, `rank_id`, `senatorial_district_id`, `house_id`, `user_id`, `created_at`, `updated_at`) VALUES
(1, 2, 1, 1, 3, '2015-09-05 22:45:26', '2015-09-08 23:34:32'),
(2, 2, 2, 1, 4, '2015-09-08 23:36:43', '2015-09-08 23:36:43'),
(3, 2, 3, 1, 5, '2015-09-08 23:36:43', '2015-09-08 23:36:43'),
(4, 2, 7, 1, 6, '2015-09-09 00:00:15', '2015-09-09 00:00:15'),
(5, 2, 8, 1, 7, '2015-09-09 00:00:15', '2015-09-09 00:00:15'),
(6, 2, 9, 1, 8, '2015-09-09 00:00:15', '2015-09-09 00:00:15'),
(7, 2, 4, 1, 9, '2015-09-09 00:07:17', '2015-09-09 00:07:17'),
(8, 4, 5, 1, 11, '2015-09-09 00:07:17', '2015-09-09 00:07:17'),
(9, 2, 6, 1, 12, '2015-09-09 00:07:17', '2015-09-09 00:07:17'),
(10, 2, 10, 1, 13, '2015-09-09 00:11:44', '2015-09-09 00:11:44'),
(11, 2, 11, 1, 14, '2015-09-09 00:11:44', '2015-09-09 00:11:44'),
(12, 2, 12, 1, 15, '2015-09-09 00:11:44', '2015-09-09 00:11:44'),
(13, 2, 14, 1, 16, '2015-09-09 00:11:44', '2015-09-09 00:11:44'),
(14, 2, 13, 1, 17, '2015-09-09 00:11:44', '2015-09-09 00:11:44'),
(15, 2, 15, 1, 18, '2015-09-09 00:11:44', '2015-09-09 00:11:44'),
(16, 2, 16, 1, 19, '2015-09-09 00:28:01', '2015-09-09 00:28:01'),
(17, 2, 17, 1, 20, '2015-09-09 00:28:01', '2015-09-09 00:28:01'),
(18, 2, 18, 1, 21, '2015-09-09 00:28:01', '2015-09-09 00:28:01'),
(19, 2, 19, 1, 22, '2015-09-09 00:28:01', '2015-09-09 00:28:01'),
(20, 2, 20, 1, 23, '2015-09-09 00:28:01', '2015-09-09 00:28:01'),
(21, 2, 21, 1, 24, '2015-09-09 00:28:01', '2015-09-09 00:28:01'),
(22, 2, 22, 1, 25, '2015-09-09 00:28:01', '2015-09-09 00:28:01'),
(23, 2, 23, 1, 26, '2015-09-09 00:28:01', '2015-09-09 00:28:01'),
(24, 3, 24, 1, 27, '2015-09-09 00:28:01', '2015-09-09 00:28:14'),
(25, 2, 25, 1, 28, '2015-09-09 01:19:42', '2015-09-09 01:19:42'),
(26, 2, 27, 1, 29, '2015-09-09 01:19:42', '2015-09-09 01:19:42'),
(27, 2, 26, 1, 30, '2015-09-09 01:19:42', '2015-09-09 01:19:42'),
(28, 2, 28, 1, 31, '2015-09-09 01:19:42', '2015-09-09 01:19:42'),
(29, 2, 29, 1, 32, '2015-09-09 01:19:42', '2015-09-09 01:19:42'),
(30, 2, 30, 1, 33, '2015-09-09 01:19:42', '2015-09-09 01:19:42'),
(31, 2, 31, 1, 34, '2015-09-09 01:19:42', '2015-09-09 01:19:42'),
(32, 2, 32, 1, 35, '2015-09-09 01:19:42', '2015-09-09 01:19:42'),
(33, 2, 33, 1, 36, '2015-09-09 01:19:42', '2015-09-09 01:19:42'),
(34, 2, 34, 1, 37, '2015-09-09 01:19:42', '2015-09-09 01:19:42'),
(35, 10, 35, 1, 38, '2015-09-09 01:19:42', '2015-09-09 01:19:42'),
(36, 2, 36, 1, 39, '2015-09-09 01:19:42', '2015-09-09 01:19:42'),
(37, 2, 37, 1, 40, '2015-09-09 01:19:42', '2015-09-09 01:19:42'),
(38, 2, 38, 1, 41, '2015-09-09 01:19:42', '2015-09-09 01:19:42'),
(39, 1, 39, 1, 42, '2015-09-09 01:19:42', '2015-09-09 01:19:42'),
(40, 2, 40, 1, 43, '2015-09-09 01:19:42', '2015-09-09 01:19:42'),
(41, 11, 41, 1, 44, '2015-09-09 01:19:42', '2015-09-09 01:19:42'),
(42, 2, 42, 1, 45, '2015-09-09 01:19:42', '2015-09-09 01:19:42'),
(43, 6, 110, 1, 46, '2015-09-09 01:19:42', '2015-09-09 01:19:42'),
(44, 2, 43, 1, 47, '2015-09-09 01:19:42', '2015-09-09 01:19:42'),
(45, 2, 45, 1, 48, '2015-09-09 01:19:42', '2015-09-09 01:19:42'),
(46, 2, 44, 1, 49, '2015-09-09 01:19:42', '2015-09-09 01:19:42'),
(47, 2, 46, 1, 50, '2015-09-09 01:19:42', '2015-09-09 01:19:42'),
(48, 2, 47, 1, 51, '2015-09-09 01:19:42', '2015-09-09 01:19:42'),
(49, 2, 48, 1, 52, '2015-09-09 01:19:42', '2015-09-09 01:19:42'),
(50, 2, 51, 1, 53, '2015-09-09 01:19:42', '2015-09-09 01:19:42'),
(51, 2, 49, 1, 54, '2015-09-09 01:19:42', '2015-09-09 01:19:42'),
(52, 2, 50, 1, 55, '2015-09-09 01:19:42', '2015-09-09 01:19:42'),
(53, 2, 52, 1, 56, '2015-09-09 01:19:42', '2015-09-09 01:19:42'),
(54, 2, 53, 1, 57, '2015-09-09 01:19:42', '2015-09-09 01:19:42'),
(55, 2, 54, 1, 58, '2015-09-09 01:19:42', '2015-09-09 01:19:42'),
(56, 2, 56, 1, 59, '2015-09-09 01:19:42', '2015-09-09 01:19:42'),
(57, 2, 55, 1, 60, '2015-09-09 01:19:42', '2015-09-09 01:19:42'),
(58, 2, 57, 1, 61, '2015-09-09 01:19:42', '2015-09-09 01:19:42'),
(59, 2, 58, 1, 62, '2015-09-09 01:19:42', '2015-09-09 01:19:42'),
(60, 2, 59, 1, 63, '2015-09-09 01:19:42', '2015-09-09 01:19:42'),
(61, 2, 60, 1, 64, '2015-09-09 01:19:42', '2015-09-09 01:19:42'),
(62, 2, 61, 1, 65, '2015-09-09 01:19:42', '2015-09-09 01:19:42'),
(63, 2, 62, 1, 66, '2015-09-09 01:19:42', '2015-09-09 01:19:42'),
(64, 8, 63, 1, 67, '2015-09-09 01:19:42', '2015-09-09 01:19:42'),
(65, 2, 66, 1, 68, '2015-09-09 01:19:42', '2015-09-09 01:19:42'),
(66, 2, 64, 1, 69, '2015-09-09 01:19:42', '2015-09-09 01:19:42'),
(67, 2, 65, 1, 70, '2015-09-09 01:19:42', '2015-09-09 01:19:42'),
(68, 2, 67, 1, 71, '2015-09-09 01:19:42', '2015-09-09 01:19:42'),
(69, 7, 68, 1, 72, '2015-09-09 01:19:42', '2015-09-09 01:19:42'),
(70, 2, 69, 1, 73, '2015-09-09 01:19:42', '2015-09-09 01:19:42'),
(71, 2, 70, 1, 74, '2015-09-09 01:19:42', '2015-09-09 01:19:42'),
(72, 2, 71, 1, 75, '2015-09-09 01:19:42', '2015-09-09 01:19:42'),
(73, 2, 72, 1, 76, '2015-09-09 01:19:42', '2015-09-09 01:19:42'),
(74, 2, 73, 1, 77, '2015-09-09 01:19:42', '2015-09-09 01:19:42'),
(75, 2, 74, 1, 78, '2015-09-09 01:19:42', '2015-09-09 01:19:42'),
(76, 2, 75, 1, 79, '2015-09-09 01:19:42', '2015-09-09 01:19:42'),
(77, 2, 78, 1, 80, '2015-09-09 03:54:02', '2015-09-09 03:54:02'),
(78, 2, 77, 1, 81, '2015-09-09 03:54:02', '2015-09-09 03:54:02'),
(79, 2, 76, 1, 82, '2015-09-09 03:54:02', '2015-09-09 03:54:02'),
(80, 2, 79, 1, 83, '2015-09-09 03:54:02', '2015-09-09 03:54:02'),
(81, 2, 80, 1, 84, '2015-09-09 03:54:02', '2015-09-09 03:54:02'),
(82, 2, 81, 1, 85, '2015-09-09 03:54:02', '2015-09-09 03:54:02'),
(83, 2, 82, 1, 86, '2015-09-09 03:54:02', '2015-09-09 03:54:02'),
(84, 2, 83, 1, 87, '2015-09-09 03:54:02', '2015-09-09 03:54:02'),
(85, 2, 84, 1, 88, '2015-09-09 03:54:02', '2015-09-09 03:54:02'),
(86, 5, 85, 1, 89, '2015-09-09 03:54:02', '2015-09-09 03:54:02'),
(87, 2, 86, 1, 90, '2015-09-09 03:54:02', '2015-09-09 03:54:02'),
(88, 2, 87, 1, 91, '2015-09-09 03:54:02', '2015-09-09 03:54:02'),
(89, 2, 88, 1, 92, '2015-09-09 03:54:02', '2015-09-09 03:54:02'),
(90, 2, 89, 1, 93, '2015-09-09 03:54:02', '2015-09-09 03:54:02'),
(91, 2, 90, 1, 94, '2015-09-09 03:54:02', '2015-09-09 03:54:02'),
(92, 2, 91, 1, 95, '2015-09-09 03:54:02', '2015-09-09 03:54:02'),
(93, 2, 92, 1, 96, '2015-09-09 03:54:02', '2015-09-09 03:54:02'),
(94, 2, 93, 1, 97, '2015-09-09 03:54:02', '2015-09-09 03:54:02'),
(95, 2, 94, 1, 98, '2015-09-09 03:54:02', '2015-09-09 03:54:02'),
(96, 2, 95, 1, 99, '2015-09-09 03:54:02', '2015-09-09 03:54:02'),
(97, 2, 96, 1, 100, '2015-09-09 03:54:02', '2015-09-09 03:54:02'),
(98, 2, 98, 1, 101, '2015-09-09 03:54:02', '2015-09-09 03:54:02'),
(99, 2, 99, 1, 102, '2015-09-09 03:54:02', '2015-09-09 03:54:02'),
(100, 2, 100, 1, 103, '2015-09-09 03:54:02', '2015-09-09 03:54:02'),
(101, 9, 101, 1, 104, '2015-09-09 03:54:02', '2015-09-09 03:54:02'),
(102, 2, 102, 1, 105, '2015-09-09 03:54:02', '2015-09-09 03:54:02'),
(103, 2, 103, 1, 106, '2015-09-09 03:54:02', '2015-09-09 03:54:02'),
(104, 2, 104, 1, 107, '2015-09-09 03:54:02', '2015-09-09 03:54:02'),
(105, 2, 105, 1, 108, '2015-09-09 03:54:02', '2015-09-09 03:54:02'),
(106, 2, 106, 1, 109, '2015-09-09 03:54:02', '2015-09-09 03:54:02'),
(107, 2, 108, 1, 110, '2015-09-09 03:54:02', '2015-09-09 03:54:02'),
(108, 2, 107, 1, 111, '2015-09-09 03:54:02', '2015-09-09 03:54:02'),
(109, 2, 109, 1, 10, '2015-09-09 03:54:02', '2015-09-09 03:57:49');

-- --------------------------------------------------------

--
-- Table structure for table `state_constituencies`
--

CREATE TABLE IF NOT EXISTS `state_constituencies` (
  `state_constituency_id` int(10) unsigned NOT NULL AUTO_INCREMENT,
  `state_constituency` varchar(255) COLLATE utf8_unicode_ci NOT NULL,
  `state_constituency_code` varchar(255) COLLATE utf8_unicode_ci DEFAULT NULL,
  `state_id` int(10) unsigned NOT NULL,
  `created_at` timestamp NOT NULL DEFAULT '0000-00-00 00:00:00',
  `updated_at` timestamp NOT NULL DEFAULT '0000-00-00 00:00:00',
  PRIMARY KEY (`state_constituency_id`),
  KEY `state_constituencies_state_id_index` (`state_id`)
) ENGINE=InnoDB  DEFAULT CHARSET=utf8 COLLATE=utf8_unicode_ci AUTO_INCREMENT=991 ;

--
-- Dumping data for table `state_constituencies`
--

INSERT INTO `state_constituencies` (`state_constituency_id`, `state_constituency`, `state_constituency_code`, `state_id`, `created_at`, `updated_at`) VALUES
(1, 'ABA NORTH', 'SC/01/AB', 1, '0000-00-00 00:00:00', '0000-00-00 00:00:00'),
(2, 'ABA SOUTH', 'SC/02/AB', 1, '0000-00-00 00:00:00', '0000-00-00 00:00:00'),
(3, 'ABA CENTRAL', 'SC/03/AB', 1, '0000-00-00 00:00:00', '0000-00-00 00:00:00'),
(4, 'AROCHUKWU', 'SC/04/AB', 1, '0000-00-00 00:00:00', '0000-00-00 00:00:00'),
(5, 'BENDE NORTH', 'SC/05/AB', 1, '0000-00-00 00:00:00', '0000-00-00 00:00:00'),
(6, 'BENDE SOUTH', 'SC/06/AB', 1, '0000-00-00 00:00:00', '0000-00-00 00:00:00'),
(7, 'IKWUANO', 'SC/07/AB', 1, '0000-00-00 00:00:00', '0000-00-00 00:00:00'),
(8, 'ISIALA NGWA NORTH', 'SC/08/AB', 1, '0000-00-00 00:00:00', '0000-00-00 00:00:00'),
(9, 'ISIALA NGWA SOUTH', 'SC/09/AB', 1, '0000-00-00 00:00:00', '0000-00-00 00:00:00'),
(10, 'ISUIKWUATO', 'SC/10/AB', 1, '0000-00-00 00:00:00', '0000-00-00 00:00:00'),
(11, 'OBINGWA EAST', 'SC/11/AB', 1, '0000-00-00 00:00:00', '0000-00-00 00:00:00'),
(12, 'OBINGWA WEST', 'SC/12/AB', 1, '0000-00-00 00:00:00', '0000-00-00 00:00:00'),
(13, 'OHAFIA NORTH', 'SC/13/AB', 1, '0000-00-00 00:00:00', '0000-00-00 00:00:00'),
(14, 'OHAFIA SOUTH', 'SC/14/AB', 1, '0000-00-00 00:00:00', '0000-00-00 00:00:00'),
(15, 'OSISIOMA NORTH', 'SC/15/AB', 1, '0000-00-00 00:00:00', '0000-00-00 00:00:00'),
(16, 'OSISIOMA SOUTH', 'SC/16/AB', 1, '0000-00-00 00:00:00', '0000-00-00 00:00:00'),
(17, 'UMUNNEOCHI', 'SC/17/AB', 1, '0000-00-00 00:00:00', '0000-00-00 00:00:00'),
(18, 'UGWUNA AGBO L.G.A', 'SC/18/AB', 1, '0000-00-00 00:00:00', '0000-00-00 00:00:00'),
(19, 'UKWA EAST', 'SC/19/AB', 1, '0000-00-00 00:00:00', '0000-00-00 00:00:00'),
(20, 'UKWA WEST', 'SC/20/AB', 1, '0000-00-00 00:00:00', '0000-00-00 00:00:00'),
(21, 'UMUAHIA EAST', 'SC/21/AB', 1, '0000-00-00 00:00:00', '0000-00-00 00:00:00'),
(22, 'UMUAHIA WEST', 'SC/22/AB', 1, '0000-00-00 00:00:00', '0000-00-00 00:00:00'),
(23, 'UMUAHIA CENTRAL', 'SC/23/AB', 1, '0000-00-00 00:00:00', '0000-00-00 00:00:00'),
(24, 'UMUAHIA SOUTH', 'SC/24/AB', 1, '0000-00-00 00:00:00', '0000-00-00 00:00:00'),
(25, 'YOLA SOUTH', 'SC/25/AD', 2, '0000-00-00 00:00:00', '0000-00-00 00:00:00'),
(26, 'YOLA NORTH', 'SC/26/AD', 2, '0000-00-00 00:00:00', '0000-00-00 00:00:00'),
(27, 'MUBI NORTH', 'SC/27/AD', 2, '0000-00-00 00:00:00', '0000-00-00 00:00:00'),
(28, 'MUBI SOUTH', 'SC/28/AD', 2, '0000-00-00 00:00:00', '0000-00-00 00:00:00'),
(29, 'DEMSA', 'SC/29/AD', 2, '0000-00-00 00:00:00', '0000-00-00 00:00:00'),
(30, 'NUMAN', 'SC/30/AD', 2, '0000-00-00 00:00:00', '0000-00-00 00:00:00'),
(31, 'LAMURDE', 'SC/31/AD', 2, '0000-00-00 00:00:00', '0000-00-00 00:00:00'),
(32, 'SONG', 'SC/32/AD', 2, '0000-00-00 00:00:00', '0000-00-00 00:00:00'),
(33, 'GIREI', 'SC/33/AD', 2, '0000-00-00 00:00:00', '0000-00-00 00:00:00'),
(34, 'GANYE', 'SC/34/AD', 2, '0000-00-00 00:00:00', '0000-00-00 00:00:00'),
(35, 'TOUNGO', 'SC/35/AD', 2, '0000-00-00 00:00:00', '0000-00-00 00:00:00'),
(36, 'KOMA/LEKO', 'SC/36/AD', 2, '0000-00-00 00:00:00', '0000-00-00 00:00:00'),
(37, 'JADA/MBULO', 'SC/37/AD', 2, '0000-00-00 00:00:00', '0000-00-00 00:00:00'),
(38, 'FUFORE/GURIN', 'SC/38/AD', 2, '0000-00-00 00:00:00', '0000-00-00 00:00:00'),
(39, 'VERRE', 'SC/39/AD', 2, '0000-00-00 00:00:00', '0000-00-00 00:00:00'),
(40, 'UBA/GAYA', 'SC/40/AD', 2, '0000-00-00 00:00:00', '0000-00-00 00:00:00'),
(41, 'HONG', 'SC/41/AD', 2, '0000-00-00 00:00:00', '0000-00-00 00:00:00'),
(42, 'NASSARAWA/BINYERI', 'SC/42/AD', 2, '0000-00-00 00:00:00', '0000-00-00 00:00:00'),
(43, 'MAYO-BELWA', 'SC/43/AD', 2, '0000-00-00 00:00:00', '0000-00-00 00:00:00'),
(44, 'GOMBI', 'SC/44/AD', 2, '0000-00-00 00:00:00', '0000-00-00 00:00:00'),
(45, 'SHELLENG', 'SC/45/AD', 2, '0000-00-00 00:00:00', '0000-00-00 00:00:00'),
(46, 'MADAGALI', 'SC/46/AD', 2, '0000-00-00 00:00:00', '0000-00-00 00:00:00'),
(47, 'MAIHA', 'SC/47/AD', 2, '0000-00-00 00:00:00', '0000-00-00 00:00:00'),
(48, 'MICHIKA', 'SC/48/AD', 2, '0000-00-00 00:00:00', '0000-00-00 00:00:00'),
(49, 'GUYUK', 'SC/49/AD', 2, '0000-00-00 00:00:00', '0000-00-00 00:00:00'),
(50, 'AGUATA I', 'SC/76/AN', 4, '0000-00-00 00:00:00', '0000-00-00 00:00:00'),
(51, 'AGUATA II', 'SC/77/AN', 4, '0000-00-00 00:00:00', '0000-00-00 00:00:00'),
(52, 'ANAMBRA EAST', 'SC/78/AN', 4, '0000-00-00 00:00:00', '0000-00-00 00:00:00'),
(53, 'ANAMBRA WEST', 'SC/79/AN', 4, '0000-00-00 00:00:00', '0000-00-00 00:00:00'),
(54, 'ANAOCHA I', 'SC/80/AN', 4, '0000-00-00 00:00:00', '0000-00-00 00:00:00'),
(55, 'ANAOCHA II', 'SC/81/AN', 4, '0000-00-00 00:00:00', '0000-00-00 00:00:00'),
(56, 'AWKA NORTH', 'SC/82/AN', 4, '0000-00-00 00:00:00', '0000-00-00 00:00:00'),
(57, 'AWKA SOUTH I', 'SC/83/AN', 4, '0000-00-00 00:00:00', '0000-00-00 00:00:00'),
(58, 'AWKA SOUTH II', 'SC/84/AN', 4, '0000-00-00 00:00:00', '0000-00-00 00:00:00'),
(59, 'IDEMILI SOUTH', 'SC/85/AN', 4, '0000-00-00 00:00:00', '0000-00-00 00:00:00'),
(60, 'IDEMILI NORTH', 'SC/86/AN', 4, '0000-00-00 00:00:00', '0000-00-00 00:00:00'),
(61, 'IHIALA I', 'SC/87/AN', 4, '0000-00-00 00:00:00', '0000-00-00 00:00:00'),
(62, 'IHIALA II', 'SC/88/AN', 4, '0000-00-00 00:00:00', '0000-00-00 00:00:00'),
(63, 'NJIKOKA I', 'SC/89/AN', 4, '0000-00-00 00:00:00', '0000-00-00 00:00:00'),
(64, 'NJIKOKA II', 'SC/90/AN', 4, '0000-00-00 00:00:00', '0000-00-00 00:00:00'),
(65, 'NNEWI NORTH', 'SC/91/AN', 4, '0000-00-00 00:00:00', '0000-00-00 00:00:00'),
(66, 'NNEWI SOUTH I', 'SC/92/AN', 4, '0000-00-00 00:00:00', '0000-00-00 00:00:00'),
(67, 'NNEWI SOUTH II', 'SC/93/AN', 4, '0000-00-00 00:00:00', '0000-00-00 00:00:00'),
(68, 'EKWUSIGO', 'SC/94/AN', 4, '0000-00-00 00:00:00', '0000-00-00 00:00:00'),
(69, 'OGBARU I', 'SC/95/AN', 4, '0000-00-00 00:00:00', '0000-00-00 00:00:00'),
(70, 'OGBARU II', 'SC/96/AN', 4, '0000-00-00 00:00:00', '0000-00-00 00:00:00'),
(71, 'AYAMELUM', 'SC/97/AN', 4, '0000-00-00 00:00:00', '0000-00-00 00:00:00'),
(72, 'DUNUKOFIA', 'SC/98/AN', 4, '0000-00-00 00:00:00', '0000-00-00 00:00:00'),
(73, 'ONITSHA NORTH I', 'SC/99/AN', 4, '0000-00-00 00:00:00', '0000-00-00 00:00:00'),
(74, 'ONITSHA NORTH II', 'SC/100/AN', 4, '0000-00-00 00:00:00', '0000-00-00 00:00:00'),
(75, 'ONITSHA SOUTH I', 'SC/101/AN', 4, '0000-00-00 00:00:00', '0000-00-00 00:00:00'),
(76, 'ONITSHA SOUTH II', 'SC/102/AN', 4, '0000-00-00 00:00:00', '0000-00-00 00:00:00'),
(77, 'ORUMBA NORTH', 'SC/103/AN', 4, '0000-00-00 00:00:00', '0000-00-00 00:00:00'),
(78, 'ORUMBA SOUTH', 'SC/104/AN', 4, '0000-00-00 00:00:00', '0000-00-00 00:00:00'),
(79, 'OYI', 'SC/105/AN', 4, '0000-00-00 00:00:00', '0000-00-00 00:00:00'),
(80, 'ABAK', 'SC/50/AK', 3, '0000-00-00 00:00:00', '0000-00-00 00:00:00'),
(81, 'EKET', 'SC/51/AK', 3, '0000-00-00 00:00:00', '0000-00-00 00:00:00'),
(82, 'ESSIEN UDIM', 'SC/52/AK', 3, '0000-00-00 00:00:00', '0000-00-00 00:00:00'),
(83, 'ESIT EKET/IBENO', 'SC/53/AK', 3, '0000-00-00 00:00:00', '0000-00-00 00:00:00'),
(84, 'ETIM EKPO/IKA', 'SC/54/AK', 3, '0000-00-00 00:00:00', '0000-00-00 00:00:00'),
(85, 'ETINAN', 'SC/55/AK', 3, '0000-00-00 00:00:00', '0000-00-00 00:00:00'),
(86, 'IBESIKPO ASUTAN', 'SC/56/AK', 3, '0000-00-00 00:00:00', '0000-00-00 00:00:00'),
(87, 'IBIONO IBOM', 'SC/57/AK', 3, '0000-00-00 00:00:00', '0000-00-00 00:00:00'),
(88, 'IKONO', 'SC/58/AK', 3, '0000-00-00 00:00:00', '0000-00-00 00:00:00'),
(89, 'IKOT ABASI/ EASTERN OBOLO', 'SC/59/AK', 3, '0000-00-00 00:00:00', '0000-00-00 00:00:00'),
(90, 'IKOT EKPENE/OBOT AKARA', 'SC/60/AK', 3, '0000-00-00 00:00:00', '0000-00-00 00:00:00'),
(91, 'INI', 'SC/61/AK', 3, '0000-00-00 00:00:00', '0000-00-00 00:00:00'),
(92, 'ITU', 'SC/62/AK', 3, '0000-00-00 00:00:00', '0000-00-00 00:00:00'),
(93, 'MBO', 'SC/63/AK', 3, '0000-00-00 00:00:00', '0000-00-00 00:00:00'),
(94, 'MKPAT ENIN', 'SC/64/AK', 3, '0000-00-00 00:00:00', '0000-00-00 00:00:00'),
(95, 'NSIT ATAI', 'SC/65/AK', 3, '0000-00-00 00:00:00', '0000-00-00 00:00:00'),
(96, 'NSIT IBOM', 'SC/66/AK', 3, '0000-00-00 00:00:00', '0000-00-00 00:00:00'),
(97, 'NSIT UBIUM', 'SC/67/AK', 3, '0000-00-00 00:00:00', '0000-00-00 00:00:00'),
(98, 'OKOBO', 'SC/68/AK', 3, '0000-00-00 00:00:00', '0000-00-00 00:00:00'),
(99, 'ONNA', 'SC/69/AK', 3, '0000-00-00 00:00:00', '0000-00-00 00:00:00'),
(100, 'ORON/UDUNG UKO', 'SC/70/AK', 3, '0000-00-00 00:00:00', '0000-00-00 00:00:00'),
(101, 'ORUK ANAM', 'SC/71/AK', 3, '0000-00-00 00:00:00', '0000-00-00 00:00:00'),
(102, 'UKANAFUN', 'SC/72/AK', 3, '0000-00-00 00:00:00', '0000-00-00 00:00:00'),
(103, 'URUAN', 'SC/73/AK', 3, '0000-00-00 00:00:00', '0000-00-00 00:00:00'),
(104, 'URUE OFFONG/ORUKO', 'SC/74/AK', 3, '0000-00-00 00:00:00', '0000-00-00 00:00:00'),
(105, 'UYO', 'SC/75/AK', 3, '0000-00-00 00:00:00', '0000-00-00 00:00:00'),
(106, 'PALI', 'SC/106/BA', 5, '0000-00-00 00:00:00', '0000-00-00 00:00:00'),
(107, 'DUGURI/GWANA', 'SC/107/BA', 5, '0000-00-00 00:00:00', '0000-00-00 00:00:00'),
(108, 'KIRFI', 'SC/108/BA', 5, '0000-00-00 00:00:00', '0000-00-00 00:00:00'),
(109, 'BAUCHI', 'SC/109/BA', 5, '0000-00-00 00:00:00', '0000-00-00 00:00:00'),
(110, 'ZUNGUR/GALAMBI', 'SC/110/BA', 5, '0000-00-00 00:00:00', '0000-00-00 00:00:00'),
(111, 'DASS', 'SC/111/BA', 5, '0000-00-00 00:00:00', '0000-00-00 00:00:00'),
(112, 'LERE/BULA', 'SC/112/BA', 5, '0000-00-00 00:00:00', '0000-00-00 00:00:00'),
(113, 'BOGORO', 'SC/113/BA', 5, '0000-00-00 00:00:00', '0000-00-00 00:00:00'),
(114, 'JAMA’A/TORO', 'SC/114/BA', 5, '0000-00-00 00:00:00', '0000-00-00 00:00:00'),
(115, 'WARJI', 'SC/115/BA', 5, '0000-00-00 00:00:00', '0000-00-00 00:00:00'),
(116, 'LAME', 'SC/116/BA', 5, '0000-00-00 00:00:00', '0000-00-00 00:00:00'),
(117, 'NINGI', 'SC/117/BA', 5, '0000-00-00 00:00:00', '0000-00-00 00:00:00'),
(118, 'BURRA', 'SC/118/BA', 5, '0000-00-00 00:00:00', '0000-00-00 00:00:00'),
(119, 'CHIROMA', 'SC/119/BA', 5, '0000-00-00 00:00:00', '0000-00-00 00:00:00'),
(120, 'HARDAWA', 'SC/120/BA', 5, '0000-00-00 00:00:00', '0000-00-00 00:00:00'),
(121, 'DAMBAM/DAGAUDA/JALAM', 'SC/121/BA', 5, '0000-00-00 00:00:00', '0000-00-00 00:00:00'),
(122, 'DARAZO', 'SC/122/BA', 5, '0000-00-00 00:00:00', '0000-00-00 00:00:00'),
(123, 'SADE', 'SC/123/BA', 5, '0000-00-00 00:00:00', '0000-00-00 00:00:00'),
(124, 'GANJUWA EAST', 'SC/124/BA', 5, '0000-00-00 00:00:00', '0000-00-00 00:00:00'),
(125, 'GANJUWA WEST', 'SC/125/BA', 5, '0000-00-00 00:00:00', '0000-00-00 00:00:00'),
(126, 'KATAGUM', 'SC/126/BA', 5, '0000-00-00 00:00:00', '0000-00-00 00:00:00'),
(127, 'SAKWA', 'SC/127/BA', 5, '0000-00-00 00:00:00', '0000-00-00 00:00:00'),
(128, 'JAMA’ARE', 'SC/128/BA', 5, '0000-00-00 00:00:00', '0000-00-00 00:00:00'),
(129, 'ITAS/GADAU', 'SC/129/BA', 5, '0000-00-00 00:00:00', '0000-00-00 00:00:00'),
(130, 'DISINA', 'SC/130/BA', 5, '0000-00-00 00:00:00', '0000-00-00 00:00:00'),
(131, 'SHIRA', 'SC/131/BA', 5, '0000-00-00 00:00:00', '0000-00-00 00:00:00'),
(132, 'GIADE', 'SC/132/BA', 5, '0000-00-00 00:00:00', '0000-00-00 00:00:00'),
(133, 'AZARE', 'SC/133/BA', 5, '0000-00-00 00:00:00', '0000-00-00 00:00:00'),
(134, 'MADARA/CHINADE', 'SC/134/BA', 5, '0000-00-00 00:00:00', '0000-00-00 00:00:00'),
(135, 'UDUBO', 'SC/135/BA', 5, '0000-00-00 00:00:00', '0000-00-00 00:00:00'),
(136, 'GAMAWA', 'SC/136/BA', 5, '0000-00-00 00:00:00', '0000-00-00 00:00:00'),
(137, 'BRASS I', 'SC/137/BY', 6, '0000-00-00 00:00:00', '0000-00-00 00:00:00'),
(138, 'BRASS II', 'SC/138/BY', 6, '0000-00-00 00:00:00', '0000-00-00 00:00:00'),
(139, 'BRASS III', 'SC/139/BY', 6, '0000-00-00 00:00:00', '0000-00-00 00:00:00'),
(140, 'NEMBE I', 'SC/140/BY', 6, '0000-00-00 00:00:00', '0000-00-00 00:00:00'),
(141, 'NEMBE II', 'SC/141/BY', 6, '0000-00-00 00:00:00', '0000-00-00 00:00:00'),
(142, 'NEMBE III', 'SC/142/BY', 6, '0000-00-00 00:00:00', '0000-00-00 00:00:00'),
(143, 'OGBIA I', 'SC/143/BY', 6, '0000-00-00 00:00:00', '0000-00-00 00:00:00'),
(144, 'OGBIA II', 'SC/144/BY', 6, '0000-00-00 00:00:00', '0000-00-00 00:00:00'),
(145, 'OGBIA III', 'SC/145/BY', 6, '0000-00-00 00:00:00', '0000-00-00 00:00:00'),
(146, 'KOLOKUMA/OPOKUMA I', 'SC/146/BY', 6, '0000-00-00 00:00:00', '0000-00-00 00:00:00'),
(147, 'KOLOKUMA/OPOKUMA II', 'SC/147/BY', 6, '0000-00-00 00:00:00', '0000-00-00 00:00:00'),
(148, 'YENAGOA I', 'SC/148/BY', 6, '0000-00-00 00:00:00', '0000-00-00 00:00:00'),
(149, 'YENAGOA II', 'SC/149/BY', 6, '0000-00-00 00:00:00', '0000-00-00 00:00:00'),
(150, 'YENAGOA III', 'SC/150/BY', 6, '0000-00-00 00:00:00', '0000-00-00 00:00:00'),
(151, 'EKEREMOR I', 'SC/151/BY', 6, '0000-00-00 00:00:00', '0000-00-00 00:00:00'),
(152, 'EKEREMOR II', 'SC/152/BY', 6, '0000-00-00 00:00:00', '0000-00-00 00:00:00'),
(153, 'EKEREMOR III', 'SC/153/BY', 6, '0000-00-00 00:00:00', '0000-00-00 00:00:00'),
(154, 'SAGBAMA I', 'SC/154/BY', 6, '0000-00-00 00:00:00', '0000-00-00 00:00:00'),
(155, 'SAGBAMA II', 'SC/155/BY', 6, '0000-00-00 00:00:00', '0000-00-00 00:00:00'),
(156, 'SAGBAMA III', 'SC/156/BY', 6, '0000-00-00 00:00:00', '0000-00-00 00:00:00'),
(157, 'SOUTHERN IJAW I', 'SC/157/BY', 6, '0000-00-00 00:00:00', '0000-00-00 00:00:00'),
(158, 'SOUTHERN IJAW II', 'SC/158/BY', 6, '0000-00-00 00:00:00', '0000-00-00 00:00:00'),
(159, 'SOUTHERN IJAW III', 'SC/159/BY', 6, '0000-00-00 00:00:00', '0000-00-00 00:00:00'),
(160, 'SOUTHERN IJAW IV', 'SC/160/BY', 6, '0000-00-00 00:00:00', '0000-00-00 00:00:00'),
(161, 'ADO', 'SC/161/BN', 7, '0000-00-00 00:00:00', '0000-00-00 00:00:00'),
(162, 'AGBATU', 'SC/162/BN', 7, '0000-00-00 00:00:00', '0000-00-00 00:00:00'),
(163, 'APA', 'SC/163/BN', 7, '0000-00-00 00:00:00', '0000-00-00 00:00:00'),
(164, 'BURUKU', 'SC/164/BN', 7, '0000-00-00 00:00:00', '0000-00-00 00:00:00'),
(165, 'GBOKO I (EAST)', 'SC/165/BN', 7, '0000-00-00 00:00:00', '0000-00-00 00:00:00'),
(166, 'GBOKO WEST', 'SC/166/BN', 7, '0000-00-00 00:00:00', '0000-00-00 00:00:00'),
(167, 'GUMA', 'SC/167/BN', 7, '0000-00-00 00:00:00', '0000-00-00 00:00:00'),
(168, 'GWER EAST', 'SC/168/BN', 7, '0000-00-00 00:00:00', '0000-00-00 00:00:00'),
(169, 'GWER WEST', 'SC/169/BN', 7, '0000-00-00 00:00:00', '0000-00-00 00:00:00'),
(170, 'KATSINA ALA EAST', 'SC/170/BN', 7, '0000-00-00 00:00:00', '0000-00-00 00:00:00'),
(171, 'KATSINA-ALA WEST', 'SC/171/BN', 7, '0000-00-00 00:00:00', '0000-00-00 00:00:00'),
(172, 'KONSHISHA I (GAAV)', 'SC/172/BN', 7, '0000-00-00 00:00:00', '0000-00-00 00:00:00'),
(173, 'KWANDE EAST', 'SC/173/BN', 7, '0000-00-00 00:00:00', '0000-00-00 00:00:00'),
(174, 'KWANDE WEST', 'SC/174/BN', 7, '0000-00-00 00:00:00', '0000-00-00 00:00:00'),
(175, 'LOGO', 'SC/175/BN', 7, '0000-00-00 00:00:00', '0000-00-00 00:00:00'),
(176, 'MAKURDI I (NORTH)', 'SC/176/BN', 7, '0000-00-00 00:00:00', '0000-00-00 00:00:00'),
(177, 'MAKURDI SOUTH', 'SC/177/BN', 7, '0000-00-00 00:00:00', '0000-00-00 00:00:00'),
(178, 'OBI', 'SC/178/BN', 7, '0000-00-00 00:00:00', '0000-00-00 00:00:00'),
(179, 'OGBADIBO', 'SC/179/BN', 7, '0000-00-00 00:00:00', '0000-00-00 00:00:00'),
(180, 'OHIMINI', 'SC/180/BN', 7, '0000-00-00 00:00:00', '0000-00-00 00:00:00'),
(181, 'OJU', 'SC/181/BN', 7, '0000-00-00 00:00:00', '0000-00-00 00:00:00'),
(182, 'OKPOKWU', 'SC/182/BN', 7, '0000-00-00 00:00:00', '0000-00-00 00:00:00'),
(183, 'OTUKPO', 'SC/183/BN', 7, '0000-00-00 00:00:00', '0000-00-00 00:00:00'),
(184, 'OTUKPO NORTH EAST', 'SC/184/BN', 7, '0000-00-00 00:00:00', '0000-00-00 00:00:00'),
(185, 'TARKA', 'SC/185/BN', 7, '0000-00-00 00:00:00', '0000-00-00 00:00:00'),
(186, 'UKUM I (NGENEV)', 'SC/186/BN', 7, '0000-00-00 00:00:00', '0000-00-00 00:00:00'),
(187, 'USHONGO', 'SC/187/BN', 7, '0000-00-00 00:00:00', '0000-00-00 00:00:00'),
(188, 'VANDEIKYA I', 'SC/188/BN', 7, '0000-00-00 00:00:00', '0000-00-00 00:00:00'),
(189, 'VANDEIKYA II', 'SC/189/BN', 7, '0000-00-00 00:00:00', '0000-00-00 00:00:00'),
(190, 'ABADAM', 'SC/190/BO', 8, '0000-00-00 00:00:00', '0000-00-00 00:00:00'),
(191, 'ASKIRA', 'SC/191/BO', 8, '0000-00-00 00:00:00', '0000-00-00 00:00:00'),
(192, 'BAMA', 'SC/192/BO', 8, '0000-00-00 00:00:00', '0000-00-00 00:00:00'),
(193, 'BAYO', 'SC/193/BO', 8, '0000-00-00 00:00:00', '0000-00-00 00:00:00'),
(194, 'BIU', 'SC/194/BO', 8, '0000-00-00 00:00:00', '0000-00-00 00:00:00'),
(195, 'CHIBOK', 'SC/195/BO', 8, '0000-00-00 00:00:00', '0000-00-00 00:00:00'),
(196, 'DAMABOA', 'SC/196/BO', 8, '0000-00-00 00:00:00', '0000-00-00 00:00:00'),
(197, 'DIKWA', 'SC/197/BO', 8, '0000-00-00 00:00:00', '0000-00-00 00:00:00'),
(198, 'GUBIO', 'SC/198/BO', 8, '0000-00-00 00:00:00', '0000-00-00 00:00:00'),
(199, 'GULUMBA', 'SC/199/BO', 8, '0000-00-00 00:00:00', '0000-00-00 00:00:00'),
(200, 'GUZAMALA', 'SC/200/BO', 8, '0000-00-00 00:00:00', '0000-00-00 00:00:00'),
(201, 'GWOZA', 'SC/201/BO', 8, '0000-00-00 00:00:00', '0000-00-00 00:00:00'),
(202, 'HAWUL', 'SC/202/BO', 8, '0000-00-00 00:00:00', '0000-00-00 00:00:00'),
(203, 'JERE', 'SC/203/BO', 8, '0000-00-00 00:00:00', '0000-00-00 00:00:00'),
(204, 'KAGA', 'SC/204/BO', 8, '0000-00-00 00:00:00', '0000-00-00 00:00:00'),
(205, 'KALA BALGE', 'SC/205/BO', 8, '0000-00-00 00:00:00', '0000-00-00 00:00:00'),
(206, 'KONDUGA', 'SC/206/BO', 8, '0000-00-00 00:00:00', '0000-00-00 00:00:00'),
(207, 'KUKAWA', 'SC/207/BO', 8, '0000-00-00 00:00:00', '0000-00-00 00:00:00'),
(208, 'KWAYA KUSAR', 'SC/208/BO', 8, '0000-00-00 00:00:00', '0000-00-00 00:00:00'),
(209, 'MAFA', 'SC/209/BO', 8, '0000-00-00 00:00:00', '0000-00-00 00:00:00'),
(210, 'MAGUMERI', 'SC/210/BO', 8, '0000-00-00 00:00:00', '0000-00-00 00:00:00'),
(211, 'MAIDUGURI M.C', 'SC/211/BO', 8, '0000-00-00 00:00:00', '0000-00-00 00:00:00'),
(212, 'MARTE', 'SC/212/BO', 8, '0000-00-00 00:00:00', '0000-00-00 00:00:00'),
(213, 'MOBBAR', 'SC/213/BO', 8, '0000-00-00 00:00:00', '0000-00-00 00:00:00'),
(214, 'MONGUNO', 'SC/214/BO', 8, '0000-00-00 00:00:00', '0000-00-00 00:00:00'),
(215, 'NGALA', 'SC/215/BO', 8, '0000-00-00 00:00:00', '0000-00-00 00:00:00'),
(216, 'NGANZAI', 'SC/216/BO', 8, '0000-00-00 00:00:00', '0000-00-00 00:00:00'),
(217, 'SHANI', 'SC/217/BO', 8, '0000-00-00 00:00:00', '0000-00-00 00:00:00'),
(218, 'ABI', 'SC/218/CR', 9, '0000-00-00 00:00:00', '0000-00-00 00:00:00'),
(219, 'AKAMKPA I', 'SC/219/CR', 9, '0000-00-00 00:00:00', '0000-00-00 00:00:00'),
(220, 'AKAMKPA II', 'SC/220/CR', 9, '0000-00-00 00:00:00', '0000-00-00 00:00:00'),
(221, 'AKPABUYO', 'SC/221/CR', 9, '0000-00-00 00:00:00', '0000-00-00 00:00:00'),
(222, 'BAKASSI', 'SC/222/CR', 9, '0000-00-00 00:00:00', '0000-00-00 00:00:00'),
(223, 'BIASE', 'SC/223/CR', 9, '0000-00-00 00:00:00', '0000-00-00 00:00:00'),
(224, 'BOKI I', 'SC/224/CR', 9, '0000-00-00 00:00:00', '0000-00-00 00:00:00'),
(225, 'BOKI II', 'SC/225/CR', 9, '0000-00-00 00:00:00', '0000-00-00 00:00:00'),
(226, 'BEKWARRA', 'SC/226/CR', 9, '0000-00-00 00:00:00', '0000-00-00 00:00:00'),
(227, 'CALABAR MUNICIPAL', 'SC/227/CR', 9, '0000-00-00 00:00:00', '0000-00-00 00:00:00'),
(228, 'CALABAR SOUTH I', 'SC/228/CR', 9, '0000-00-00 00:00:00', '0000-00-00 00:00:00'),
(229, 'CALABAR SOUTH II', 'SC/229/CR', 9, '0000-00-00 00:00:00', '0000-00-00 00:00:00'),
(230, 'ETUNG', 'SC/230/CR', 9, '0000-00-00 00:00:00', '0000-00-00 00:00:00'),
(231, 'IKOM I', 'SC/231/CR', 9, '0000-00-00 00:00:00', '0000-00-00 00:00:00'),
(232, 'IKOM II', 'SC/232/CR', 9, '0000-00-00 00:00:00', '0000-00-00 00:00:00'),
(233, 'OBANLEKU', 'SC/233/CR', 9, '0000-00-00 00:00:00', '0000-00-00 00:00:00'),
(234, 'OBUBRA I', 'SC/234/CR', 9, '0000-00-00 00:00:00', '0000-00-00 00:00:00'),
(235, 'OBUBRA II', 'SC/235/CR', 9, '0000-00-00 00:00:00', '0000-00-00 00:00:00'),
(236, 'OBUDU', 'SC/236/CR', 9, '0000-00-00 00:00:00', '0000-00-00 00:00:00'),
(237, 'ODUKPANI', 'SC/237/CR', 9, '0000-00-00 00:00:00', '0000-00-00 00:00:00'),
(238, 'OGOJA', 'SC/238/CR', 9, '0000-00-00 00:00:00', '0000-00-00 00:00:00'),
(239, 'YAKURR I', 'SC/239/CR', 9, '0000-00-00 00:00:00', '0000-00-00 00:00:00'),
(240, 'YAKURR II', 'SC/240/CR', 9, '0000-00-00 00:00:00', '0000-00-00 00:00:00'),
(241, 'YALA I', 'SC/241/CR', 9, '0000-00-00 00:00:00', '0000-00-00 00:00:00'),
(242, 'YALA II', 'SC/242/CR', 9, '0000-00-00 00:00:00', '0000-00-00 00:00:00'),
(243, 'ANIOCHA NORTH', 'SC/243/DT', 10, '0000-00-00 00:00:00', '0000-00-00 00:00:00'),
(244, 'ANIOCHA SOUTH', 'SC/244/DT', 10, '0000-00-00 00:00:00', '0000-00-00 00:00:00'),
(245, 'BOMADI', 'SC/245/DT', 10, '0000-00-00 00:00:00', '0000-00-00 00:00:00'),
(246, 'BURUTU ', 'SC/246/DT', 10, '0000-00-00 00:00:00', '0000-00-00 00:00:00'),
(247, 'BURUTU NORTH', 'SC/247/DT', 10, '0000-00-00 00:00:00', '0000-00-00 00:00:00'),
(248, 'ETHIOPE EAST', 'SC/248/DT', 10, '0000-00-00 00:00:00', '0000-00-00 00:00:00'),
(249, 'ETHIOPE WEST', 'SC/249/DT', 10, '0000-00-00 00:00:00', '0000-00-00 00:00:00'),
(250, 'IKA NORTH EAST', 'SC/250/DT', 10, '0000-00-00 00:00:00', '0000-00-00 00:00:00'),
(251, 'IKA SOUTH', 'SC/251/DT', 10, '0000-00-00 00:00:00', '0000-00-00 00:00:00'),
(252, 'ISOKO NORTH', 'SC/252/DT', 10, '0000-00-00 00:00:00', '0000-00-00 00:00:00'),
(253, 'ISOKO SOUTH I', 'SC/253/DT', 10, '0000-00-00 00:00:00', '0000-00-00 00:00:00'),
(254, 'ISOKO SOUTH II', 'SC/254/DT', 10, '0000-00-00 00:00:00', '0000-00-00 00:00:00'),
(255, 'NDOKWA EAST', 'SC/255/DT', 10, '0000-00-00 00:00:00', '0000-00-00 00:00:00'),
(256, 'NDOKWA WEST', 'SC/256/DT', 10, '0000-00-00 00:00:00', '0000-00-00 00:00:00'),
(257, 'OKPE', 'SC/257/DT', 10, '0000-00-00 00:00:00', '0000-00-00 00:00:00'),
(258, 'OSHIMILI NORTH', 'SC/258/DT', 10, '0000-00-00 00:00:00', '0000-00-00 00:00:00'),
(259, 'OSHIMILI SOUTH', 'SC/259/DT', 10, '0000-00-00 00:00:00', '0000-00-00 00:00:00'),
(260, 'PATANI', 'SC/260/DT', 10, '0000-00-00 00:00:00', '0000-00-00 00:00:00'),
(261, 'SAPELE', 'SC/261/DT', 10, '0000-00-00 00:00:00', '0000-00-00 00:00:00'),
(262, 'UDU', 'SC/262/DT', 10, '0000-00-00 00:00:00', '0000-00-00 00:00:00'),
(263, 'UGHELLI NORTH I', 'SC/263/DT', 10, '0000-00-00 00:00:00', '0000-00-00 00:00:00'),
(264, 'UGHELLI NORTH II', 'SC/264/DT', 10, '0000-00-00 00:00:00', '0000-00-00 00:00:00'),
(265, 'UGHELLI SOUTH', 'SC/265/DT', 10, '0000-00-00 00:00:00', '0000-00-00 00:00:00'),
(266, 'UKWUANI', 'SC/266/DT', 10, '0000-00-00 00:00:00', '0000-00-00 00:00:00'),
(267, 'UVWIE', 'SC/267/DT', 10, '0000-00-00 00:00:00', '0000-00-00 00:00:00'),
(268, 'WARRI NORTH', 'SC/268/DT', 10, '0000-00-00 00:00:00', '0000-00-00 00:00:00'),
(269, 'WARRI SOUTH I', 'SC/269/DT', 10, '0000-00-00 00:00:00', '0000-00-00 00:00:00'),
(270, 'WARRI SOUTH II', 'SC/270/DT', 10, '0000-00-00 00:00:00', '0000-00-00 00:00:00'),
(271, 'WARRI SOUTH-WEST', 'SC/271/DT', 10, '0000-00-00 00:00:00', '0000-00-00 00:00:00'),
(272, 'ABAKALIKI NORTH', 'SC/272/EB', 11, '0000-00-00 00:00:00', '0000-00-00 00:00:00'),
(273, 'ABAKALIKI SOUTH', 'SC/273/EB', 11, '0000-00-00 00:00:00', '0000-00-00 00:00:00'),
(274, 'AFIKPO NORTH EAST', 'SC/274/EB', 11, '0000-00-00 00:00:00', '0000-00-00 00:00:00'),
(275, 'AFIKPO NORTH WEST', 'SC/275/EB', 11, '0000-00-00 00:00:00', '0000-00-00 00:00:00'),
(276, 'AFIKPO SOUTH EAST', 'SC/276/EB', 11, '0000-00-00 00:00:00', '0000-00-00 00:00:00'),
(277, 'AFIKPO SOUTH WEST', 'SC/277/EB', 11, '0000-00-00 00:00:00', '0000-00-00 00:00:00'),
(278, 'EBONYI NORTH EAST', 'SC/278/EB', 11, '0000-00-00 00:00:00', '0000-00-00 00:00:00'),
(279, 'EBONYI NORTH WEST', 'SC/279/EB', 11, '0000-00-00 00:00:00', '0000-00-00 00:00:00'),
(280, 'EZZA NORTH EAST', 'SC/280/EB', 11, '0000-00-00 00:00:00', '0000-00-00 00:00:00'),
(281, 'EZZA NORTH WEST', 'SC/281/EB', 11, '0000-00-00 00:00:00', '0000-00-00 00:00:00'),
(282, 'EZZA SOUTH', 'SC/282/EB', 11, '0000-00-00 00:00:00', '0000-00-00 00:00:00'),
(283, 'IKWO NORTH', 'SC/283/EB', 11, '0000-00-00 00:00:00', '0000-00-00 00:00:00'),
(284, 'IKWO SOUTH', 'SC/284/EB', 11, '0000-00-00 00:00:00', '0000-00-00 00:00:00'),
(285, 'ISHIELU NORTH', 'SC/285/EB', 11, '0000-00-00 00:00:00', '0000-00-00 00:00:00'),
(286, 'ISHIELU SOUTH', 'SC/286/EB', 11, '0000-00-00 00:00:00', '0000-00-00 00:00:00'),
(287, 'IVO', 'SC/287/EB', 11, '0000-00-00 00:00:00', '0000-00-00 00:00:00'),
(288, 'IZZI EAST', 'SC/288/EB', 11, '0000-00-00 00:00:00', '0000-00-00 00:00:00'),
(289, 'IZZI WEST', 'SC/289/EB', 11, '0000-00-00 00:00:00', '0000-00-00 00:00:00'),
(290, 'OHAOZARA EAST', 'SC/290/EB', 11, '0000-00-00 00:00:00', '0000-00-00 00:00:00'),
(291, 'OHAOZARA WEST', 'SC/291/EB', 11, '0000-00-00 00:00:00', '0000-00-00 00:00:00'),
(292, 'ONICHA EAST', 'SC/292/EB', 11, '0000-00-00 00:00:00', '0000-00-00 00:00:00'),
(293, 'ONICHA WEST', 'SC/293/EB', 11, '0000-00-00 00:00:00', '0000-00-00 00:00:00'),
(294, 'OHAUKWU NORTH', 'SC/294/EB', 11, '0000-00-00 00:00:00', '0000-00-00 00:00:00'),
(295, 'OHAUKWU SOUTH', 'SC/295/EB', 11, '0000-00-00 00:00:00', '0000-00-00 00:00:00'),
(296, 'AKOKO EDO I', 'SC/296/ED', 12, '0000-00-00 00:00:00', '0000-00-00 00:00:00'),
(297, 'AKOKO EDO II', 'SC/297/ED', 12, '0000-00-00 00:00:00', '0000-00-00 00:00:00'),
(298, 'ESAN CENTRAL', 'SC/298/ED', 12, '0000-00-00 00:00:00', '0000-00-00 00:00:00'),
(299, 'ESAN WEST', 'SC/299/ED', 12, '0000-00-00 00:00:00', '0000-00-00 00:00:00'),
(300, 'ESAN NORTH EAST I', 'SC/300/ED', 12, '0000-00-00 00:00:00', '0000-00-00 00:00:00'),
(301, 'ESAN NORTH EAST II', 'SC/301/ED', 12, '0000-00-00 00:00:00', '0000-00-00 00:00:00'),
(302, 'ESSAN SOUTH EAST', 'SC/302/ED', 12, '0000-00-00 00:00:00', '0000-00-00 00:00:00'),
(303, 'ETSAKO CENTRAL', 'SC/303/ED', 12, '0000-00-00 00:00:00', '0000-00-00 00:00:00'),
(304, 'ETSAKO EAST', 'SC/304/ED', 12, '0000-00-00 00:00:00', '0000-00-00 00:00:00'),
(305, 'ETSAKO WEST I', 'SC/305/ED', 12, '0000-00-00 00:00:00', '0000-00-00 00:00:00'),
(306, 'ETSAKO WEST II', 'SC/306/ED', 12, '0000-00-00 00:00:00', '0000-00-00 00:00:00'),
(307, 'EGOR', 'SC/307/ED', 12, '0000-00-00 00:00:00', '0000-00-00 00:00:00'),
(308, 'IKPOBA - OKHA', 'SC/308/ED', 12, '0000-00-00 00:00:00', '0000-00-00 00:00:00'),
(309, 'IGUEBEN', 'SC/309/ED', 12, '0000-00-00 00:00:00', '0000-00-00 00:00:00'),
(310, 'OREDO EAST', 'SC/310/ED', 12, '0000-00-00 00:00:00', '0000-00-00 00:00:00'),
(311, 'OREDO WEST', 'SC/311/ED', 12, '0000-00-00 00:00:00', '0000-00-00 00:00:00'),
(312, 'ORHIONMWON I', 'SC/312/ED', 12, '0000-00-00 00:00:00', '0000-00-00 00:00:00'),
(313, 'ORHIONMWON II', 'SC/313/ED', 12, '0000-00-00 00:00:00', '0000-00-00 00:00:00'),
(314, 'OVIA NORTH EAST I', 'SC/314/ED', 12, '0000-00-00 00:00:00', '0000-00-00 00:00:00'),
(315, 'OVIA NORTH EAST II', 'SC/315/ED', 12, '0000-00-00 00:00:00', '0000-00-00 00:00:00'),
(316, 'OVIA SOUTH WEST', 'SC/316/ED', 12, '0000-00-00 00:00:00', '0000-00-00 00:00:00'),
(317, 'OWAN EAST', 'SC/317/ED', 12, '0000-00-00 00:00:00', '0000-00-00 00:00:00'),
(318, 'OWAN WEST', 'SC/318/ED', 12, '0000-00-00 00:00:00', '0000-00-00 00:00:00'),
(319, 'UHUNMWODE', 'SC/319/ED', 12, '0000-00-00 00:00:00', '0000-00-00 00:00:00'),
(320, 'ADO I', 'SC/320/EK', 13, '0000-00-00 00:00:00', '0000-00-00 00:00:00'),
(321, 'ADO II', 'SC/321/EK', 13, '0000-00-00 00:00:00', '0000-00-00 00:00:00'),
(322, 'GBONYIN', 'SC/322/EK', 13, '0000-00-00 00:00:00', '0000-00-00 00:00:00'),
(323, 'EFON', 'SC/323/EK', 13, '0000-00-00 00:00:00', '0000-00-00 00:00:00'),
(324, 'EKITI EAST I', 'SC/324/EK', 13, '0000-00-00 00:00:00', '0000-00-00 00:00:00'),
(325, 'EKITI EAST II', 'SC/325/EK', 13, '0000-00-00 00:00:00', '0000-00-00 00:00:00'),
(326, 'EKITI WEST I', 'SC/326/EK', 13, '0000-00-00 00:00:00', '0000-00-00 00:00:00'),
(327, 'EKITI WEST II', 'SC/327/EK', 13, '0000-00-00 00:00:00', '0000-00-00 00:00:00'),
(328, 'EKITI SOUTH WEST I', 'SC/328/EK', 13, '0000-00-00 00:00:00', '0000-00-00 00:00:00'),
(329, 'EKITI SOUTH WEST II', 'SC/329/EK', 13, '0000-00-00 00:00:00', '0000-00-00 00:00:00'),
(330, 'EMURE', 'SC/330/EK', 13, '0000-00-00 00:00:00', '0000-00-00 00:00:00'),
(331, 'IDO/OSI I', 'SC/331/EK', 13, '0000-00-00 00:00:00', '0000-00-00 00:00:00'),
(332, 'IDO/OSI II', 'SC/332/EK', 13, '0000-00-00 00:00:00', '0000-00-00 00:00:00'),
(333, 'IJERO', 'SC/333/EK', 13, '0000-00-00 00:00:00', '0000-00-00 00:00:00'),
(334, 'IKERE I', 'SC/334/EK', 13, '0000-00-00 00:00:00', '0000-00-00 00:00:00'),
(335, 'IKERE II', 'SC/335/EK', 13, '0000-00-00 00:00:00', '0000-00-00 00:00:00'),
(336, 'IKOLE I', 'SC/336/EK', 13, '0000-00-00 00:00:00', '0000-00-00 00:00:00'),
(337, 'IKOLE II', 'SC/337/EK', 13, '0000-00-00 00:00:00', '0000-00-00 00:00:00'),
(338, 'ILEJEMEJE', 'SC/338/EK', 13, '0000-00-00 00:00:00', '0000-00-00 00:00:00'),
(339, 'IREPODUN/IFELODUN I', 'SC/339/EK', 13, '0000-00-00 00:00:00', '0000-00-00 00:00:00'),
(340, 'IREPODUN/IFELODUN II', 'SC/340/EK', 13, '0000-00-00 00:00:00', '0000-00-00 00:00:00'),
(341, 'ISE/ORUN', 'SC/341/EK', 13, '0000-00-00 00:00:00', '0000-00-00 00:00:00'),
(342, 'MOBA I', 'SC/342/EK', 13, '0000-00-00 00:00:00', '0000-00-00 00:00:00'),
(343, 'MOBA II', 'SC/343/EK', 13, '0000-00-00 00:00:00', '0000-00-00 00:00:00'),
(344, 'OYE I', 'SC/344/EK', 13, '0000-00-00 00:00:00', '0000-00-00 00:00:00'),
(345, 'OYE II', 'SC/345/EK', 13, '0000-00-00 00:00:00', '0000-00-00 00:00:00'),
(346, 'ANINIRI', 'SC/346/EN', 14, '0000-00-00 00:00:00', '0000-00-00 00:00:00'),
(347, 'AWGU NORTH', 'SC/347/EN', 14, '0000-00-00 00:00:00', '0000-00-00 00:00:00'),
(348, 'AWGU SOUTH', 'SC/348/EN', 14, '0000-00-00 00:00:00', '0000-00-00 00:00:00'),
(349, 'ENUGU EAST I', 'SC/349/EN', 14, '0000-00-00 00:00:00', '0000-00-00 00:00:00'),
(350, 'ENUGU EAST II', 'SC/350/EN', 14, '0000-00-00 00:00:00', '0000-00-00 00:00:00'),
(351, 'ENUGU NORTH', 'SC/351/EN', 14, '0000-00-00 00:00:00', '0000-00-00 00:00:00'),
(352, 'ENUGU SOUTH I', 'SC/352/EN', 14, '0000-00-00 00:00:00', '0000-00-00 00:00:00'),
(353, 'ENUGU SOUTH II', 'SC/353/EN', 14, '0000-00-00 00:00:00', '0000-00-00 00:00:00'),
(354, 'EZEAGU', 'SC/354/EN', 14, '0000-00-00 00:00:00', '0000-00-00 00:00:00'),
(355, 'IGBO-ETITI EAST', 'SC/355/EN', 14, '0000-00-00 00:00:00', '0000-00-00 00:00:00'),
(356, 'IGBO-ETITI WEST', 'SC/356/EN', 14, '0000-00-00 00:00:00', '0000-00-00 00:00:00'),
(357, 'IGBO-EZE NORTH I', 'SC/357/EN', 14, '0000-00-00 00:00:00', '0000-00-00 00:00:00'),
(358, 'IGBO-EZE NORTH II', 'SC/358/EN', 14, '0000-00-00 00:00:00', '0000-00-00 00:00:00'),
(359, 'IGBO-EZE SOUTH', 'SC/359/EN', 14, '0000-00-00 00:00:00', '0000-00-00 00:00:00'),
(360, 'ISI-UZO', 'SC/360/EN', 14, '0000-00-00 00:00:00', '0000-00-00 00:00:00'),
(361, 'NKANU EAST', 'SC/361/EN', 14, '0000-00-00 00:00:00', '0000-00-00 00:00:00'),
(362, 'NKANU WEST', 'SC/362/EN', 14, '0000-00-00 00:00:00', '0000-00-00 00:00:00'),
(363, 'NSUKKA EAST', 'SC/363/EN', 14, '0000-00-00 00:00:00', '0000-00-00 00:00:00'),
(364, 'NSUKKA WEST', 'SC/364/EN', 14, '0000-00-00 00:00:00', '0000-00-00 00:00:00'),
(365, 'OJI RIVER', 'SC/365/EN', 14, '0000-00-00 00:00:00', '0000-00-00 00:00:00'),
(366, 'UDENU', 'SC/366/EN', 14, '0000-00-00 00:00:00', '0000-00-00 00:00:00'),
(367, 'UDI NORTH', 'SC/367/EN', 14, '0000-00-00 00:00:00', '0000-00-00 00:00:00'),
(368, 'UDI SOUTH', 'SC/368/EN', 14, '0000-00-00 00:00:00', '0000-00-00 00:00:00'),
(369, 'UZO UWANI', 'SC/369/EN', 14, '0000-00-00 00:00:00', '0000-00-00 00:00:00'),
(370, 'AKKO WEST', 'SC/370/GM', 16, '0000-00-00 00:00:00', '0000-00-00 00:00:00'),
(371, 'AKKO CENTRAL', 'SC/371/GM', 16, '0000-00-00 00:00:00', '0000-00-00 00:00:00'),
(372, 'AKKO NORTH', 'SC/372/GM', 16, '0000-00-00 00:00:00', '0000-00-00 00:00:00'),
(373, 'BALANGA NORTH', 'SC/373/GM', 16, '0000-00-00 00:00:00', '0000-00-00 00:00:00'),
(374, 'BALANGA SOUTH', 'SC/374/GM', 16, '0000-00-00 00:00:00', '0000-00-00 00:00:00'),
(375, 'BILLIRI EAST', 'SC/375/GM', 16, '0000-00-00 00:00:00', '0000-00-00 00:00:00'),
(376, 'BILLIRI WEST', 'SC/076GM', 16, '0000-00-00 00:00:00', '0000-00-00 00:00:00'),
(377, 'DUKKU NORTH', 'SC/377/GM', 16, '0000-00-00 00:00:00', '0000-00-00 00:00:00'),
(378, 'DUKKU SOUTH', 'SC/378/GM', 16, '0000-00-00 00:00:00', '0000-00-00 00:00:00'),
(379, 'FUNAKAYE NORTH', 'SC/379/GM', 16, '0000-00-00 00:00:00', '0000-00-00 00:00:00'),
(380, 'FUNAKAYE SOUTH', 'SC/380/GM', 16, '0000-00-00 00:00:00', '0000-00-00 00:00:00'),
(381, 'GOMBE NORTH', 'SC/381/GM', 16, '0000-00-00 00:00:00', '0000-00-00 00:00:00'),
(382, 'GOMBE SOUTH', 'SC/382/GM', 16, '0000-00-00 00:00:00', '0000-00-00 00:00:00'),
(383, 'KALTUNGO WEST', 'SC/383/GM', 16, '0000-00-00 00:00:00', '0000-00-00 00:00:00'),
(384, 'KALTUNGO EAST', 'SC/384/GM', 16, '0000-00-00 00:00:00', '0000-00-00 00:00:00'),
(385, 'NAFADA NORTH', 'SC/385/GM', 16, '0000-00-00 00:00:00', '0000-00-00 00:00:00'),
(386, 'NAFADA SOUTH', 'SC/386/GM', 16, '0000-00-00 00:00:00', '0000-00-00 00:00:00'),
(387, 'SHONGOM', 'SC/387/GM', 16, '0000-00-00 00:00:00', '0000-00-00 00:00:00'),
(388, 'PERO CHONGE', 'SC/388/GM', 16, '0000-00-00 00:00:00', '0000-00-00 00:00:00'),
(389, 'DEBA', 'SC/389/GM', 16, '0000-00-00 00:00:00', '0000-00-00 00:00:00'),
(390, 'YAMALTU EAST', 'SC/390/GM', 16, '0000-00-00 00:00:00', '0000-00-00 00:00:00'),
(391, 'YAMALTU WEST', 'SC/391/GM', 16, '0000-00-00 00:00:00', '0000-00-00 00:00:00'),
(392, 'KWAMI EAST', 'SC/392/GM', 16, '0000-00-00 00:00:00', '0000-00-00 00:00:00'),
(393, 'KWAMI WEST', 'SC/393/GM', 16, '0000-00-00 00:00:00', '0000-00-00 00:00:00'),
(394, 'ABOH MBAISE', 'SC/394/IM', 17, '0000-00-00 00:00:00', '0000-00-00 00:00:00'),
(395, 'AHIAZU MBAISE', 'SC/395/IM', 17, '0000-00-00 00:00:00', '0000-00-00 00:00:00'),
(396, 'EHIME MBANO', 'SC/396/IM', 17, '0000-00-00 00:00:00', '0000-00-00 00:00:00'),
(397, 'EZINIHITTE', 'SC/397/IM', 17, '0000-00-00 00:00:00', '0000-00-00 00:00:00'),
(398, 'IDEATO NORTH', 'SC/398/IM', 17, '0000-00-00 00:00:00', '0000-00-00 00:00:00'),
(399, 'IDEATO SOUTH', 'SC/399/IM', 17, '0000-00-00 00:00:00', '0000-00-00 00:00:00'),
(400, 'IHITE/UBOMA', 'SC/400/IM', 17, '0000-00-00 00:00:00', '0000-00-00 00:00:00'),
(401, 'IKEDURU', 'SC/401/IM', 17, '0000-00-00 00:00:00', '0000-00-00 00:00:00'),
(402, 'ISIALA MBANO', 'SC/402/IM', 17, '0000-00-00 00:00:00', '0000-00-00 00:00:00'),
(403, 'ISU', 'SC/403/IM', 17, '0000-00-00 00:00:00', '0000-00-00 00:00:00'),
(404, 'MBAITOLI', 'SC/404/IM', 17, '0000-00-00 00:00:00', '0000-00-00 00:00:00'),
(405, 'NGOR OKPALA', 'SC/405/IM', 17, '0000-00-00 00:00:00', '0000-00-00 00:00:00'),
(406, 'NJABA', 'SC/406/IM', 17, '0000-00-00 00:00:00', '0000-00-00 00:00:00'),
(407, 'NWANGELE', 'SC/407/IM', 17, '0000-00-00 00:00:00', '0000-00-00 00:00:00'),
(408, 'NKWERRE', 'SC/408/IM', 17, '0000-00-00 00:00:00', '0000-00-00 00:00:00'),
(409, 'OBOWO', 'SC/409/IM', 17, '0000-00-00 00:00:00', '0000-00-00 00:00:00'),
(410, 'OGUTA', 'SC/410/IM', 17, '0000-00-00 00:00:00', '0000-00-00 00:00:00'),
(411, 'OHAJI/EGBEMA', 'SC/411/IM', 17, '0000-00-00 00:00:00', '0000-00-00 00:00:00'),
(412, 'OKIGWE', 'SC/412/IM', 17, '0000-00-00 00:00:00', '0000-00-00 00:00:00'),
(413, 'ONUIMO', 'SC/413/IM ', 17, '0000-00-00 00:00:00', '0000-00-00 00:00:00'),
(414, 'ORLU', 'SC/414/IM', 17, '0000-00-00 00:00:00', '0000-00-00 00:00:00'),
(415, 'ORSU', 'SC/415/IM', 17, '0000-00-00 00:00:00', '0000-00-00 00:00:00'),
(416, 'ORU EAST', 'SC/416/IM', 17, '0000-00-00 00:00:00', '0000-00-00 00:00:00'),
(417, 'ORU WEST', 'SC/417/IM', 17, '0000-00-00 00:00:00', '0000-00-00 00:00:00'),
(418, 'OWERRI MUNICIPAL', 'SC/418/IM', 17, '0000-00-00 00:00:00', '0000-00-00 00:00:00'),
(419, 'OWERRI NORTH', 'SC/419/IM', 17, '0000-00-00 00:00:00', '0000-00-00 00:00:00'),
(420, 'OWERRI WEST', 'SC/420/IM', 17, '0000-00-00 00:00:00', '0000-00-00 00:00:00'),
(421, 'AUYO', 'SC/421/JG', 18, '0000-00-00 00:00:00', '0000-00-00 00:00:00'),
(422, 'BABURA', 'SC/422/JG', 18, '0000-00-00 00:00:00', '0000-00-00 00:00:00'),
(423, 'KANYA', 'SC/423/JG', 18, '0000-00-00 00:00:00', '0000-00-00 00:00:00'),
(424, 'BIRNIN KUDU', 'SC/424/JG', 18, '0000-00-00 00:00:00', '0000-00-00 00:00:00'),
(425, 'BIRNIWA', 'SC/425/JG', 18, '0000-00-00 00:00:00', '0000-00-00 00:00:00'),
(426, 'BUJI', 'SC/426/JG', 18, '0000-00-00 00:00:00', '0000-00-00 00:00:00'),
(427, 'DUTSE', 'SC/427/JG', 18, '0000-00-00 00:00:00', '0000-00-00 00:00:00'),
(428, 'GAGARAWA', 'SC/428/JG', 18, '0000-00-00 00:00:00', '0000-00-00 00:00:00'),
(429, 'GARKI', 'SC/429/JG', 18, '0000-00-00 00:00:00', '0000-00-00 00:00:00'),
(430, 'GUMEL', 'SC/430/JG', 18, '0000-00-00 00:00:00', '0000-00-00 00:00:00'),
(431, 'GURI', 'SC/431/JG', 18, '0000-00-00 00:00:00', '0000-00-00 00:00:00'),
(432, 'GWARAM', 'SC/432/JG', 18, '0000-00-00 00:00:00', '0000-00-00 00:00:00'),
(433, 'FAGAM', 'SC/433/JG', 18, '0000-00-00 00:00:00', '0000-00-00 00:00:00'),
(434, 'GWIWA', 'SC/434/JG', 18, '0000-00-00 00:00:00', '0000-00-00 00:00:00'),
(435, 'HADEJIA', 'SC/435/JG', 18, '0000-00-00 00:00:00', '0000-00-00 00:00:00'),
(436, 'JAHUN', 'SC/436/JG', 18, '0000-00-00 00:00:00', '0000-00-00 00:00:00'),
(437, 'K/HAUSA', 'SC/437/JG', 18, '0000-00-00 00:00:00', '0000-00-00 00:00:00'),
(438, 'BULANGU', 'SC/438/JG', 18, '0000-00-00 00:00:00', '0000-00-00 00:00:00'),
(439, 'K/KASAMMA', 'SC/439/JG', 18, '0000-00-00 00:00:00', '0000-00-00 00:00:00'),
(440, 'KAUGAMA', 'SC/440/JG ', 18, '0000-00-00 00:00:00', '0000-00-00 00:00:00'),
(441, 'KAZAURE', 'SC/441/JG', 18, '0000-00-00 00:00:00', '0000-00-00 00:00:00'),
(442, 'KIYAWA', 'SC/442/JG', 18, '0000-00-00 00:00:00', '0000-00-00 00:00:00'),
(443, 'MAIGATAR', 'SC/443/JG', 18, '0000-00-00 00:00:00', '0000-00-00 00:00:00'),
(444, 'M/MADORI', 'SC/444/JG', 18, '0000-00-00 00:00:00', '0000-00-00 00:00:00'),
(445, 'MIGA', 'SC/445/JG', 18, '0000-00-00 00:00:00', '0000-00-00 00:00:00'),
(446, 'RINGIN', 'SC/446/JG', 18, '0000-00-00 00:00:00', '0000-00-00 00:00:00'),
(447, 'RONI', 'SC/447/JG', 18, '0000-00-00 00:00:00', '0000-00-00 00:00:00'),
(448, 'S/TANKARA', 'SC/448/JG', 18, '0000-00-00 00:00:00', '0000-00-00 00:00:00'),
(449, 'TAURA', 'SC/449/JG', 18, '0000-00-00 00:00:00', '0000-00-00 00:00:00'),
(450, 'YANKWASHI', 'SC/450/JG', 18, '0000-00-00 00:00:00', '0000-00-00 00:00:00'),
(451, 'BASAWA', 'SC/476/KD', 19, '0000-00-00 00:00:00', '0000-00-00 00:00:00'),
(452, 'CHAWAI/KAURU', 'SC/470/KD', 19, '0000-00-00 00:00:00', '0000-00-00 00:00:00'),
(453, 'CHIKUN I', 'SC/454/KD', 19, '0000-00-00 00:00:00', '0000-00-00 00:00:00'),
(454, 'CITY', 'SC/482/KD', 19, '0000-00-00 00:00:00', '0000-00-00 00:00:00'),
(455, 'DOKA', 'SC/466/KD', 19, '0000-00-00 00:00:00', '0000-00-00 00:00:00'),
(456, 'GIWA EAST', 'SC/455/KD', 19, '0000-00-00 00:00:00', '0000-00-00 00:00:00'),
(457, 'GIWA WEST', 'SC/456/KD', 19, '0000-00-00 00:00:00', '0000-00-00 00:00:00'),
(458, 'IGABI EAST', 'SC/457/KD', 19, '0000-00-00 00:00:00', '0000-00-00 00:00:00'),
(459, 'IGABI WEST', 'SC/458/KD', 19, '0000-00-00 00:00:00', '0000-00-00 00:00:00'),
(460, 'IKARA', 'SC/459/KD', 19, '0000-00-00 00:00:00', '0000-00-00 00:00:00'),
(461, 'JABA', 'SC/483/KD', 19, '0000-00-00 00:00:00', '0000-00-00 00:00:00'),
(462, 'JEMA’A', 'SC/461/KD', 19, '0000-00-00 00:00:00', '0000-00-00 00:00:00'),
(463, 'KACHIA', 'SC/463/KD', 19, '0000-00-00 00:00:00', '0000-00-00 00:00:00'),
(464, 'KAGARKO', 'SC/464/KD', 19, '0000-00-00 00:00:00', '0000-00-00 00:00:00'),
(465, 'KAJURU', 'SC/453/KD', 19, '0000-00-00 00:00:00', '0000-00-00 00:00:00'),
(466, 'KAKANGI', 'SC/452/KD', 19, '0000-00-00 00:00:00', '0000-00-00 00:00:00'),
(467, 'KAURA', 'SC/484/KD', 19, '0000-00-00 00:00:00', '0000-00-00 00:00:00'),
(468, 'KAWO/GABASAWA', 'SC/465/KD', 19, '0000-00-00 00:00:00', '0000-00-00 00:00:00'),
(469, 'KEWAYE', 'SC/481/KD', 19, '0000-00-00 00:00:00', '0000-00-00 00:00:00'),
(470, 'KUBAU', 'SC/460/KD', 19, '0000-00-00 00:00:00', '0000-00-00 00:00:00'),
(471, 'KUDAN', 'SC/473/KD', 19, '0000-00-00 00:00:00', '0000-00-00 00:00:00'),
(472, 'LERE', 'SC/471/KD', 19, '0000-00-00 00:00:00', '0000-00-00 00:00:00'),
(473, 'MAGAJIN GARI', 'SC/451/KD', 19, '0000-00-00 00:00:00', '0000-00-00 00:00:00'),
(474, 'MAIGANA', 'SC/477/KD', 19, '0000-00-00 00:00:00', '0000-00-00 00:00:00'),
(475, 'MAKARFI', 'SC/474/KD', 19, '0000-00-00 00:00:00', '0000-00-00 00:00:00'),
(476, 'MAKERA', 'SC/468/KD', 19, '0000-00-00 00:00:00', '0000-00-00 00:00:00'),
(477, 'SABON GARI', 'SC/475/KD', 19, '0000-00-00 00:00:00', '0000-00-00 00:00:00'),
(478, 'SAMINAKA', 'SC/472/KD', 19, '0000-00-00 00:00:00', '0000-00-00 00:00:00'),
(479, 'SANGA', 'SC/462/KD', 19, '0000-00-00 00:00:00', '0000-00-00 00:00:00'),
(480, 'SOBA', 'SC/478/KD', 19, '0000-00-00 00:00:00', '0000-00-00 00:00:00'),
(481, 'TUDUN WADA', 'SC/467/KD', 19, '0000-00-00 00:00:00', '0000-00-00 00:00:00'),
(482, 'UNGUWAR SANUSI', 'SC/469/KD', 19, '0000-00-00 00:00:00', '0000-00-00 00:00:00'),
(483, 'ZANGON KATAF', 'SC/479/KD', 19, '0000-00-00 00:00:00', '0000-00-00 00:00:00'),
(484, 'ZONKWA', 'SC/480/KD', 19, '0000-00-00 00:00:00', '0000-00-00 00:00:00'),
(485, 'ALBASU', 'SC/485/KN', 20, '0000-00-00 00:00:00', '0000-00-00 00:00:00'),
(486, 'SHANONO/BAGWAI', 'SC/486/KN', 20, '0000-00-00 00:00:00', '0000-00-00 00:00:00'),
(487, 'BEBEJI', 'SC/487/KN', 20, '0000-00-00 00:00:00', '0000-00-00 00:00:00'),
(488, 'BICHI', 'SC/488/KN', 20, '0000-00-00 00:00:00', '0000-00-00 00:00:00'),
(489, 'BUNKURE', 'SC/489/KN', 20, '0000-00-00 00:00:00', '0000-00-00 00:00:00'),
(490, 'DALA', 'SC/490/KN', 20, '0000-00-00 00:00:00', '0000-00-00 00:00:00'),
(491, 'GWALE', 'SC/491/KN', 20, '0000-00-00 00:00:00', '0000-00-00 00:00:00'),
(492, 'DAMBATTA', 'SC/492/KN', 20, '0000-00-00 00:00:00', '0000-00-00 00:00:00'),
(493, 'MAKODA', 'SC/493/KN', 20, '0000-00-00 00:00:00', '0000-00-00 00:00:00'),
(494, 'DAWAKIN KUDU', 'SC/494/KN', 20, '0000-00-00 00:00:00', '0000-00-00 00:00:00'),
(495, 'DAWAKIN TOFA', 'SC/495/KN', 20, '0000-00-00 00:00:00', '0000-00-00 00:00:00'),
(496, 'DOGUWA', 'SC/496/KN', 20, '0000-00-00 00:00:00', '0000-00-00 00:00:00'),
(497, 'GABASAWA', 'SC/497/KN', 20, '0000-00-00 00:00:00', '0000-00-00 00:00:00'),
(498, 'GAYA', 'SC/498/KN', 20, '0000-00-00 00:00:00', '0000-00-00 00:00:00'),
(499, 'AJINGI', 'SC/499/KN', 20, '0000-00-00 00:00:00', '0000-00-00 00:00:00'),
(500, 'GEZAWA', 'SC/500/KN', 20, '0000-00-00 00:00:00', '0000-00-00 00:00:00'),
(501, 'GWARZO', 'SC/501/KN', 20, '0000-00-00 00:00:00', '0000-00-00 00:00:00'),
(502, 'KABO', 'SC/502/KN', 20, '0000-00-00 00:00:00', '0000-00-00 00:00:00'),
(503, 'MUNICIPAL', 'SC/503/KN', 20, '0000-00-00 00:00:00', '0000-00-00 00:00:00'),
(504, 'TARAUNI', 'SC/504/KN', 20, '0000-00-00 00:00:00', '0000-00-00 00:00:00'),
(505, 'KARAYE', 'SC/505/KN', 20, '0000-00-00 00:00:00', '0000-00-00 00:00:00'),
(506, 'ROGO', 'SC/506/KN', 20, '0000-00-00 00:00:00', '0000-00-00 00:00:00'),
(507, 'KIRU', 'SC/507/KN', 20, '0000-00-00 00:00:00', '0000-00-00 00:00:00'),
(508, 'KUMBOTSO', 'SC/508/KN', 20, '0000-00-00 00:00:00', '0000-00-00 00:00:00'),
(509, 'KURA/GURUN MALLAM', 'SC/509/KN', 20, '0000-00-00 00:00:00', '0000-00-00 00:00:00'),
(510, 'MADOBI', 'SC/510/KN', 20, '0000-00-00 00:00:00', '0000-00-00 00:00:00'),
(511, 'MINJIBIR', 'SC/511/KN', 20, '0000-00-00 00:00:00', '0000-00-00 00:00:00'),
(512, 'NASSARAWA', 'SC/512/KN', 20, '0000-00-00 00:00:00', '0000-00-00 00:00:00'),
(513, 'FAGGE', 'SC/513/KN', 20, '0000-00-00 00:00:00', '0000-00-00 00:00:00'),
(514, 'RANO', 'SC/514/KN', 20, '0000-00-00 00:00:00', '0000-00-00 00:00:00'),
(515, 'KIBIYA', 'SC/515/KN', 20, '0000-00-00 00:00:00', '0000-00-00 00:00:00'),
(516, 'RIMI GADO/TOFA', 'SC/516/KN', 20, '0000-00-00 00:00:00', '0000-00-00 00:00:00'),
(517, 'SUMAILA', 'SC/517/KN', 20, '0000-00-00 00:00:00', '0000-00-00 00:00:00'),
(518, 'TAKAI', 'SC/518/KN', 20, '0000-00-00 00:00:00', '0000-00-00 00:00:00'),
(519, 'TSANYAWA/KUNCHI', 'SC/519/KN', 20, '0000-00-00 00:00:00', '0000-00-00 00:00:00'),
(520, 'TUDUNWADA', 'SC/520/KN', 20, '0000-00-00 00:00:00', '0000-00-00 00:00:00'),
(521, 'UNGOGO', 'SC/521/KN', 20, '0000-00-00 00:00:00', '0000-00-00 00:00:00'),
(522, 'WARAWA', 'SC/522/KN', 20, '0000-00-00 00:00:00', '0000-00-00 00:00:00'),
(523, 'WUDIL', 'SC/523/KN', 20, '0000-00-00 00:00:00', '0000-00-00 00:00:00'),
(524, 'GARKO', 'SC/524/KN', 20, '0000-00-00 00:00:00', '0000-00-00 00:00:00'),
(525, 'BAKORI', 'SC/525/KT', 21, '0000-00-00 00:00:00', '0000-00-00 00:00:00'),
(526, 'BAKORI II (TSIGA)', 'SC/526/KT', 21, '0000-00-00 00:00:00', '0000-00-00 00:00:00'),
(527, 'BATSARI', 'SC/527/KT', 21, '0000-00-00 00:00:00', '0000-00-00 00:00:00'),
(528, 'BAURE', 'SC/528/KT', 21, '0000-00-00 00:00:00', '0000-00-00 00:00:00'),
(529, 'BINDAWA', 'SC/529/KT', 21, '0000-00-00 00:00:00', '0000-00-00 00:00:00'),
(530, 'CHARANCHI', 'SC/530/KT', 21, '0000-00-00 00:00:00', '0000-00-00 00:00:00'),
(531, 'DANDUME', 'SC/531/KT', 21, '0000-00-00 00:00:00', '0000-00-00 00:00:00'),
(532, 'DANJA', 'SC/532/KT', 21, '0000-00-00 00:00:00', '0000-00-00 00:00:00'),
(533, 'DANMUSA', 'SC/533/KT', 21, '0000-00-00 00:00:00', '0000-00-00 00:00:00'),
(534, 'DAURA', 'SC/534/KT', 21, '0000-00-00 00:00:00', '0000-00-00 00:00:00'),
(535, 'DUTSI', 'SC/535/KT', 21, '0000-00-00 00:00:00', '0000-00-00 00:00:00'),
(536, 'DUTSIN-MA', 'SC/536/KT', 21, '0000-00-00 00:00:00', '0000-00-00 00:00:00'),
(537, 'FASKARI', 'SC/537/KT', 21, '0000-00-00 00:00:00', '0000-00-00 00:00:00'),
(538, 'FUNTUA', 'SC/538/KT', 21, '0000-00-00 00:00:00', '0000-00-00 00:00:00'),
(539, 'INGAWA', 'SC/539/KT', 21, '0000-00-00 00:00:00', '0000-00-00 00:00:00'),
(540, 'JIBIA', 'SC/540/KT', 21, '0000-00-00 00:00:00', '0000-00-00 00:00:00'),
(541, 'KAFUR', 'SC/541/KT', 21, '0000-00-00 00:00:00', '0000-00-00 00:00:00'),
(542, 'KAITA', 'SC/542/KT', 21, '0000-00-00 00:00:00', '0000-00-00 00:00:00'),
(543, 'KANKARA', 'SC/543/KT', 21, '0000-00-00 00:00:00', '0000-00-00 00:00:00'),
(544, 'KANKIA', 'SC/544/KT', 21, '0000-00-00 00:00:00', '0000-00-00 00:00:00'),
(545, 'KATSINA', 'SC/546/KT', 21, '0000-00-00 00:00:00', '0000-00-00 00:00:00'),
(546, 'KURFI', 'SC/547/KT', 21, '0000-00-00 00:00:00', '0000-00-00 00:00:00'),
(547, 'KUSADA', 'SC/545/KT', 21, '0000-00-00 00:00:00', '0000-00-00 00:00:00'),
(548, 'MAI’ADUA', 'SC/548/KT', 21, '0000-00-00 00:00:00', '0000-00-00 00:00:00'),
(549, 'MALUMFASHI EAST', 'SC/549/KT', 21, '0000-00-00 00:00:00', '0000-00-00 00:00:00'),
(550, 'MANI', 'SC/550/KT', 21, '0000-00-00 00:00:00', '0000-00-00 00:00:00'),
(551, 'MASHI', 'SC/552/KT', 21, '0000-00-00 00:00:00', '0000-00-00 00:00:00'),
(552, 'MATAZU', 'SC/551/KT', 21, '0000-00-00 00:00:00', '0000-00-00 00:00:00'),
(553, 'MUSAWA', 'SC/553/KT', 21, '0000-00-00 00:00:00', '0000-00-00 00:00:00'),
(554, 'RIMI', 'SC/554/KT', 21, '0000-00-00 00:00:00', '0000-00-00 00:00:00'),
(555, 'SABUWA', 'SC/555/KT', 21, '0000-00-00 00:00:00', '0000-00-00 00:00:00'),
(556, 'SAFANA', 'SC/556/KT', 21, '0000-00-00 00:00:00', '0000-00-00 00:00:00'),
(557, 'SANDAMU', 'SC/557/KT', 21, '0000-00-00 00:00:00', '0000-00-00 00:00:00'),
(558, 'ZANGO', 'SC/558/KT', 21, '0000-00-00 00:00:00', '0000-00-00 00:00:00'),
(559, 'ALEIRO', 'SC/559/KB', 22, '0000-00-00 00:00:00', '0000-00-00 00:00:00'),
(560, 'AREWA', 'SC/560/KB', 22, '0000-00-00 00:00:00', '0000-00-00 00:00:00'),
(561, 'ARGUNGU', 'SC/561KB', 22, '0000-00-00 00:00:00', '0000-00-00 00:00:00'),
(562, 'AUGIE', 'SC/562/KB', 22, '0000-00-00 00:00:00', '0000-00-00 00:00:00'),
(563, 'BAGUDO EAST', 'SC/563/KB', 22, '0000-00-00 00:00:00', '0000-00-00 00:00:00'),
(564, 'BAGUDO WEST', 'SC/564/KB', 22, '0000-00-00 00:00:00', '0000-00-00 00:00:00'),
(565, 'BIRNIN KEBBI NORTH', 'SC/565/KB', 22, '0000-00-00 00:00:00', '0000-00-00 00:00:00'),
(566, 'BIRNIN KEBBI SOUTH', 'SC/566/KB', 22, '0000-00-00 00:00:00', '0000-00-00 00:00:00'),
(567, 'BUNZA', 'SC/567/KB', 22, '0000-00-00 00:00:00', '0000-00-00 00:00:00'),
(568, 'DANDI', 'SC/568/KB', 22, '0000-00-00 00:00:00', '0000-00-00 00:00:00'),
(569, 'FAKAI', 'SC/569/KB', 22, '0000-00-00 00:00:00', '0000-00-00 00:00:00'),
(570, 'GWANDU', 'SC/570/KB', 22, '0000-00-00 00:00:00', '0000-00-00 00:00:00'),
(571, 'JEGA', 'SC/571/KB', 22, '0000-00-00 00:00:00', '0000-00-00 00:00:00'),
(572, 'KALGO', 'SC/572/KB', 22, '0000-00-00 00:00:00', '0000-00-00 00:00:00'),
(573, 'KOKO/BESSE', 'SC/573/KB', 22, '0000-00-00 00:00:00', '0000-00-00 00:00:00'),
(574, 'MAIYAMA', 'SC/574/KB', 22, '0000-00-00 00:00:00', '0000-00-00 00:00:00'),
(575, 'NGASKI', 'SC/575/KB', 22, '0000-00-00 00:00:00', '0000-00-00 00:00:00'),
(576, 'SAKABA', 'SC/576/KB', 22, '0000-00-00 00:00:00', '0000-00-00 00:00:00'),
(577, 'SHANGA', 'SC/577/KB', 22, '0000-00-00 00:00:00', '0000-00-00 00:00:00'),
(578, 'SURU', 'SC/578/KB', 22, '0000-00-00 00:00:00', '0000-00-00 00:00:00'),
(579, 'WASAGU/DANKO EAST', 'SC/579/KB', 22, '0000-00-00 00:00:00', '0000-00-00 00:00:00'),
(580, 'WASAGU/DANKO WEST', 'SC/580/KB', 22, '0000-00-00 00:00:00', '0000-00-00 00:00:00'),
(581, 'YAURI', 'SC/581/KB', 22, '0000-00-00 00:00:00', '0000-00-00 00:00:00'),
(582, 'ZURU', 'SC/582/KB', 22, '0000-00-00 00:00:00', '0000-00-00 00:00:00'),
(583, 'ADAVI', 'SC/583/KG', 23, '0000-00-00 00:00:00', '0000-00-00 00:00:00'),
(584, 'AJAOKUTA', 'SC/584/KG', 23, '0000-00-00 00:00:00', '0000-00-00 00:00:00'),
(585, 'ANKPA I', 'SC/585/KG', 23, '0000-00-00 00:00:00', '0000-00-00 00:00:00'),
(586, 'ANKPA II', 'SC/586/KG', 23, '0000-00-00 00:00:00', '0000-00-00 00:00:00'),
(587, 'BASSA', 'SC/587/KG', 23, '0000-00-00 00:00:00', '0000-00-00 00:00:00'),
(588, 'DEKINA/BIRAIDU', 'SC/588/KG', 23, '0000-00-00 00:00:00', '0000-00-00 00:00:00'),
(589, 'OKURA', 'SC/589/KG', 23, '0000-00-00 00:00:00', '0000-00-00 00:00:00'),
(590, 'IBAJI', 'SC/590/KG', 23, '0000-00-00 00:00:00', '0000-00-00 00:00:00'),
(591, 'IDAH', 'SC/591/KG', 23, '0000-00-00 00:00:00', '0000-00-00 00:00:00'),
(592, 'IGALAMELA-ODOLU', 'SC/592/KG', 23, '0000-00-00 00:00:00', '0000-00-00 00:00:00'),
(593, 'IJUMU', 'SC/593/KG', 23, '0000-00-00 00:00:00', '0000-00-00 00:00:00'),
(594, 'KABBA/BUNU', 'SC/594/KG', 23, '0000-00-00 00:00:00', '0000-00-00 00:00:00'),
(595, 'KOGI (K.K)', 'SC/595/KG', 23, '0000-00-00 00:00:00', '0000-00-00 00:00:00'),
(596, 'LOKOJA I', 'SC/596/KG', 23, '0000-00-00 00:00:00', '0000-00-00 00:00:00'),
(597, 'LOKOJA II', 'SC/597/KG', 23, '0000-00-00 00:00:00', '0000-00-00 00:00:00'),
(598, 'MOPAMURO', 'SC/598/KG', 23, '0000-00-00 00:00:00', '0000-00-00 00:00:00'),
(599, 'OFU', 'SC/599/KG', 23, '0000-00-00 00:00:00', '0000-00-00 00:00:00'),
(600, 'OGORI/MAGONGO', 'SC/600/KG', 23, '0000-00-00 00:00:00', '0000-00-00 00:00:00'),
(601, 'OKEHI', 'SC/601/KG', 23, '0000-00-00 00:00:00', '0000-00-00 00:00:00'),
(602, 'OKENE TOWN', 'SC/602/KG', 23, '0000-00-00 00:00:00', '0000-00-00 00:00:00'),
(603, 'OKENE II (SOUTH)', 'SC/603/KG', 23, '0000-00-00 00:00:00', '0000-00-00 00:00:00'),
(604, 'OLAMABORO I', 'SC/604/KG', 23, '0000-00-00 00:00:00', '0000-00-00 00:00:00'),
(605, 'OMALA', 'SC/605/KG', 23, '0000-00-00 00:00:00', '0000-00-00 00:00:00'),
(606, 'YAGBA EAST', 'SC/606/KG', 23, '0000-00-00 00:00:00', '0000-00-00 00:00:00'),
(607, 'YAGBA WEST', 'SC/607/KG', 23, '0000-00-00 00:00:00', '0000-00-00 00:00:00'),
(608, 'AFON', 'SC/608/KW', 24, '0000-00-00 00:00:00', '0000-00-00 00:00:00'),
(609, 'ONIRE/OWODE', 'SC/609/KW', 24, '0000-00-00 00:00:00', '0000-00-00 00:00:00'),
(610, 'ILESHA/GWANARA', 'SC/610/KW', 24, '0000-00-00 00:00:00', '0000-00-00 00:00:00'),
(611, 'OKUTA/AYASHKIRA', 'SC/611/KW', 24, '0000-00-00 00:00:00', '0000-00-00 00:00:00'),
(612, 'LAFIAGI', 'SC/612/KW', 24, '0000-00-00 00:00:00', '0000-00-00 00:00:00'),
(613, 'PATIGI', 'SC/613/KW', 24, '0000-00-00 00:00:00', '0000-00-00 00:00:00'),
(614, 'EKITI', 'SC/614/KW', 24, '0000-00-00 00:00:00', '0000-00-00 00:00:00'),
(615, 'OKE-ERO', 'SC/615/KW', 24, '0000-00-00 00:00:00', '0000-00-00 00:00:00'),
(616, 'OMUPO', 'SC/616/KW', 24, '0000-00-00 00:00:00', '0000-00-00 00:00:00'),
(617, 'SHARE/OKE-ODE', 'SC/617/KW', 24, '0000-00-00 00:00:00', '0000-00-00 00:00:00'),
(618, 'ILORIN EAST', 'SC/618/KW', 24, '0000-00-00 00:00:00', '0000-00-00 00:00:00'),
(619, 'ILORIN SOUTH', 'SC/619/KW', 24, '0000-00-00 00:00:00', '0000-00-00 00:00:00'),
(620, 'ILORIN CENTRAL', 'SC/620/KW', 24, '0000-00-00 00:00:00', '0000-00-00 00:00:00');
INSERT INTO `state_constituencies` (`state_constituency_id`, `state_constituency`, `state_constituency_code`, `state_id`, `created_at`, `updated_at`) VALUES
(621, 'ILORIN NORTH WEST', 'SC/621/KW', 24, '0000-00-00 00:00:00', '0000-00-00 00:00:00'),
(622, 'IREPODUN', 'SC/622/KW', 24, '0000-00-00 00:00:00', '0000-00-00 00:00:00'),
(623, 'ISIN', 'SC/623/KW', 24, '0000-00-00 00:00:00', '0000-00-00 00:00:00'),
(624, 'GWANABE/ADENA/BANNI', 'SC/624/KW', 24, '0000-00-00 00:00:00', '0000-00-00 00:00:00'),
(625, 'KAIAMA/WAJIBE/KEMANJI', 'SC/625/KW', 24, '0000-00-00 00:00:00', '0000-00-00 00:00:00'),
(626, 'LANWA/EJIDONGARI', 'SC/626/KW', 24, '0000-00-00 00:00:00', '0000-00-00 00:00:00'),
(627, 'OLORU/MALETE/IPAIYE', 'SC/627/KW', 24, '0000-00-00 00:00:00', '0000-00-00 00:00:00'),
(628, 'BALOGUN/OJUMU', 'SC/628/KW', 24, '0000-00-00 00:00:00', '0000-00-00 00:00:00'),
(629, 'SHAWO/ESSA', 'SC/629/KW', 24, '0000-00-00 00:00:00', '0000-00-00 00:00:00'),
(630, 'ODO-OGUN', 'SC/630/KW', 24, '0000-00-00 00:00:00', '0000-00-00 00:00:00'),
(631, 'OKE-OGUN', 'SC/631/KW', 24, '0000-00-00 00:00:00', '0000-00-00 00:00:00'),
(632, 'AGEGE I', 'SC/632/LA', 25, '0000-00-00 00:00:00', '0000-00-00 00:00:00'),
(633, ' AGEGE II', 'SC/633/LA', 25, '0000-00-00 00:00:00', '0000-00-00 00:00:00'),
(634, 'AJEROMI/IFELODUN I', 'SC/634/LA', 25, '0000-00-00 00:00:00', '0000-00-00 00:00:00'),
(635, 'AJEROMI/IFELODUN II', 'SC/635/LA', 25, '0000-00-00 00:00:00', '0000-00-00 00:00:00'),
(636, 'ALIMOSHO I', 'SC/636/LA', 25, '0000-00-00 00:00:00', '0000-00-00 00:00:00'),
(637, 'ALIMOSHO II', 'SC/637/LA', 25, '0000-00-00 00:00:00', '0000-00-00 00:00:00'),
(638, 'AMUWO ODOFIN I', 'SC/638/LA', 25, '0000-00-00 00:00:00', '0000-00-00 00:00:00'),
(639, 'AMUWO ODOFIN II', 'SC/639/LA', 25, '0000-00-00 00:00:00', '0000-00-00 00:00:00'),
(640, 'APAPA I', 'SC/640/LA', 25, '0000-00-00 00:00:00', '0000-00-00 00:00:00'),
(641, 'APAPA II', 'SC/641/LA', 25, '0000-00-00 00:00:00', '0000-00-00 00:00:00'),
(642, 'BADAGRY I', 'SC/642/LA', 25, '0000-00-00 00:00:00', '0000-00-00 00:00:00'),
(643, 'BADAGRY II', 'SC/643/LA', 25, '0000-00-00 00:00:00', '0000-00-00 00:00:00'),
(644, 'EPE I', 'SC/644/LA', 25, '0000-00-00 00:00:00', '0000-00-00 00:00:00'),
(645, 'EPE II', 'SC/645/LA', 25, '0000-00-00 00:00:00', '0000-00-00 00:00:00'),
(646, 'ETI-OSA I', 'SC/646/LA', 25, '0000-00-00 00:00:00', '0000-00-00 00:00:00'),
(647, 'ETI-OSA II', 'SC/647/LA', 25, '0000-00-00 00:00:00', '0000-00-00 00:00:00'),
(648, 'IBEJU-LEKKI I', 'SC/648/LA', 25, '0000-00-00 00:00:00', '0000-00-00 00:00:00'),
(649, 'IBEJU-LEKKI II', 'SC/649/LA', 25, '0000-00-00 00:00:00', '0000-00-00 00:00:00'),
(650, 'IFAKO / IJAIYE I', 'SC/650/LA', 25, '0000-00-00 00:00:00', '0000-00-00 00:00:00'),
(651, 'IFAKO / IJAIYE II', 'SC/651/LA', 25, '0000-00-00 00:00:00', '0000-00-00 00:00:00'),
(652, 'IKEJA I', 'SC/652/LA', 25, '0000-00-00 00:00:00', '0000-00-00 00:00:00'),
(653, 'IKEJA II', 'SC/653/LA', 25, '0000-00-00 00:00:00', '0000-00-00 00:00:00'),
(654, 'IKORODU I', 'SC/654/LA', 25, '0000-00-00 00:00:00', '0000-00-00 00:00:00'),
(655, 'IKORODU II', 'SC/655/LA', 25, '0000-00-00 00:00:00', '0000-00-00 00:00:00'),
(656, 'KOSOFE I', 'SC/656/LA', 25, '0000-00-00 00:00:00', '0000-00-00 00:00:00'),
(657, 'KOSOFE II', 'SC/657/LA', 25, '0000-00-00 00:00:00', '0000-00-00 00:00:00'),
(658, 'LAGOS ISLAND I', 'SC/658/LA', 25, '0000-00-00 00:00:00', '0000-00-00 00:00:00'),
(659, 'LAGOS ISLAND II', 'SC/659/LA', 25, '0000-00-00 00:00:00', '0000-00-00 00:00:00'),
(660, 'LAGOS MAINLAND I', 'SC/660/LA', 25, '0000-00-00 00:00:00', '0000-00-00 00:00:00'),
(661, 'LAGOS MAINLAND II', 'SC/661/LA', 25, '0000-00-00 00:00:00', '0000-00-00 00:00:00'),
(662, 'MUSHIN I ', 'SC/662/LA', 25, '0000-00-00 00:00:00', '0000-00-00 00:00:00'),
(663, 'MUSHIN II', 'SC/663/LA', 25, '0000-00-00 00:00:00', '0000-00-00 00:00:00'),
(664, 'OJO I', 'SC/664/LA', 25, '0000-00-00 00:00:00', '0000-00-00 00:00:00'),
(665, 'OJO II', 'SC/665/LA', 25, '0000-00-00 00:00:00', '0000-00-00 00:00:00'),
(666, 'OSHODI/ISOLO I', 'SC/666/LA', 25, '0000-00-00 00:00:00', '0000-00-00 00:00:00'),
(667, 'OSHODI/ISOLO II', 'SC/667/LA', 25, '0000-00-00 00:00:00', '0000-00-00 00:00:00'),
(668, 'SHOMOLU I', 'SC/668/LA', 25, '0000-00-00 00:00:00', '0000-00-00 00:00:00'),
(669, 'SHOMOLU II', 'SC/669/LA', 25, '0000-00-00 00:00:00', '0000-00-00 00:00:00'),
(670, 'SURULERE I', 'SC/670/LA', 25, '0000-00-00 00:00:00', '0000-00-00 00:00:00'),
(671, 'SURULERE II ', 'SC/671/LA', 25, '0000-00-00 00:00:00', '0000-00-00 00:00:00'),
(672, 'AKWANGA NORTH', 'SC/672/NW', 26, '0000-00-00 00:00:00', '0000-00-00 00:00:00'),
(673, 'AKWANGA SOUTH', 'SC/673/NW', 26, '0000-00-00 00:00:00', '0000-00-00 00:00:00'),
(674, 'AWE NORTH', 'SC/674/NW', 26, '0000-00-00 00:00:00', '0000-00-00 00:00:00'),
(675, 'AWE SOUTH', 'SC/675/NW', 26, '0000-00-00 00:00:00', '0000-00-00 00:00:00'),
(676, 'DOMA NORTH', 'SC/676/NW', 26, '0000-00-00 00:00:00', '0000-00-00 00:00:00'),
(677, 'DOMA SOUTH', 'SC/677/NW', 26, '0000-00-00 00:00:00', '0000-00-00 00:00:00'),
(678, 'KARU/GITATA', 'SC/678/NW', 26, '0000-00-00 00:00:00', '0000-00-00 00:00:00'),
(679, 'KARSHI/UKE', 'SC/679/NW', 26, '0000-00-00 00:00:00', '0000-00-00 00:00:00'),
(680, 'KEANA', 'SC/680/NW', 26, '0000-00-00 00:00:00', '0000-00-00 00:00:00'),
(681, 'KEFFI WEST', 'SC/681/NW', 26, '0000-00-00 00:00:00', '0000-00-00 00:00:00'),
(682, 'KEFFI EAST', 'SC/682/NW', 26, '0000-00-00 00:00:00', '0000-00-00 00:00:00'),
(683, 'KOKONA EAST', 'SC/683/NW', 26, '0000-00-00 00:00:00', '0000-00-00 00:00:00'),
(684, 'KOKONA WEST', 'SC/684/NW', 26, '0000-00-00 00:00:00', '0000-00-00 00:00:00'),
(685, 'LAFIA CENTRAL', 'SC/685/NW', 26, '0000-00-00 00:00:00', '0000-00-00 00:00:00'),
(686, 'LAFIA NORTH', 'SC/686/NW', 26, '0000-00-00 00:00:00', '0000-00-00 00:00:00'),
(687, 'NASSARAWA', 'SC/687/NW', 26, '0000-00-00 00:00:00', '0000-00-00 00:00:00'),
(688, 'LOKI/UDEGE', 'SC/688/NW', 26, '0000-00-00 00:00:00', '0000-00-00 00:00:00'),
(689, 'NASS-EGGON WEST', 'SC/689/NW', 26, '0000-00-00 00:00:00', '0000-00-00 00:00:00'),
(690, 'NASS-EGGON EAST', 'SC/690/NW', 26, '0000-00-00 00:00:00', '0000-00-00 00:00:00'),
(691, 'OBI I', 'SC/691/NW', 26, '0000-00-00 00:00:00', '0000-00-00 00:00:00'),
(692, 'OBI II', 'SC/692/NW', 26, '0000-00-00 00:00:00', '0000-00-00 00:00:00'),
(693, 'GADABUKE/TOTO', 'SC/693/NW', 26, '0000-00-00 00:00:00', '0000-00-00 00:00:00'),
(694, 'UMAISHA', 'SC/694/NW', 26, '0000-00-00 00:00:00', '0000-00-00 00:00:00'),
(695, 'WAMBA', 'SC/695/NW', 26, '0000-00-00 00:00:00', '0000-00-00 00:00:00'),
(696, 'AGAIE', 'SC/696/NG', 27, '0000-00-00 00:00:00', '0000-00-00 00:00:00'),
(697, 'AGWARA', 'SC/697/NG', 27, '0000-00-00 00:00:00', '0000-00-00 00:00:00'),
(698, 'BIDA I', 'SC/698/NG', 27, '0000-00-00 00:00:00', '0000-00-00 00:00:00'),
(699, 'BIDA II', 'SC/699/NG', 27, '0000-00-00 00:00:00', '0000-00-00 00:00:00'),
(700, 'BORGU', 'SC/700/NG', 27, '0000-00-00 00:00:00', '0000-00-00 00:00:00'),
(701, 'BOSSO', 'SC/701/NG', 27, '0000-00-00 00:00:00', '0000-00-00 00:00:00'),
(702, 'CHANCHANGA', 'SC/702/NG', 27, '0000-00-00 00:00:00', '0000-00-00 00:00:00'),
(703, 'EDATTI', 'SC/703/NG', 27, '0000-00-00 00:00:00', '0000-00-00 00:00:00'),
(704, 'GBAKO', 'SC/704/NG', 27, '0000-00-00 00:00:00', '0000-00-00 00:00:00'),
(705, 'GURARA', 'SC/705/NG', 27, '0000-00-00 00:00:00', '0000-00-00 00:00:00'),
(706, 'KATCHA', 'SC/706/NG', 27, '0000-00-00 00:00:00', '0000-00-00 00:00:00'),
(707, 'KONTAGORA I', 'SC/707/NG', 27, '0000-00-00 00:00:00', '0000-00-00 00:00:00'),
(708, 'KOTANGORA II', 'SC/708/NG', 27, '0000-00-00 00:00:00', '0000-00-00 00:00:00'),
(709, 'LAPAI', 'SC/709/NG', 27, '0000-00-00 00:00:00', '0000-00-00 00:00:00'),
(710, 'LAVUN', 'SC/710/NG', 27, '0000-00-00 00:00:00', '0000-00-00 00:00:00'),
(711, 'MAGAMA', 'SC/711/NG', 27, '0000-00-00 00:00:00', '0000-00-00 00:00:00'),
(712, 'MARIGA', 'SC/712/NG', 27, '0000-00-00 00:00:00', '0000-00-00 00:00:00'),
(713, 'MASHEGU', 'SC/713/NG', 27, '0000-00-00 00:00:00', '0000-00-00 00:00:00'),
(714, 'MOKWA', 'SC/714/NG', 27, '0000-00-00 00:00:00', '0000-00-00 00:00:00'),
(715, 'MUNYA', 'SC/715/NG', 27, '0000-00-00 00:00:00', '0000-00-00 00:00:00'),
(716, 'PAIKORO', 'SC/716/NG', 27, '0000-00-00 00:00:00', '0000-00-00 00:00:00'),
(717, 'RAFI', 'SC/717/NG', 27, '0000-00-00 00:00:00', '0000-00-00 00:00:00'),
(718, 'RIJAU', 'SC/718/NG', 27, '0000-00-00 00:00:00', '0000-00-00 00:00:00'),
(719, 'SHIRORO', 'SC/719/NG', 27, '0000-00-00 00:00:00', '0000-00-00 00:00:00'),
(720, 'SULEJA', 'SC/720/NG', 27, '0000-00-00 00:00:00', '0000-00-00 00:00:00'),
(721, 'TAPA', 'SC/721/NG', 27, '0000-00-00 00:00:00', '0000-00-00 00:00:00'),
(722, 'WUSHISHI', 'SC/722/NG', 27, '0000-00-00 00:00:00', '0000-00-00 00:00:00'),
(723, 'ABEOKUTA SOUTH I', 'SC/723/OG', 28, '0000-00-00 00:00:00', '0000-00-00 00:00:00'),
(724, 'ABEOKUTA SOUTH II', 'SC/724/OG', 28, '0000-00-00 00:00:00', '0000-00-00 00:00:00'),
(725, 'ODEDA AREA', 'SC/725/OG', 28, '0000-00-00 00:00:00', '0000-00-00 00:00:00'),
(726, 'ABEOKUTA NORTH', 'SC/726/OG', 28, '0000-00-00 00:00:00', '0000-00-00 00:00:00'),
(727, 'OBAFEMI/OWODE', 'SC/727/OG', 28, '0000-00-00 00:00:00', '0000-00-00 00:00:00'),
(728, 'IFO I', 'SC/728/OG', 28, '0000-00-00 00:00:00', '0000-00-00 00:00:00'),
(729, 'IFO II', 'SC/729/OG', 28, '0000-00-00 00:00:00', '0000-00-00 00:00:00'),
(730, 'EWEKORO/ITORI/ELERE-ADUBI', 'SC/730/OG', 28, '0000-00-00 00:00:00', '0000-00-00 00:00:00'),
(731, 'IJEBU NORTH I (IJEBU-IGBO)', 'SC/731/OG', 28, '0000-00-00 00:00:00', '0000-00-00 00:00:00'),
(732, 'IJEBU NORTH II (AGO-IWOYE/ ORU/AWA', 'SC/732/OG', 28, '0000-00-00 00:00:00', '0000-00-00 00:00:00'),
(733, 'IJEBU EAST AREA', 'SC/733/OG', 28, '0000-00-00 00:00:00', '0000-00-00 00:00:00'),
(734, 'OGUN WATERSIDE (ABIGI/IBIADE/IWOPIN/ONI)', 'SC/734/OG', 28, '0000-00-00 00:00:00', '0000-00-00 00:00:00'),
(735, 'IJEBU-ODE', 'SC/735/OG', 28, '0000-00-00 00:00:00', '0000-00-00 00:00:00'),
(736, 'ODOGBOLU (ALEKKUN-IFESOWAPO/LAPORU', 'SC/736/OG', 28, '0000-00-00 00:00:00', '0000-00-00 00:00:00'),
(737, 'IJEBU NORTH EAST ILUGUN-ALARO', 'SC/737/OG', 28, '0000-00-00 00:00:00', '0000-00-00 00:00:00'),
(738, 'SAGAMU I OFFIN', 'SC/738/OG', 28, '0000-00-00 00:00:00', '0000-00-00 00:00:00'),
(739, 'SAGAMU II MAKUN', 'SC/739/OG', 28, '0000-00-00 00:00:00', '0000-00-00 00:00:00'),
(740, 'IKENNE (IREPODUN)', 'SC/740/OG', 28, '0000-00-00 00:00:00', '0000-00-00 00:00:00'),
(741, 'REMO NORTH (IDARAPO)', 'SC/941/OG', 28, '0000-00-00 00:00:00', '0000-00-00 00:00:00'),
(742, 'IMEKO-AFON', 'SC/742/OG', 28, '0000-00-00 00:00:00', '0000-00-00 00:00:00'),
(743, 'EGBADO NORTH I', 'SC/743/OG', 28, '0000-00-00 00:00:00', '0000-00-00 00:00:00'),
(744, 'EGBADO NORTH II', 'SC/744/OG', 28, '0000-00-00 00:00:00', '0000-00-00 00:00:00'),
(745, 'IDIROKO IPOKIA', 'SC/745/OG', 28, '0000-00-00 00:00:00', '0000-00-00 00:00:00'),
(746, 'EGBADO SOUTH (ILARO/OWODE)', 'SC/746/OG', 28, '0000-00-00 00:00:00', '0000-00-00 00:00:00'),
(747, 'ADO/ODO/OTA I', 'SC/747/OG', 28, '0000-00-00 00:00:00', '0000-00-00 00:00:00'),
(748, 'ADO-ODO/OTA II', 'SC/748/OG', 28, '0000-00-00 00:00:00', '0000-00-00 00:00:00'),
(749, 'AKOKO NORTH EAST', 'SC/749/OD', 29, '0000-00-00 00:00:00', '0000-00-00 00:00:00'),
(750, 'AKOKO NORTH WEST I', 'SC/750/OD', 29, '0000-00-00 00:00:00', '0000-00-00 00:00:00'),
(751, 'AKOKO NORTH WEST II', 'SC/751/OD', 29, '0000-00-00 00:00:00', '0000-00-00 00:00:00'),
(752, 'AKOKO SOUTH EAST', 'SC/752/OD', 29, '0000-00-00 00:00:00', '0000-00-00 00:00:00'),
(753, 'AKOKO SOUTH WEST I', 'SC/753/OD', 29, '0000-00-00 00:00:00', '0000-00-00 00:00:00'),
(754, 'AKOKO SOUTH WEST II', 'SC/754/OD', 29, '0000-00-00 00:00:00', '0000-00-00 00:00:00'),
(755, 'AKURE NORTH', 'SC/755/OD', 29, '0000-00-00 00:00:00', '0000-00-00 00:00:00'),
(756, 'AKURE SOUTH I', 'SC/756/OD', 29, '0000-00-00 00:00:00', '0000-00-00 00:00:00'),
(757, 'AKURE SOUTH II', 'SC/757/OD', 29, '0000-00-00 00:00:00', '0000-00-00 00:00:00'),
(758, 'ESE ODO', 'SC/758/OD', 29, '0000-00-00 00:00:00', '0000-00-00 00:00:00'),
(759, 'IDANRE', 'SC/759/OD', 29, '0000-00-00 00:00:00', '0000-00-00 00:00:00'),
(760, 'IFEDORE', 'SC/760/OD', 29, '0000-00-00 00:00:00', '0000-00-00 00:00:00'),
(761, 'ILAJE I', 'SC/761/OD', 29, '0000-00-00 00:00:00', '0000-00-00 00:00:00'),
(762, 'ILAJE II', 'SC/762OD', 29, '0000-00-00 00:00:00', '0000-00-00 00:00:00'),
(763, 'ILEOLUJI/OKEIGBO', 'SC/763/OD', 29, '0000-00-00 00:00:00', '0000-00-00 00:00:00'),
(764, 'IRELE', 'SC/764/OD', 29, '0000-00-00 00:00:00', '0000-00-00 00:00:00'),
(765, 'ODIGBO I', 'SC/765/OD', 29, '0000-00-00 00:00:00', '0000-00-00 00:00:00'),
(766, 'ODIGBO II', 'SC/766/OD', 29, '0000-00-00 00:00:00', '0000-00-00 00:00:00'),
(767, 'OKITIPUPA I', 'SC/767/OD', 29, '0000-00-00 00:00:00', '0000-00-00 00:00:00'),
(768, 'OKITIPUPA II', 'SC/768/OD', 29, '0000-00-00 00:00:00', '0000-00-00 00:00:00'),
(769, 'ONDO EAST', 'SC/769/OD', 29, '0000-00-00 00:00:00', '0000-00-00 00:00:00'),
(770, 'ONDO WEST I', 'SC/770/OD', 29, '0000-00-00 00:00:00', '0000-00-00 00:00:00'),
(771, 'ONDO WEST II', 'SC/771/OD', 29, '0000-00-00 00:00:00', '0000-00-00 00:00:00'),
(772, 'ESE', 'SC/772/OD', 29, '0000-00-00 00:00:00', '0000-00-00 00:00:00'),
(773, 'OWO I', 'SC/773/OD', 29, '0000-00-00 00:00:00', '0000-00-00 00:00:00'),
(774, 'OWO II', 'SC/774/OD', 29, '0000-00-00 00:00:00', '0000-00-00 00:00:00'),
(775, 'BORIPE/BOLUWA-DURO', 'SC/775/OS', 30, '0000-00-00 00:00:00', '0000-00-00 00:00:00'),
(776, 'IFELODUN', 'SC/776/OS', 30, '0000-00-00 00:00:00', '0000-00-00 00:00:00'),
(777, 'ILA', 'SC/777/OS', 30, '0000-00-00 00:00:00', '0000-00-00 00:00:00'),
(778, 'IFEDAYO', 'SC/778/OS', 30, '0000-00-00 00:00:00', '0000-00-00 00:00:00'),
(779, 'IREPODUN/ORULU', 'SC/779/OS', 30, '0000-00-00 00:00:00', '0000-00-00 00:00:00'),
(780, 'ODO-OTIN', 'SC/780/OS', 30, '0000-00-00 00:00:00', '0000-00-00 00:00:00'),
(781, 'OLORUNDA', 'SC/781/OS', 30, '0000-00-00 00:00:00', '0000-00-00 00:00:00'),
(782, 'OSOGBO', 'SC/782/OS', 30, '0000-00-00 00:00:00', '0000-00-00 00:00:00'),
(783, 'ATAKUNMOSA EAST AND WEST', 'SC/783/OS', 30, '0000-00-00 00:00:00', '0000-00-00 00:00:00'),
(784, 'IFE CENTRAL', 'SC/784/OS', 30, '0000-00-00 00:00:00', '0000-00-00 00:00:00'),
(785, 'IFE EAST', 'SC/785/OS', 30, '0000-00-00 00:00:00', '0000-00-00 00:00:00'),
(786, 'IFE NORTH', 'SC/786/OS', 30, '0000-00-00 00:00:00', '0000-00-00 00:00:00'),
(787, 'IFE SOUTH', 'SC/787/OS', 30, '0000-00-00 00:00:00', '0000-00-00 00:00:00'),
(788, 'ILESA EAST', 'SC/788/OS', 30, '0000-00-00 00:00:00', '0000-00-00 00:00:00'),
(789, 'ILESA WEST', 'SC/789/OS', 30, '0000-00-00 00:00:00', '0000-00-00 00:00:00'),
(790, 'OBOKUN', 'SC/790/OS', 30, '0000-00-00 00:00:00', '0000-00-00 00:00:00'),
(791, 'ORIADE', 'SC/791/OS', 30, '0000-00-00 00:00:00', '0000-00-00 00:00:00'),
(792, 'AYEDADE', 'SC/792/OS', 30, '0000-00-00 00:00:00', '0000-00-00 00:00:00'),
(793, 'AYEDIRE', 'SC/793/OS', 30, '0000-00-00 00:00:00', '0000-00-00 00:00:00'),
(794, 'EDE NORTH', 'SC/794/OS', 30, '0000-00-00 00:00:00', '0000-00-00 00:00:00'),
(795, 'EDE SOUTH', 'SC/795/OS', 30, '0000-00-00 00:00:00', '0000-00-00 00:00:00'),
(796, 'EGBEDORE', 'SC/796/OS', 30, '0000-00-00 00:00:00', '0000-00-00 00:00:00'),
(797, 'IREWOLE/ISOKAN', 'SC/797/OS', 30, '0000-00-00 00:00:00', '0000-00-00 00:00:00'),
(798, 'IWO', 'SC/798/OS', 30, '0000-00-00 00:00:00', '0000-00-00 00:00:00'),
(799, 'OLA-OLUWA', 'SC/799/OS', 30, '0000-00-00 00:00:00', '0000-00-00 00:00:00'),
(800, 'EJIGBO', 'SC/800/OS', 30, '0000-00-00 00:00:00', '0000-00-00 00:00:00'),
(801, 'AFIJIO', 'SC/801/OY', 31, '0000-00-00 00:00:00', '0000-00-00 00:00:00'),
(802, 'AKINYELE I', 'SC/802/OY', 31, '0000-00-00 00:00:00', '0000-00-00 00:00:00'),
(803, 'AKINYELE II', 'SC/803/OY', 31, '0000-00-00 00:00:00', '0000-00-00 00:00:00'),
(804, 'SAKI WEST', 'SC/804/OY', 31, '0000-00-00 00:00:00', '0000-00-00 00:00:00'),
(805, 'IBADAN NORTH WEST', 'SC/805/OY', 31, '0000-00-00 00:00:00', '0000-00-00 00:00:00'),
(806, 'EGBEDA', 'SC/806/OY', 31, '0000-00-00 00:00:00', '0000-00-00 00:00:00'),
(807, 'IBADAN NORTH I', 'SC/807/OY', 31, '0000-00-00 00:00:00', '0000-00-00 00:00:00'),
(808, 'IBADAN NORTH II', 'SC/808/OY', 31, '0000-00-00 00:00:00', '0000-00-00 00:00:00'),
(809, 'IBADAN NORTH EAST I', 'SC/809/OY', 31, '0000-00-00 00:00:00', '0000-00-00 00:00:00'),
(810, 'IBADAN NORTH-EAST II', 'SC/810/OY', 31, '0000-00-00 00:00:00', '0000-00-00 00:00:00'),
(811, 'IBADAN SOUTH-EAST I', 'SC/811/OY', 31, '0000-00-00 00:00:00', '0000-00-00 00:00:00'),
(812, 'IBADAN SOUTH-EAST II', 'SC/812/OY', 31, '0000-00-00 00:00:00', '0000-00-00 00:00:00'),
(813, 'IBADAN SOUTH-WEST I', 'SC/813/OY', 31, '0000-00-00 00:00:00', '0000-00-00 00:00:00'),
(814, 'IBADAN SOUTH WEST II', 'SC/814/OY', 31, '0000-00-00 00:00:00', '0000-00-00 00:00:00'),
(815, 'IBARAPA NORTH & IBARAPA CENTRAL', 'SC/815/OY', 31, '0000-00-00 00:00:00', '0000-00-00 00:00:00'),
(816, 'IBARAPA EAST', 'SC/816/OY', 31, '0000-00-00 00:00:00', '0000-00-00 00:00:00'),
(817, 'IDO', 'SC/817/OY', 31, '0000-00-00 00:00:00', '0000-00-00 00:00:00'),
(818, 'SAKI EAST AND ATISBO', 'SC/818/OY', 31, '0000-00-00 00:00:00', '0000-00-00 00:00:00'),
(819, ' IREPO & OLORUNSOGO', 'SC/819/OY', 31, '0000-00-00 00:00:00', '0000-00-00 00:00:00'),
(820, 'ISEYIN AND ITESIWAJU', 'SC/820/OY', 31, '0000-00-00 00:00:00', '0000-00-00 00:00:00'),
(821, 'KAJOLA', 'SC/821/OY', 31, '0000-00-00 00:00:00', '0000-00-00 00:00:00'),
(822, 'IWAJOWA', 'SC/822/OY', 31, '0000-00-00 00:00:00', '0000-00-00 00:00:00'),
(823, 'LAGELU', 'SC/823/OY', 31, '0000-00-00 00:00:00', '0000-00-00 00:00:00'),
(824, 'OGBOMOSO NORTH', 'SC/824/OY', 31, '0000-00-00 00:00:00', '0000-00-00 00:00:00'),
(825, 'OGBOMOSO SOUTH', 'SC/825/OY', 31, '0000-00-00 00:00:00', '0000-00-00 00:00:00'),
(826, 'OLUYOLE', 'SC/826/OY', 31, '0000-00-00 00:00:00', '0000-00-00 00:00:00'),
(827, 'ONA-ARA', 'SC/827/OY', 31, '0000-00-00 00:00:00', '0000-00-00 00:00:00'),
(828, 'OORELOPE', 'SC/828/OY', 31, '0000-00-00 00:00:00', '0000-00-00 00:00:00'),
(829, 'ORIIRE', 'SC/829/OY', 31, '0000-00-00 00:00:00', '0000-00-00 00:00:00'),
(830, 'ATIBA', 'SC/830/OY', 31, '0000-00-00 00:00:00', '0000-00-00 00:00:00'),
(831, 'OYO WEST & OYO EAST', 'SC/831/OY', 31, '0000-00-00 00:00:00', '0000-00-00 00:00:00'),
(832, 'OGO-OLUWA AND SURULERE', 'SC/832/OY', 31, '0000-00-00 00:00:00', '0000-00-00 00:00:00'),
(833, 'BARKIN LADI', 'SC/833/PL', 32, '0000-00-00 00:00:00', '0000-00-00 00:00:00'),
(834, 'PENGANA', 'SC/834/PL', 32, '0000-00-00 00:00:00', '0000-00-00 00:00:00'),
(835, 'RUKUBA/IRIGWE', 'SC/835/PL', 32, '0000-00-00 00:00:00', '0000-00-00 00:00:00'),
(836, 'BOKKOS', 'SC/836/PL', 32, '0000-00-00 00:00:00', '0000-00-00 00:00:00'),
(837, 'JOS EAST', 'SC/837/PL', 32, '0000-00-00 00:00:00', '0000-00-00 00:00:00'),
(838, 'JOS NORTH', 'SC/838/PL', 32, '0000-00-00 00:00:00', '0000-00-00 00:00:00'),
(839, 'JOS WEST', 'SC/839/PL', 32, '0000-00-00 00:00:00', '0000-00-00 00:00:00'),
(840, 'JOS SOUTH', 'SC/840/PL', 32, '0000-00-00 00:00:00', '0000-00-00 00:00:00'),
(841, 'KANKE', 'SC/841/PL', 32, '0000-00-00 00:00:00', '0000-00-00 00:00:00'),
(842, 'PANKSHIN NORTH', 'SC/842/PL', 32, '0000-00-00 00:00:00', '0000-00-00 00:00:00'),
(843, 'PANKSHIN SOUTH', 'SC/843/PL', 32, '0000-00-00 00:00:00', '0000-00-00 00:00:00'),
(844, 'KANAM', 'SC/844/PL', 32, '0000-00-00 00:00:00', '0000-00-00 00:00:00'),
(845, 'KANTANA', 'SC/845/PL', 32, '0000-00-00 00:00:00', '0000-00-00 00:00:00'),
(846, 'LANGTANG NORTH', 'SC/846/PL', 32, '0000-00-00 00:00:00', '0000-00-00 00:00:00'),
(847, 'LANGTANG CENTRAL', 'SC/847/PL', 32, '0000-00-00 00:00:00', '0000-00-00 00:00:00'),
(848, 'LANGTANG SOUTH (MABUDI)', 'SC/848/PL', 32, '0000-00-00 00:00:00', '0000-00-00 00:00:00'),
(849, 'MANGU SOUTH', 'SC/849/PL', 32, '0000-00-00 00:00:00', '0000-00-00 00:00:00'),
(850, 'MANGU NORTH', 'SC/850/PL', 32, '0000-00-00 00:00:00', '0000-00-00 00:00:00'),
(851, 'MIKANG', 'SC/851/PL', 32, '0000-00-00 00:00:00', '0000-00-00 00:00:00'),
(852, 'QUA’AN PAN NORTH', 'SC/852/PL', 32, '0000-00-00 00:00:00', '0000-00-00 00:00:00'),
(853, 'QUA’AN PAN SOUTH', 'SC/853/PL', 32, '0000-00-00 00:00:00', '0000-00-00 00:00:00'),
(854, 'RIYOM', 'SC/854/PL', 32, '0000-00-00 00:00:00', '0000-00-00 00:00:00'),
(855, 'SHENDAM', 'SC/855/PL', 32, '0000-00-00 00:00:00', '0000-00-00 00:00:00'),
(856, 'WASE', 'SC/856/PL', 32, '0000-00-00 00:00:00', '0000-00-00 00:00:00'),
(857, 'ABUA/ODUAL', 'SC/857/RV', 33, '0000-00-00 00:00:00', '0000-00-00 00:00:00'),
(858, 'AHOADA EAST I', 'SC/858/RV', 33, '0000-00-00 00:00:00', '0000-00-00 00:00:00'),
(859, 'AHOADA EAST II', 'SC/859/RV', 33, '0000-00-00 00:00:00', '0000-00-00 00:00:00'),
(860, 'AHOADA WEST', 'SC/860/RV', 33, '0000-00-00 00:00:00', '0000-00-00 00:00:00'),
(861, 'AKUKU-TORU I', 'SC/861/RV', 33, '0000-00-00 00:00:00', '0000-00-00 00:00:00'),
(862, 'AKUKU-TORU II', 'SC/862/RV', 33, '0000-00-00 00:00:00', '0000-00-00 00:00:00'),
(863, 'ANDONI I', 'SC/863/RV', 33, '0000-00-00 00:00:00', '0000-00-00 00:00:00'),
(864, 'ASARI-TORU I', 'SC/864/RV', 33, '0000-00-00 00:00:00', '0000-00-00 00:00:00'),
(865, 'ASARI-TORU II', 'SC/865/RV', 33, '0000-00-00 00:00:00', '0000-00-00 00:00:00'),
(866, 'BONNY', 'SC/866/RV', 33, '0000-00-00 00:00:00', '0000-00-00 00:00:00'),
(867, 'DEGEMA', 'SC/867/RV', 33, '0000-00-00 00:00:00', '0000-00-00 00:00:00'),
(868, 'EMOHUA', 'SC/868/RV', 33, '0000-00-00 00:00:00', '0000-00-00 00:00:00'),
(869, 'ELEME', 'SC/869/RV', 33, '0000-00-00 00:00:00', '0000-00-00 00:00:00'),
(870, 'ETCHE I', 'SC/870/RV', 33, '0000-00-00 00:00:00', '0000-00-00 00:00:00'),
(871, 'ETCHE II', 'SC/871/RV', 33, '0000-00-00 00:00:00', '0000-00-00 00:00:00'),
(872, 'GOKANA', 'SC/872/RV', 33, '0000-00-00 00:00:00', '0000-00-00 00:00:00'),
(873, 'IKWERE I', 'SC/873/RV', 33, '0000-00-00 00:00:00', '0000-00-00 00:00:00'),
(874, 'KHANA I', 'SC/874/RV', 33, '0000-00-00 00:00:00', '0000-00-00 00:00:00'),
(875, 'KHANA II', 'SC/875/RV', 33, '0000-00-00 00:00:00', '0000-00-00 00:00:00'),
(876, 'OBIO/AKPOR I', 'SC/876/RV', 33, '0000-00-00 00:00:00', '0000-00-00 00:00:00'),
(877, 'OBIO/AKPOR II', 'SC/877/RV', 33, '0000-00-00 00:00:00', '0000-00-00 00:00:00'),
(878, '(OGBA/EGBEMA/NDONI) ONELGA I', 'SC/878/RV', 33, '0000-00-00 00:00:00', '0000-00-00 00:00:00'),
(879, 'ONELGA II', 'SC/879/RV', 33, '0000-00-00 00:00:00', '0000-00-00 00:00:00'),
(880, 'OGU/BOLO', 'SC/880/RV', 33, '0000-00-00 00:00:00', '0000-00-00 00:00:00'),
(881, 'OKRIKA', 'SC/881/RV', 33, '0000-00-00 00:00:00', '0000-00-00 00:00:00'),
(882, 'OMUMA', 'SC/882/RV', 33, '0000-00-00 00:00:00', '0000-00-00 00:00:00'),
(883, 'OPOBO/NKORO', 'SC/883/RV', 33, '0000-00-00 00:00:00', '0000-00-00 00:00:00'),
(884, 'OYIGBO', 'SC/884/RV', 33, '0000-00-00 00:00:00', '0000-00-00 00:00:00'),
(885, 'PORT-HARCOURT I', 'SC/885/RV', 33, '0000-00-00 00:00:00', '0000-00-00 00:00:00'),
(886, 'PORT-HARCOURT II', 'SC/886/RV', 33, '0000-00-00 00:00:00', '0000-00-00 00:00:00'),
(887, 'PORT-HARCOURT III', 'SC/887/RV', 33, '0000-00-00 00:00:00', '0000-00-00 00:00:00'),
(888, 'TAI', 'SC/888/RV', 33, '0000-00-00 00:00:00', '0000-00-00 00:00:00'),
(889, 'BINJI', 'SC/889/SO', 34, '0000-00-00 00:00:00', '0000-00-00 00:00:00'),
(890, 'BODINGA NORTH', 'SC/890/SO', 34, '0000-00-00 00:00:00', '0000-00-00 00:00:00'),
(891, 'BODINGA SOUTH', 'SC/891/SO', 34, '0000-00-00 00:00:00', '0000-00-00 00:00:00'),
(892, 'DANGE SHUNI', 'SC/892/SO', 34, '0000-00-00 00:00:00', '0000-00-00 00:00:00'),
(893, 'GADA EAST', 'SC/893/SO', 34, '0000-00-00 00:00:00', '0000-00-00 00:00:00'),
(894, 'GADA WEST', 'SC/894/SO', 34, '0000-00-00 00:00:00', '0000-00-00 00:00:00'),
(895, 'GORONYO', 'SC/895/SO', 34, '0000-00-00 00:00:00', '0000-00-00 00:00:00'),
(896, 'GUDU', 'SC/896/SO', 34, '0000-00-00 00:00:00', '0000-00-00 00:00:00'),
(897, 'GWADABAWA NORTH', 'SC/897/SO', 34, '0000-00-00 00:00:00', '0000-00-00 00:00:00'),
(898, 'GWADABAWA SOUTH', 'SC/898/SO', 34, '0000-00-00 00:00:00', '0000-00-00 00:00:00'),
(899, 'ILLELA', 'SC/899/SO', 34, '0000-00-00 00:00:00', '0000-00-00 00:00:00'),
(900, 'ISA', 'SC/900/SO', 34, '0000-00-00 00:00:00', '0000-00-00 00:00:00'),
(901, 'KWARE', 'SC/901/SO', 34, '0000-00-00 00:00:00', '0000-00-00 00:00:00'),
(902, 'KEBBE', 'SC/902/SO', 34, '0000-00-00 00:00:00', '0000-00-00 00:00:00'),
(903, 'RABAH', 'SC/903/SO', 34, '0000-00-00 00:00:00', '0000-00-00 00:00:00'),
(904, 'SABON BIRIN NORTH', 'SC/904/SO', 34, '0000-00-00 00:00:00', '0000-00-00 00:00:00'),
(905, 'SABON BIRIN SOUTH', 'SC/905/SO', 34, '0000-00-00 00:00:00', '0000-00-00 00:00:00'),
(906, 'SHAGARI', 'SC/906/SO', 34, '0000-00-00 00:00:00', '0000-00-00 00:00:00'),
(907, 'SILAME', 'SC/907/SO', 34, '0000-00-00 00:00:00', '0000-00-00 00:00:00'),
(908, 'SOKOTO NORTH', 'SC/908/SO', 34, '0000-00-00 00:00:00', '0000-00-00 00:00:00'),
(909, 'SOKOTO NORTH II', 'SC/909/SO', 34, '0000-00-00 00:00:00', '0000-00-00 00:00:00'),
(910, 'SOKOTO SOUTH I', 'SC/910/SO', 34, '0000-00-00 00:00:00', '0000-00-00 00:00:00'),
(911, 'SOKOTO SOUTH II', 'SC/911/SO', 34, '0000-00-00 00:00:00', '0000-00-00 00:00:00'),
(912, 'TAMBUWAL WEST', 'SC/912/SO', 34, '0000-00-00 00:00:00', '0000-00-00 00:00:00'),
(913, 'TAMBUWAL EAST', 'SC/913/SO', 34, '0000-00-00 00:00:00', '0000-00-00 00:00:00'),
(914, 'TANGAZA', 'SC/914/SO', 34, '0000-00-00 00:00:00', '0000-00-00 00:00:00'),
(915, 'TURETA', 'SC/915/SO', 34, '0000-00-00 00:00:00', '0000-00-00 00:00:00'),
(916, 'WAMAKKO', 'SC/916/SO', 34, '0000-00-00 00:00:00', '0000-00-00 00:00:00'),
(917, 'WURNO', 'SC/917/SO', 34, '0000-00-00 00:00:00', '0000-00-00 00:00:00'),
(918, 'YABO', 'SC/918/SO', 34, '0000-00-00 00:00:00', '0000-00-00 00:00:00'),
(919, 'BALI I', 'SC/919/TR', 35, '0000-00-00 00:00:00', '0000-00-00 00:00:00'),
(920, 'BALI II', 'SC/920/TR', 35, '0000-00-00 00:00:00', '0000-00-00 00:00:00'),
(921, 'GASSOL I', 'SC/921/TR', 35, '0000-00-00 00:00:00', '0000-00-00 00:00:00'),
(922, 'GASSOL II', 'SC/922/TR', 35, '0000-00-00 00:00:00', '0000-00-00 00:00:00'),
(923, 'JALINGO I', 'SC/923/TR', 35, '0000-00-00 00:00:00', '0000-00-00 00:00:00'),
(924, 'JALINGO II', 'SC/924/TR', 35, '0000-00-00 00:00:00', '0000-00-00 00:00:00'),
(925, 'ARDO-KOLA', 'SC/925/TR', 35, '0000-00-00 00:00:00', '0000-00-00 00:00:00'),
(926, 'TAKUM I', 'SC/926/TR', 35, '0000-00-00 00:00:00', '0000-00-00 00:00:00'),
(927, 'KASHIMBILA', 'SC/927/TR', 35, '0000-00-00 00:00:00', '0000-00-00 00:00:00'),
(928, 'USSA/LIKAM', 'SC/928/TR', 35, '0000-00-00 00:00:00', '0000-00-00 00:00:00'),
(929, 'GEMBU', 'SC/929/TR', 35, '0000-00-00 00:00:00', '0000-00-00 00:00:00'),
(930, 'NGUROJE', 'SC/930/TR', 35, '0000-00-00 00:00:00', '0000-00-00 00:00:00'),
(931, 'MBAMNGA', 'SC/931/TR', 35, '0000-00-00 00:00:00', '0000-00-00 00:00:00'),
(932, 'BAISSA', 'SC/932/TR', 35, '0000-00-00 00:00:00', '0000-00-00 00:00:00'),
(933, 'ZING', 'SC/933/TR', 35, '0000-00-00 00:00:00', '0000-00-00 00:00:00'),
(934, 'KARIM LAMIDO I', 'SC/934/TR', 35, '0000-00-00 00:00:00', '0000-00-00 00:00:00'),
(935, 'KARIM LAMIDO II', 'SC/935/TR', 35, '0000-00-00 00:00:00', '0000-00-00 00:00:00'),
(936, 'WUKARI I', 'SC/936/TR', 35, '0000-00-00 00:00:00', '0000-00-00 00:00:00'),
(937, 'WUKARI II', 'SC/937/TR', 35, '0000-00-00 00:00:00', '0000-00-00 00:00:00'),
(938, 'IBI', 'SC/938/TR', 35, '0000-00-00 00:00:00', '0000-00-00 00:00:00'),
(939, 'DONDA', 'SC/939/TR', 35, '0000-00-00 00:00:00', '0000-00-00 00:00:00'),
(940, 'GASHAKA', 'SC/940/TR', 35, '0000-00-00 00:00:00', '0000-00-00 00:00:00'),
(941, 'LAU', 'SC/941/TR', 35, '0000-00-00 00:00:00', '0000-00-00 00:00:00'),
(942, 'YORRO', 'SC/942/TR', 35, '0000-00-00 00:00:00', '0000-00-00 00:00:00'),
(943, 'BADE EAST', 'SC/943/YB', 36, '0000-00-00 00:00:00', '0000-00-00 00:00:00'),
(944, 'BADE WEST', 'SC/944/YB', 36, '0000-00-00 00:00:00', '0000-00-00 00:00:00'),
(945, 'BURSARI', 'SC/945/YB', 36, '0000-00-00 00:00:00', '0000-00-00 00:00:00'),
(946, 'DAMATURU I', 'SC/946/YB', 36, '0000-00-00 00:00:00', '0000-00-00 00:00:00'),
(947, 'DAMATURU II', 'SC/947/YB', 36, '0000-00-00 00:00:00', '0000-00-00 00:00:00'),
(948, 'FIKA/NGALDA', 'SC/948/YB', 36, '0000-00-00 00:00:00', '0000-00-00 00:00:00'),
(949, 'GOYA/NGEJI', 'SC/949/YB', 36, '0000-00-00 00:00:00', '0000-00-00 00:00:00'),
(950, 'DAMAGUM', 'SC/950/YB', 36, '0000-00-00 00:00:00', '0000-00-00 00:00:00'),
(951, 'JAJERE', 'SC/951/YB', 36, '0000-00-00 00:00:00', '0000-00-00 00:00:00'),
(952, 'GEIDAM SOUTH', 'SC/952/YB', 36, '0000-00-00 00:00:00', '0000-00-00 00:00:00'),
(953, 'GEIDAM NORTH', 'SC/953/YB ', 36, '0000-00-00 00:00:00', '0000-00-00 00:00:00'),
(954, 'GUJBA', 'SC/954/YB', 36, '0000-00-00 00:00:00', '0000-00-00 00:00:00'),
(955, 'GULANI', 'SC/955/YB', 36, '0000-00-00 00:00:00', '0000-00-00 00:00:00'),
(956, 'JAKUSKO', 'SC/956/YB', 36, '0000-00-00 00:00:00', '0000-00-00 00:00:00'),
(957, 'KARASUWA', 'SC/957/YB', 36, '0000-00-00 00:00:00', '0000-00-00 00:00:00'),
(958, 'MACHINA', 'SC/958/YB', 36, '0000-00-00 00:00:00', '0000-00-00 00:00:00'),
(959, 'NANGERE', 'SC/959/YB', 36, '0000-00-00 00:00:00', '0000-00-00 00:00:00'),
(960, 'NGURU I', 'SC/960/YB', 36, '0000-00-00 00:00:00', '0000-00-00 00:00:00'),
(961, 'NGURU II', 'SC/961/YB', 36, '0000-00-00 00:00:00', '0000-00-00 00:00:00'),
(962, 'POTISKUM TOWN', 'SC/962/YB', 36, '0000-00-00 00:00:00', '0000-00-00 00:00:00'),
(963, 'MAMUDO', 'SC/963/YB', 36, '0000-00-00 00:00:00', '0000-00-00 00:00:00'),
(964, 'TARMUWA', 'SC/964/YB', 36, '0000-00-00 00:00:00', '0000-00-00 00:00:00'),
(965, 'YUNUSARI', 'SC/965/YB', 36, '0000-00-00 00:00:00', '0000-00-00 00:00:00'),
(966, 'YUNUFARI', 'SC/966/YB', 36, '0000-00-00 00:00:00', '0000-00-00 00:00:00'),
(967, 'K/NAMODA NORTH', 'SC/967/ZF', 37, '0000-00-00 00:00:00', '0000-00-00 00:00:00'),
(968, 'K/NAMODA SOUTH', 'SC/968/ZF', 37, '0000-00-00 00:00:00', '0000-00-00 00:00:00'),
(969, 'BIRNIN MAGAJI', 'SC/969/ZF', 37, '0000-00-00 00:00:00', '0000-00-00 00:00:00'),
(970, 'ZURMI EAST', 'SC/970/ZF', 37, '0000-00-00 00:00:00', '0000-00-00 00:00:00'),
(971, 'ZURMI WEST', 'SC/971/ZF', 37, '0000-00-00 00:00:00', '0000-00-00 00:00:00'),
(972, 'SHINKAFI', 'SC/972/ZF', 37, '0000-00-00 00:00:00', '0000-00-00 00:00:00'),
(973, 'TSAFE EAST', 'SC/973/ZF', 37, '0000-00-00 00:00:00', '0000-00-00 00:00:00'),
(974, 'TSAFE WEST', 'SC/974/ZF', 37, '0000-00-00 00:00:00', '0000-00-00 00:00:00'),
(975, 'GUSAU I', 'SC/975/ZF', 37, '0000-00-00 00:00:00', '0000-00-00 00:00:00'),
(976, 'GUSAU II', 'SC/976/ZF', 37, '0000-00-00 00:00:00', '0000-00-00 00:00:00'),
(977, 'BUNGUDU EAST', 'SC/977/ZF ', 37, '0000-00-00 00:00:00', '0000-00-00 00:00:00'),
(978, 'BUNGUDU WEST', 'SC/978/ZF', 37, '0000-00-00 00:00:00', '0000-00-00 00:00:00'),
(979, 'MARU NORTH', 'SC/979/ZF', 37, '0000-00-00 00:00:00', '0000-00-00 00:00:00'),
(980, 'MARU SOUTH', 'SC/980/ZF', 37, '0000-00-00 00:00:00', '0000-00-00 00:00:00'),
(981, 'ANKA', 'SC/981/ZF', 37, '0000-00-00 00:00:00', '0000-00-00 00:00:00'),
(982, 'T/MAFARA NORTH', 'SC/982/ZF', 37, '0000-00-00 00:00:00', '0000-00-00 00:00:00'),
(983, 'T/MAFARA SOUTH', 'SC/983/ZF', 37, '0000-00-00 00:00:00', '0000-00-00 00:00:00'),
(984, 'BAKURA', 'SC/984/ZF', 37, '0000-00-00 00:00:00', '0000-00-00 00:00:00'),
(985, 'MARADUN I', 'SC/985/ZF', 37, '0000-00-00 00:00:00', '0000-00-00 00:00:00'),
(986, 'MARADUN II', 'SC/986/ZF', 37, '0000-00-00 00:00:00', '0000-00-00 00:00:00'),
(987, 'GUMMI I', 'SC/987/ZF', 37, '0000-00-00 00:00:00', '0000-00-00 00:00:00'),
(988, 'GUMMI II', 'SC/988/ZF', 37, '0000-00-00 00:00:00', '0000-00-00 00:00:00'),
(989, 'BUKKUYUM NORTH', 'SC/989/ZF', 37, '0000-00-00 00:00:00', '0000-00-00 00:00:00'),
(990, 'BUKKUYUM SOUTH', 'SC/990/ZF', 37, '0000-00-00 00:00:00', '0000-00-00 00:00:00');

-- --------------------------------------------------------

--
-- Table structure for table `state_representatives`
--

CREATE TABLE IF NOT EXISTS `state_representatives` (
  `state_rep_id` int(10) unsigned NOT NULL AUTO_INCREMENT,
  `rank_id` int(10) unsigned NOT NULL,
  `state_constituency_id` int(10) unsigned NOT NULL,
  `house_id` int(10) unsigned NOT NULL,
  `user_id` int(10) unsigned NOT NULL,
  `created_at` timestamp NOT NULL DEFAULT '0000-00-00 00:00:00',
  `updated_at` timestamp NOT NULL DEFAULT '0000-00-00 00:00:00',
  PRIMARY KEY (`state_rep_id`),
  KEY `state_representatives_rank_id_index` (`rank_id`),
  KEY `state_representatives_state_constituency_id_index` (`state_constituency_id`),
  KEY `state_representatives_state_rep_house_id_index` (`house_id`),
  KEY `state_representatives_user_id_index` (`user_id`)
) ENGINE=InnoDB  DEFAULT CHARSET=utf8 COLLATE=utf8_unicode_ci AUTO_INCREMENT=2 ;

--
-- Dumping data for table `state_representatives`
--

INSERT INTO `state_representatives` (`state_rep_id`, `rank_id`, `state_constituency_id`, `house_id`, `user_id`, `created_at`, `updated_at`) VALUES
(1, 24, 615, 11, 548, '2015-10-27 16:27:12', '2015-10-27 16:27:12');

-- --------------------------------------------------------

--
-- Table structure for table `states`
--

CREATE TABLE IF NOT EXISTS `states` (
  `state_id` int(10) unsigned NOT NULL AUTO_INCREMENT,
  `state` varchar(255) COLLATE utf8_unicode_ci NOT NULL,
  `state_code` varchar(10) COLLATE utf8_unicode_ci NOT NULL,
  `created_at` timestamp NOT NULL DEFAULT '0000-00-00 00:00:00',
  `updated_at` timestamp NOT NULL DEFAULT '0000-00-00 00:00:00',
  PRIMARY KEY (`state_id`)
) ENGINE=InnoDB  DEFAULT CHARSET=utf8 COLLATE=utf8_unicode_ci AUTO_INCREMENT=38 ;

--
-- Dumping data for table `states`
--

INSERT INTO `states` (`state_id`, `state`, `state_code`, `created_at`, `updated_at`) VALUES
(1, 'Abia', 'AB', '0000-00-00 00:00:00', '0000-00-00 00:00:00'),
(2, 'Adamawa', 'AD', '0000-00-00 00:00:00', '0000-00-00 00:00:00'),
(3, 'Akwa Ibom', 'AK', '0000-00-00 00:00:00', '0000-00-00 00:00:00'),
(4, 'Anambra', 'AN', '0000-00-00 00:00:00', '0000-00-00 00:00:00'),
(5, 'Bauchi', 'BA', '0000-00-00 00:00:00', '0000-00-00 00:00:00'),
(6, 'Bayelsa', 'BY', '0000-00-00 00:00:00', '0000-00-00 00:00:00'),
(7, 'Benue', 'BN', '0000-00-00 00:00:00', '0000-00-00 00:00:00'),
(8, 'Borno', 'BO', '0000-00-00 00:00:00', '0000-00-00 00:00:00'),
(9, 'Cross River', 'CR', '0000-00-00 00:00:00', '0000-00-00 00:00:00'),
(10, 'Delta', 'DT', '0000-00-00 00:00:00', '0000-00-00 00:00:00'),
(11, 'Ebonyi', 'EB', '0000-00-00 00:00:00', '0000-00-00 00:00:00'),
(12, 'Edo', 'ED', '0000-00-00 00:00:00', '0000-00-00 00:00:00'),
(13, 'Ekiti', 'EK', '0000-00-00 00:00:00', '0000-00-00 00:00:00'),
(14, 'Enugu', 'EN', '0000-00-00 00:00:00', '0000-00-00 00:00:00'),
(15, 'FCT', 'FCT', '0000-00-00 00:00:00', '0000-00-00 00:00:00'),
(16, 'Gombe', 'GM', '0000-00-00 00:00:00', '0000-00-00 00:00:00'),
(17, 'Imo', 'IM', '0000-00-00 00:00:00', '0000-00-00 00:00:00'),
(18, 'Jigawa', 'JG', '0000-00-00 00:00:00', '0000-00-00 00:00:00'),
(19, 'Kaduna', 'KD', '0000-00-00 00:00:00', '0000-00-00 00:00:00'),
(20, 'Kano', 'KN', '0000-00-00 00:00:00', '0000-00-00 00:00:00'),
(21, 'Katsina', 'KT', '0000-00-00 00:00:00', '0000-00-00 00:00:00'),
(22, 'Kebbi', 'KB', '0000-00-00 00:00:00', '0000-00-00 00:00:00'),
(23, 'Kogi', 'KG', '0000-00-00 00:00:00', '0000-00-00 00:00:00'),
(24, 'Kwara', 'KW', '0000-00-00 00:00:00', '0000-00-00 00:00:00'),
(25, 'Lagos', 'LA', '0000-00-00 00:00:00', '0000-00-00 00:00:00'),
(26, 'Nasarawa', 'NW', '0000-00-00 00:00:00', '0000-00-00 00:00:00'),
(27, 'Niger', 'NG', '0000-00-00 00:00:00', '0000-00-00 00:00:00'),
(28, 'Ogun', 'OG', '0000-00-00 00:00:00', '0000-00-00 00:00:00'),
(29, 'Ondo', 'OD', '0000-00-00 00:00:00', '0000-00-00 00:00:00'),
(30, 'Osun', 'OS', '0000-00-00 00:00:00', '0000-00-00 00:00:00'),
(31, 'Oyo', 'OY', '0000-00-00 00:00:00', '0000-00-00 00:00:00'),
(32, 'Plateau', 'PL', '0000-00-00 00:00:00', '0000-00-00 00:00:00'),
(33, 'Rivers', 'RV', '0000-00-00 00:00:00', '0000-00-00 00:00:00'),
(34, 'Sokoto', 'SO', '0000-00-00 00:00:00', '0000-00-00 00:00:00'),
(35, 'Taraba', 'TR', '0000-00-00 00:00:00', '0000-00-00 00:00:00'),
(36, 'Yobe', 'YB', '0000-00-00 00:00:00', '0000-00-00 00:00:00'),
(37, 'Zamfara', 'ZF', '0000-00-00 00:00:00', '0000-00-00 00:00:00');

-- --------------------------------------------------------

--
-- Table structure for table `sub_menu_items`
--

CREATE TABLE IF NOT EXISTS `sub_menu_items` (
  `sub_menu_item_id` int(10) unsigned NOT NULL AUTO_INCREMENT,
  `sub_menu_item` varchar(150) COLLATE utf8_unicode_ci NOT NULL,
  `sub_menu_item_url` varchar(150) COLLATE utf8_unicode_ci NOT NULL,
  `sub_menu_item_icon` varchar(100) COLLATE utf8_unicode_ci NOT NULL,
  `active` int(10) unsigned NOT NULL DEFAULT '1',
  `sequence` varchar(255) COLLATE utf8_unicode_ci NOT NULL,
  `menu_item_id` int(10) unsigned NOT NULL,
  `created_at` timestamp NOT NULL DEFAULT '0000-00-00 00:00:00',
  `updated_at` timestamp NOT NULL DEFAULT '0000-00-00 00:00:00',
  PRIMARY KEY (`sub_menu_item_id`),
  KEY `sub_menu_items_menu_item_id_index` (`menu_item_id`)
) ENGINE=InnoDB  DEFAULT CHARSET=utf8 COLLATE=utf8_unicode_ci AUTO_INCREMENT=45 ;

--
-- Dumping data for table `sub_menu_items`
--

INSERT INTO `sub_menu_items` (`sub_menu_item_id`, `sub_menu_item`, `sub_menu_item_url`, `sub_menu_item_icon`, `active`, `sequence`, `menu_item_id`, `created_at`, `updated_at`) VALUES
(1, 'Senators', '/senators', 'fa fa-list-alt', 1, '1', 12, '2015-08-25 12:33:15', '2015-08-25 14:05:52'),
(2, 'Federal Reps.', '/federal-reps', 'fa fa-group', 1, '2', 12, '2015-08-25 12:38:51', '2015-08-25 15:29:40'),
(3, 'State Reps.', '/state-reps', 'fa fa-table', 1, '3', 12, '2015-08-25 14:05:53', '2015-08-25 15:29:40'),
(4, 'Register User', '/users/create', 'fa fa-user', 1, '3', 14, '2015-08-25 14:18:30', '2015-09-05 11:50:40'),
(5, 'User Types', '/user-types', 'fa fa-list-alt', 1, '2', 14, '2015-08-25 14:21:10', '2015-09-05 11:50:41'),
(6, 'Menus', '/menus', 'fa fa-list-alt', 1, '1', 13, '2015-08-25 14:15:12', '2015-08-25 14:15:12'),
(7, 'Menu Items', '/menu-items', 'fa fa-list-alt', 1, '2', 13, '2015-08-25 14:15:12', '2015-08-27 07:38:45'),
(8, 'Sub Menu Item', '/sub-menu-items', 'fa fa-list-alt', 1, '3', 13, '2015-08-25 14:15:12', '2015-09-22 06:34:46'),
(9, 'Manage Contractors', '/contractors', 'fa fa-table', 1, '1', 6, '2015-09-01 11:04:35', '2015-09-01 11:04:35'),
(10, 'Add Contractor', '/contractors/create', 'fa fa-plus-square', 1, '2', 6, '2015-09-01 11:04:35', '2015-09-01 11:04:35'),
(11, 'House', '/houses', 'fa fa-list-alt', 1, '4', 12, '2015-08-25 14:23:21', '2015-08-25 14:23:21'),
(12, 'Project Sectors', '/sectors', 'fa fa-list-alt', 1, '1', 15, '2015-08-25 14:28:05', '2015-08-25 14:28:05'),
(13, 'Ranks', '/ranks', 'fa fa-list-alt', 1, '2', 15, '2015-08-25 14:28:53', '2015-08-25 14:28:53'),
(14, 'Committee Types', '/committee-types', 'fa fa-plus-square', 1, '5', 12, '2015-09-02 13:21:40', '2015-09-02 13:21:40'),
(15, 'Committees', '/committees', 'fa fa-plus-square', 1, '5', 12, '2015-09-03 09:30:26', '2015-09-03 09:30:26'),
(16, 'Political Parties', '/political-parties', 'fa fa-group', 1, '7', 6, '2015-09-04 12:34:44', '2015-09-21 14:34:56'),
(17, 'List Notice Papers', '/notice-papers', 'fa fa-list-alt', 1, '1', 21, '2015-09-05 09:21:46', '2015-09-05 09:23:04'),
(18, 'Upload Notice Papers', '/notice-papers/create', 'fa fa-list-alt', 1, '2', 21, '2015-09-05 09:21:47', '2015-09-05 09:26:01'),
(19, 'List Order Papers', '/order-papers', 'fa fa-list-alt', 1, '1', 22, '2015-09-05 10:12:28', '2015-09-05 10:12:28'),
(20, 'Upload Order Paper', '/order-papers/create', 'fa fa-list-alt', 1, '2', 22, '2015-09-05 10:13:04', '2015-09-05 10:13:04'),
(21, 'Manage Users', '/users', 'fa fa-user', 1, '1', 14, '2015-09-05 11:50:10', '2015-09-22 06:34:46'),
(22, 'Manage Hansards', '/hansards', 'fa fa-list-alt', 1, '1', 30, '2015-09-10 12:44:47', '2015-09-10 13:17:39'),
(23, 'Upload Hansards', '/hansards/create', 'fa fa-list-alt', 1, '2', 30, '2015-09-10 12:44:47', '2015-09-10 13:17:39'),
(24, 'List All Hansards', '/hansards/view', 'fa fa-list-alt', 1, '3', 30, '2015-09-10 12:44:47', '2015-09-10 13:17:39'),
(25, 'Manage V&P', '/vote-proceedings', 'fa fa-list-alt', 1, '1', 34, '2015-09-10 13:16:31', '2015-09-10 13:17:39'),
(26, 'Upload V&P', '/vote-proceedings/create', 'fa fa-list-alt', 1, '2', 34, '2015-09-10 13:16:31', '2015-09-10 13:17:39'),
(27, 'List All V&P', '/vote-proceedings/view', 'fa fa-list-alt', 1, '3', 34, '2015-09-10 13:16:31', '2015-09-10 13:17:39'),
(28, 'Manage Statements', '/press-statements', 'fa fa-table', 1, '1', 37, '2015-09-17 07:02:27', '2015-09-17 07:02:27'),
(29, 'Create Statement', '/press-statements/create', 'fa fa-upload', 1, '2', 37, '2015-09-17 07:02:27', '2015-09-17 08:26:24'),
(33, 'Organisation Types', '/organisation-types', 'fa fa-list-alt', 1, '3', 15, '2015-09-21 07:53:24', '2015-09-24 07:38:11'),
(34, 'Manage Heads', '/organisation-heads', 'fa fa-user', 1, '1', 42, '2015-09-21 14:34:56', '2015-09-21 14:41:57'),
(35, 'Create Head', '/organisation-heads/create', 'fa fa-plus-square', 1, '2', 42, '2015-09-21 14:35:39', '2015-09-21 14:41:57'),
(36, 'Create Roles', '/roles', 'fa fa-plus-square', 1, '1', 43, '2015-09-22 15:44:41', '2015-09-28 10:42:48'),
(37, 'Create Permissions', '/permissions', 'fa fa-plus-square', 1, '3', 43, '2015-09-22 15:44:41', '2015-09-28 10:44:50'),
(38, 'Manage Permissions', '/permissions/roles-permissions', 'fa fa-lock', 1, '4', 43, '2015-09-23 09:48:28', '2015-09-29 08:37:27'),
(39, 'Manage Supervisors', '/supervisors', 'fa fa-table', 1, '1', 44, '2015-09-24 06:51:06', '2015-09-24 06:51:06'),
(40, 'Add Supervisor', '/supervisors/create', 'fa fa-plus-square', 1, '2', 44, '2015-09-24 06:51:06', '2015-09-24 06:51:06'),
(41, 'Manage Roles', '/roles/users-roles', 'fa fa-lock', 1, '2', 43, '2015-09-28 10:42:48', '2015-09-28 11:23:50'),
(42, 'Disability', '/disabilities', 'fa fa-list-alt', 1, '5', 15, '2015-09-30 09:23:34', '2015-09-30 09:23:34'),
(43, 'Governors', '/governors', 'fa fa-user', 1, '1', 45, '2015-10-09 08:02:56', '2015-10-09 08:02:56'),
(44, 'Deputy Governors', '/deputy-governors', 'fa fa-users', 1, '2', 45, '2015-10-09 08:02:56', '2015-10-09 08:02:56');

-- --------------------------------------------------------

--
-- Table structure for table `sub_users`
--

CREATE TABLE IF NOT EXISTS `sub_users` (
  `sub_user_id` int(10) unsigned NOT NULL AUTO_INCREMENT,
  `parent_user_id` int(10) unsigned NOT NULL,
  `child_user_id` int(10) unsigned NOT NULL,
  `created_at` timestamp NOT NULL DEFAULT '0000-00-00 00:00:00',
  `updated_at` timestamp NOT NULL DEFAULT '0000-00-00 00:00:00',
  PRIMARY KEY (`sub_user_id`),
  KEY `sub_users_parent_user_id_index` (`parent_user_id`),
  KEY `sub_users_child_user_id_index` (`child_user_id`)
) ENGINE=InnoDB  DEFAULT CHARSET=utf8 COLLATE=utf8_unicode_ci AUTO_INCREMENT=7 ;

--
-- Dumping data for table `sub_users`
--

INSERT INTO `sub_users` (`sub_user_id`, `parent_user_id`, `child_user_id`, `created_at`, `updated_at`) VALUES
(1, 2, 3, '2015-08-20 07:47:55', '2015-08-20 07:47:55'),
(2, 2, 4, '2015-08-20 10:33:55', '2015-08-20 10:33:55'),
(3, 2, 5, '2015-08-20 12:06:35', '2015-08-20 12:06:35'),
(4, 2, 6, '2015-08-20 18:31:38', '2015-08-20 18:31:38'),
(5, 2, 7, '2015-08-21 16:21:18', '2015-08-21 16:21:18'),
(6, 1, 544, '2015-09-29 00:51:25', '2015-09-29 00:51:25');

-- --------------------------------------------------------

--
-- Table structure for table `time_lines`
--

CREATE TABLE IF NOT EXISTS `time_lines` (
  `time_line_id` int(10) unsigned NOT NULL AUTO_INCREMENT,
  `object_id` int(11) NOT NULL,
  `active` int(10) unsigned NOT NULL DEFAULT '1',
  `object_type_id` int(11) NOT NULL,
  `created_at` timestamp NOT NULL DEFAULT '0000-00-00 00:00:00',
  `updated_at` timestamp NOT NULL DEFAULT '0000-00-00 00:00:00',
  PRIMARY KEY (`time_line_id`)
) ENGINE=InnoDB DEFAULT CHARSET=utf8 COLLATE=utf8_unicode_ci AUTO_INCREMENT=1 ;

-- --------------------------------------------------------

--
-- Table structure for table `user_types`
--

CREATE TABLE IF NOT EXISTS `user_types` (
  `user_type_id` int(10) unsigned NOT NULL AUTO_INCREMENT,
  `user_type` varchar(150) COLLATE utf8_unicode_ci NOT NULL,
  `created_at` timestamp NOT NULL DEFAULT '0000-00-00 00:00:00',
  `updated_at` timestamp NOT NULL DEFAULT '0000-00-00 00:00:00',
  PRIMARY KEY (`user_type_id`)
) ENGINE=InnoDB  DEFAULT CHARSET=utf8 COLLATE=utf8_unicode_ci AUTO_INCREMENT=21 ;

--
-- Dumping data for table `user_types`
--

INSERT INTO `user_types` (`user_type_id`, `user_type`, `created_at`, `updated_at`) VALUES
(1, 'President', '0000-00-00 00:00:00', '0000-00-00 00:00:00'),
(2, 'Governor', '0000-00-00 00:00:00', '0000-00-00 00:00:00'),
(3, 'Senators', '0000-00-00 00:00:00', '2015-08-25 09:20:52'),
(4, 'Federal Representatives', '0000-00-00 00:00:00', '2015-08-25 15:33:00'),
(5, 'State Representatives', '2015-08-25 09:20:52', '2015-08-25 15:33:00'),
(6, 'Deputy Governor', '2015-09-19 22:44:27', '2015-09-19 22:44:27'),
(7, 'Vice President', '2015-09-19 22:44:27', '2015-09-19 22:44:27'),
(8, 'Sec. State. Govt.', '0000-00-00 00:00:00', '0000-00-00 00:00:00'),
(9, 'Ministers', '0000-00-00 00:00:00', '0000-00-00 00:00:00'),
(10, 'Permanent Secretary', '0000-00-00 00:00:00', '0000-00-00 00:00:00'),
(11, 'Directors', '0000-00-00 00:00:00', '0000-00-00 00:00:00'),
(17, 'Organisation User', '0000-00-00 00:00:00', '0000-00-00 00:00:00'),
(18, 'Supervisor', '0000-00-00 00:00:00', '0000-00-00 00:00:00'),
(19, 'Developers', '0000-00-00 00:00:00', '0000-00-00 00:00:00'),
(20, 'Owner', '0000-00-00 00:00:00', '0000-00-00 00:00:00');

-- --------------------------------------------------------

--
-- Table structure for table `users`
--

CREATE TABLE IF NOT EXISTS `users` (
  `user_id` int(10) unsigned NOT NULL AUTO_INCREMENT,
  `password` varchar(150) COLLATE utf8_unicode_ci NOT NULL,
  `email` varchar(255) COLLATE utf8_unicode_ci NOT NULL,
  `first_name` varchar(45) COLLATE utf8_unicode_ci NOT NULL,
  `last_name` varchar(45) COLLATE utf8_unicode_ci NOT NULL,
  `middle_name` varchar(255) COLLATE utf8_unicode_ci DEFAULT NULL,
  `slug` varchar(225) COLLATE utf8_unicode_ci DEFAULT NULL,
  `gender` varchar(10) COLLATE utf8_unicode_ci DEFAULT NULL,
  `phone_no` varchar(15) COLLATE utf8_unicode_ci DEFAULT NULL,
  `dob` date DEFAULT NULL,
  `avatar` varchar(255) COLLATE utf8_unicode_ci DEFAULT NULL,
  `lga_id` int(10) unsigned NOT NULL,
  `salutation_id` int(10) unsigned DEFAULT NULL,
  `political_party_id` int(10) unsigned DEFAULT NULL,
  `verified` int(10) unsigned NOT NULL,
  `status` int(10) unsigned NOT NULL DEFAULT '1',
  `verification_code` varchar(255) COLLATE utf8_unicode_ci DEFAULT NULL,
  `user_type_id` int(10) unsigned NOT NULL,
  `remember_token` varchar(100) COLLATE utf8_unicode_ci DEFAULT NULL,
  `created_at` timestamp NOT NULL DEFAULT '0000-00-00 00:00:00',
  `updated_at` timestamp NOT NULL DEFAULT '0000-00-00 00:00:00',
  PRIMARY KEY (`user_id`),
  UNIQUE KEY `users_email_unique` (`email`),
  KEY `users_lga_id_index` (`lga_id`),
  KEY `users_user_type_id_index` (`user_type_id`),
  KEY `salutation_id` (`salutation_id`,`political_party_id`)
) ENGINE=InnoDB  DEFAULT CHARSET=utf8 COLLATE=utf8_unicode_ci AUTO_INCREMENT=549 ;

--
-- Dumping data for table `users`
--

INSERT INTO `users` (`user_id`, `password`, `email`, `first_name`, `last_name`, `middle_name`, `slug`, `gender`, `phone_no`, `dob`, `avatar`, `lga_id`, `salutation_id`, `political_party_id`, `verified`, `status`, `verification_code`, `user_type_id`, `remember_token`, `created_at`, `updated_at`) VALUES
(1, '$2y$10$xvMegOHQe.G9dxhVVo73K.DDSoFMzcXIi3GB2gjxim6r1vaA9Ztoa', 'admin@gmail.com', 'Richard', 'Awoseyin', 'Oluwatoyin', 'richard-awoseyin-9', 'Male', '08037253034', '1969-04-29', 'uploads/avartars/1_avartar.png', 503, 8, 4, 1, 1, '', 20, 'HJg84B6UNSptN8Ov24Ly3Vxths8wL2tHGXFAIRlC92x0UAl47UqU03Pl8F0j', '2015-09-03 15:27:12', '2015-09-29 04:09:09'),
(2, '$2y$10$hW6o/LX6/Yl3M1jzJBVv1ebL3b0unT2Ms7pt/f0GPS4EJTjymG2iK', 'senator@gmail.com', 'Kingsley', 'Chinaka', '', 'kingsley-chinaka', 'Male', '08030734377', '1988-05-05', 'uploads/avartars/2_avartar.jpg', 295, 1, 1, 1, 1, '4hwUgWnofDCeuNGpG0lDUAEzijsuxA0HE58dwO39', 3, 'IaN8ayvAzdsqvTZVdEbr2FqfyxuW8xDk0XrrsHFGRwkZKuDLdzgmhL5utFfs', '2015-09-03 15:27:12', '2015-09-30 16:24:17'),
(3, '$2y$10$/LRtNyvyef8G3t5tn7/fHeYyD7TWQh4l0jT3WUYttRL6KOayx7oHW', 'mao@ohuabunwa.com', 'MAO', 'OHUABUNWA', '', 'mao-ohuabunwa', 'Male', '', NULL, 'uploads/avartars/3_avartar.jpg', 1, 6, 1, 1, 1, 'r6JMOCNBP93l6dl4FxoOmA18XqoC1ZQ3HHxrFESN', 3, 'zX4XaCWDjGLeZXgTT8d3FbtvM3GvgO0dLln3gftEyzLyZyucc4PDqf0o5K0m', '2015-09-05 18:59:25', '2015-09-10 00:25:05'),
(4, '$2y$10$8zsy7zRfcKLgQK0nagk5ROTm/hOKyR0th/DPbq8W1QdZ84I.T3Ki6', 'theodore.orji@yahoo.com', 'THEODORE', 'ORJI', '', 'theodore-orji', 'Male', '08078786543', '2014-02-13', 'uploads/avartars/4_avartar.jpg', 1, 6, 1, 1, 1, 'BapRzA7phK9KHAfJ1ws6xKP8lZ95O6MVuUNOLccG', 3, '6VIcTTPFGls54E2MPCXHM3UkL9wdufIjbi2x8Vci8sugektNaleYGAYHPbi7', '2015-09-05 19:01:14', '2015-09-24 17:24:58'),
(5, '$2y$10$b4nJXOuOTDAYbrv6SwqbVuspG8doOQdb5QZZLn8JTYhvSiIZsRkJq', 'enyinnaya.abaribe@gmail.com', 'ENYINNAYA', 'ABARIBE', '', 'enyinnaya-abaribe', 'Male', '', NULL, 'uploads/avartars/5_avartar.jpg', 2, 6, 1, 1, 1, 'YGFx3l7Edb6YhrPiutTiMlc9QiHqIAbFAQpvaisn', 3, NULL, '2015-09-05 19:03:35', '2015-09-10 00:27:30'),
(6, '$2y$10$lniILSaaCwKLLe3Jl7xddehJNQRj6TpPhQGzTAHndPh4wKGTGit8W', 'binta.garba@gmail.com', 'BINTA', 'GARBA', '', 'binta-garba', 'Female', '', '1967-04-17', 'uploads/avartars/6_avartar.jpg', 37, 4, 4, 1, 1, 'Zgfgmwwnn51j2OPiZJWbtjY8cbp2IFpdL0o7r0zc', 3, NULL, '2015-09-05 19:04:33', '2015-09-14 15:21:08'),
(7, '$2y$10$BttFI5iqLpjlH/1xXMZaWeRebE9ZH0s/h07kSqCgbzUmW03fTVSE6', 'ahmadu.abubakar@gmail.com', 'AHMADU', 'ABUBAKAR', '', 'ahmadu-abubakar', 'Male', '', NULL, 'uploads/avartars/7_avartar.png', 38, 0, 4, 1, 1, 'tdHc7LTc6kaRlpj4FhDYjutqvC854JqyrjGSTs78', 3, NULL, '2015-09-05 19:06:29', '2015-09-10 00:33:02'),
(8, '$2y$10$TDpp6mypnms/quRiYqwzB.BC.QBGiTvLjMSUhgnJsqo.h8XJKz/N2', 'abdul.mutala@gmail.com', 'ABDUL AZIZ', 'MURTALA', NULL, 'abdul-aziz-murtala', 'Male', NULL, NULL, 'uploads/avartars/8_avartar.jpg', 0, NULL, NULL, 1, 1, '9RG0D4yL3KYsnEzG9VfKXFzbNm0pApZwRuwob57b', 3, NULL, '2015-09-05 19:08:01', '2015-09-10 01:15:01'),
(9, '$2y$10$zrhKb.AQyQbIDKq8.RLqe.xMxYImimQAaN79ntO10tPMzRO5Dpe3K', 'bassey.akpan@gmail.com', 'BASSEY', 'AKPAN', '', 'bassey-akpan', 'Male', '', NULL, 'uploads/avartars/9_avartar.png', 46, 0, 1, 1, 1, '9ojpaEvizhQq7H0HoBnpe1RmyHHCNOcncyaC5Etz', 3, 'uzYrJOFTTeCvAidiHMCLO6MHJMYFRXZTtFwMyOIJMMBzR94o1Tdeb6WEUgfB', '2015-09-05 19:09:02', '2015-09-10 01:28:20'),
(10, '$2y$10$nhSuBIMz.sCntpSMaUbDSu7xjQnxyMP5GDxI74.eEPxwpMsJO/KmC', 'ahmed.sani@gmail.com', 'AHMED', 'SANI', '', 'ahmed-sani', 'Male', '', NULL, 'uploads/avartars/10_avartar.jpg', 771, 0, 2, 1, 1, '5IVw6VG2pc8gpWEwUHCznfvtoi7O8HuuxoSYq1Od', 3, NULL, '2015-09-05 21:19:55', '2015-09-11 16:05:27'),
(11, '$2y$10$o/WHmLsPknMHTdDRrXn0lOO65VM4QucjFJPrgIWUya.JX.hHJTeMa', 'godswill.akpabio@gmail.com', 'GODSWILL', 'AKPABIO', '', 'godswill-akpabio', 'Male', '', NULL, 'uploads/avartars/11_avartar.jpg', 49, 0, 1, 1, 1, 'iR2ysBEykWu5N0lGDP6ptKmPONshkYX36OtLwpHD', 3, 'IRzQAKGxsP4VUJO5eTBgq132OLPOqgaNXnPnxg1ZpNZX0dPa4riAzj91pIPB', '2015-09-05 19:10:56', '2015-09-24 18:33:39'),
(12, '$2y$10$/u1UUT4dB7ctEdOlF/Mg/engnUzVjU7XxikOEaReq0bJ9c6DolZBu', 'nelson.effiong@gmail.com', 'NELSON', 'EFFIONG', NULL, 'nelson-effiong', 'Male', NULL, NULL, 'uploads/avartars/12_avartar.png', 0, NULL, NULL, 1, 1, 'DthrHISyWm1EKKLSFliS0UXd6YgImRnl1UqMqomh', 3, NULL, '2015-09-05 19:12:03', '2015-09-10 15:13:14'),
(13, '$2y$10$KDEjljAnzRN4G3hsWh2dIu.LlB5CKiwZiKpdkMa5GS7sqX2KdBUQG', 'stella.oduah@gmail.com', 'STELLA', 'ODUAH', '', 'stella-oduah', 'Female', '', '1962-01-05', 'uploads/avartars/13_avartar.jpg', 74, 4, 1, 1, 1, 'iF1OFneE3TmkElFXr9n9UmEO2zhwyz129u4OptP1', 3, NULL, '2015-09-05 19:13:23', '2015-09-14 15:12:54'),
(14, '$2y$10$/FjheaIgNhlnaFC8tkQK4uqfLQtkuLOvZE2QM9dX3wFeg3daoHQg.', 'uche.ekwunife@gmail.com', 'UCHE', 'EKWUNIFE', '', 'uche-ekwunife', 'Female', '', NULL, 'uploads/avartars/14_avartar.jpg', 78, 0, 1, 1, 1, 'sD4XgmRbOPclIo6PJoNJmMYnkDvLFMmLIaJPkevd', 3, NULL, '2015-09-05 19:14:55', '2015-09-10 01:42:57'),
(15, '$2y$10$X/0qdDMr7qcJn3YtowQ4KexGKRB9NbrcQQ2zT47g/GpMUODYNGCd.', 'andy.uba@gmail.com', 'ANDY', 'UBA', '', 'andy-uba', 'Male', '', NULL, 'uploads/avartars/15_avartar.jpg', 84, 0, 0, 1, 1, '0Mq4gLvx54HwLyOscEk1Xd0ggyXjtqhXs3C7FDwm', 3, NULL, '2015-09-05 19:15:51', '2015-09-10 01:45:45'),
(16, '$2y$10$Gq62mvf0k3kKBGGW3BO.5eQxkjaILsIT2DC/kybGt6ijOoPMw7yti', 'isah.misau@gmail.com', 'ISAH', 'MISAU', NULL, 'isah-misau', 'Male', NULL, NULL, NULL, 0, NULL, NULL, 1, 1, 'jFpT7xidnazCLYzAMjPFUMV4JE79CMfhAJ1gs1ch', 3, NULL, '2015-09-05 19:35:24', '2015-09-05 19:35:24'),
(17, '$2y$10$WXRsEL8U38Gc9iAslZ1p5OnOj4y4eW/.OzO0Kx7os0u8vw8Rktv6.', 'ali.wakili@gmail.com', 'MALAM ALI', 'WAKILI', '', 'malam-ali-wakili', 'Male', '', NULL, 'uploads/avartars/17_avartar.jpg', 103, 0, 0, 1, 1, 'xpw1RiOwibhQ7Isil8ODmZza8XvHUIwwJSEVS9xe', 3, NULL, '2015-09-05 19:37:45', '2015-09-10 01:57:36'),
(18, '$2y$10$.r9JpTb73B8Iy7XVtgY9BOmKio81cIn98HEWD1UN9L2RiaCj5tjne', 'suleiman.nazif@gmail.com', 'SULEIMAN', 'NAZIF', '', 'suleiman-nazif', 'Male', '', NULL, 'uploads/avartars/18_avartar.jpg', 92, 0, 0, 1, 1, 'OGough0OSF7FIr5rPG3RDXM1yrWT43s2CtHwYXH4', 3, NULL, '2015-09-05 19:38:51', '2015-09-10 02:06:37'),
(19, '$2y$10$niSKL99H6EvWlHNtFxcADuyHGJLpqGsGD3bc/47TptMS43fbVoc7K', 'ben.murray@gmail.cm', 'BEN', 'MURRAY-BRUCE', '', 'ben-murray-bruce', 'Male', '08085739201', '1957-04-16', 'uploads/avartars/19_avartar.jpg', 117, 1, 1, 1, 1, 'QlCKf5Zapn6WOpEWEgzrr7XKqVVfYaXINxmkmEAd', 3, 'BBy4gPnTnMHlJGr9aLN9PJnoc3wRGXH8T13nebsWrAybRwYbHOGm7ucX2qIf', '2015-09-05 19:39:46', '2015-09-10 02:08:47'),
(20, '$2y$10$fSuqXkus84RChx/hNncIQeb62ryGwJIvhaUIOIEeLqwjpMF3SP9j.', 'emmanuel.pauler@gmail.com', 'EMMANUEL', 'PAULKER', '', 'emmanuel-paulker', 'Male', '', NULL, 'uploads/avartars/20_avartar.jpg', 114, 0, 0, 1, 1, '26eMvuWrQwQrzey0HeCoKMo3hSUivxgAmSSXCLHc', 3, NULL, '2015-09-05 19:40:44', '2015-09-10 02:13:14'),
(21, '$2y$10$KNgFJMdg70VDFaUrck.ZKuo/6APa31m1woddZ4Em8ZXZYyPRGnosm', 'ogola.foster@gmail.com', 'OGOLA', 'FOSTER', '', 'ogola-foster', 'Male', '', NULL, 'uploads/avartars/21_avartar.jpg', 115, 0, 0, 1, 1, 'HlBc0Wgz5fyvcqkbK9yfLNoQpTs4SLncwNRFaKql', 3, NULL, '2015-09-05 19:41:29', '2015-09-10 02:15:50'),
(22, '$2y$10$ALt94mTfyO5zZ9ZpfBwVz.vdUNNrax70vjsqFHOlgs0IxZpCH6Bye', 'barnabas.gemade@gmail.com', 'BARNABAS', 'GEMADE', '', 'barnabas-gemade', 'Male', '', NULL, 'uploads/avartars/22_avartar.jpg', 124, 0, 0, 1, 1, '8PS6WsAiyrmXzAF6Mjkdtf3Z4z7r3Cz7XLJnnDNA', 3, NULL, '2015-09-05 19:43:31', '2015-09-10 02:23:26'),
(23, '$2y$10$uN0qrjcU7rJjnWpUpB6zUe65/9LVFG5.3a9528n.9dp38jfKRTXDm', 'akume.george@gmail.com', 'AKUME', 'GEORGE', '', 'akume-george', 'Male', '', NULL, 'uploads/avartars/23_avartar.jpeg', 131, 0, 1, 1, 1, 't6wyobzNMVYgmmM3HCrLbwHvWw5pggTLioXJBeQE', 3, NULL, '2015-09-05 19:44:19', '2015-09-10 02:25:20'),
(24, '$2y$10$sdIuQ3B8hC44/iPw4LxzuO2QmS2IFlbWie2h9SdjhZ0dUfLZKvhqy', 'david.mark@gmail.com', 'DAVID', 'MARK', '', 'david-mark', 'Male', '', NULL, 'uploads/avartars/24_avartar.jpg', 129, 0, 1, 1, 1, 'kVIGLn6L8Eg0mMRBa0o65o71Py9xXubfDuwpbNAQ', 3, NULL, '2015-09-05 19:45:49', '2015-09-10 02:26:55'),
(25, '$2y$10$RBaUCic0PGrtUGPAVIDGgOYpvRf75JIUq42VHNagiRS0287uXfSPy', 'abubakar.kyari@gmail.com', 'ABUBAKAR', 'KYARI', '', 'abubakar-kyari', 'Male', '', NULL, 'uploads/avartars/25_avartar.png', 160, 0, 2, 1, 1, 'xdbzxx0jt4zDMQnkKBoNrCNycIAkcWF49ZZt4NdY', 3, NULL, '2015-09-05 19:47:15', '2015-09-11 21:00:32'),
(26, '$2y$10$jEeSDay8n3aw67yXX.pySe9F6iCnaGbhG7pFo8CeOx/yUxwqS7UH6', 'ahmad.zannah@gmail.com', 'AHMAD', 'ZANNAH', '', 'ahmad-zannah', 'Male', '', NULL, 'uploads/avartars/26_avartar.jpg', 151, 0, 2, 1, 1, '5O6N4bSKFb41y9F9POjgv1WBt2q0W23LnWHirjyU', 3, NULL, '2015-09-05 19:47:54', '2015-09-11 20:57:36'),
(27, '$2y$10$an98dqSg4wxM/v027QE7TezWsgNas3RYQcibDjGZS9SnEDb.oasPu', 'ali.ndume@gmail.com', 'MOHAMMED', 'NDUME', 'ALI', 'mohammed-ndume', 'Male', '08034156332', '1960-05-11', 'uploads/avartars/27_avartar.jpg', 156, 11, 4, 1, 1, 'odLSpSmrx2vRAFTKmMYf28QbaXBIER5AFDViQpgB', 3, 'TLvudnogkaPIPPCcFsU5TJl67FeLVid6qWjSm7FzVfNbYHFv1gwPLoupc2Gm', '2015-09-05 19:48:57', '2015-09-08 23:56:21'),
(28, '$2y$10$KYECQ8/BXnoEySKfbFF7v.xRVX9QjUPMmrdwuqdHdXGmmLovsPwZi', 'rose.oko@gmail.com', 'ROSE', 'OKO', 'OKOJI', 'rose-oko', 'Female', '', NULL, 'uploads/avartars/28_avartar.jpg', 180, 4, 1, 1, 1, 'Ah5xZokAIKt6jGFlM8L774XnUtMjFe0fCKIpgRk2', 3, NULL, '2015-09-05 19:49:37', '2015-09-11 21:05:02'),
(29, '$2y$10$kluxO32/x/0fHTCun.Y9keMgos/a/Wt413.DVLjEmU73/mqcscPbW', 'gershom.bassey@gmail.com', 'GERSHOM', 'BASSEY', 'HENRY', 'gershom-bassey', 'Male', '', NULL, 'uploads/avartars/29_avartar.jpg', 173, 1, 1, 1, 1, 'MWRhDpA9Xq4fp7p6akQsriSus9HP8s0gcqQZL5f6', 3, NULL, '2015-09-05 19:50:25', '2015-09-11 21:00:26'),
(30, '$2y$10$UieZeUzIE6lOCXQ.EHAFz.MUfhqooKFOAQqiPCwWoNJe7D68nB2Uq', 'john.enoh@gmail.com', 'JOHN', 'ENOH', 'OWAN', 'john-enoh', 'Male', '', NULL, 'uploads/avartars/30_avartar.jpg', 169, 1, 1, 1, 1, 'fbY2BvGvAi4vNodVIO9471bj1bKSKmCf0scEvxUw', 3, NULL, '2015-09-05 19:51:13', '2015-09-11 21:03:00'),
(31, '$2y$10$zgErGAzG0xdAJqhF7c.rIO7Abr7VajG/0cxI2EF3M626cPU99qMVK', 'ighoyota.amori@gmail.com', 'IGHOYOTA', 'AMORI', '', 'ighoyota-amori', 'Male', '', NULL, 'uploads/avartars/31_avartar.jpg', 199, 11, 1, 1, 1, 'gD8ZJpxTjnhTNyGcMIsgiy0Svlzg3Ot8UqqYa1ti', 3, NULL, '2015-09-05 19:52:19', '2015-09-11 20:54:18'),
(32, '$2y$10$n.0TzuzKX7SvK.AkBbFrheJfORwQVRIKEuZGOehLEwxOSSxLdGFlS', 'peter.nwaboshi@gmail.com', 'PETER', 'NWABOSHI', '', 'peter-nwaboshi', 'Male', '', NULL, 'uploads/avartars/32_avartar.png', 193, 0, 1, 1, 1, '8P9PSZLlq6rfIbXf6zPuugP61ybVn71vVveAfCmy', 3, NULL, '2015-09-05 19:57:35', '2015-09-11 20:53:36'),
(33, '$2y$10$ExE78HKQvkwqRzt1FPGISeMlhY83paNgRqN0IaPxZIAGl1OYEZnNC', 'james.manager@gmail.com', 'JAMES', 'MANAGER', '', 'james-manager', 'Male', '', NULL, 'uploads/avartars/33_avartar.jpg', 197, 0, 1, 1, 1, '2FtEnp3L9kcfWfAsalvWG1gdZ4NYq86xRXpwaSVl', 3, NULL, '2015-09-05 19:58:27', '2015-09-11 20:57:15'),
(34, '$2y$10$xV1w8153SI8dxb0s2DDmQ.0ktMeQEghd8Z3mTqSU9RdVTWOSCtQPC', 'samuel.egwu@gmail.com', 'SAMUEL', 'EGWU', 'OMINYI', 'samuel-egwu', 'Male', '', NULL, 'uploads/avartars/34_avartar.jpg', 220, 5, 1, 1, 1, 'xW0qpJoVJOohmiG4ef2WWTRwVbXbuhRltlcWtjPX', 3, NULL, '2015-09-05 19:59:10', '2015-09-11 20:59:00'),
(35, '$2y$10$UR88BsNQA2FCoZDCwUqhFOHEEa9cFZeRUz.b43d2kFH94v2r8.QBu', 'ogba.joseph@gmail.cm', 'OGBA', 'OBINNA', 'JOSEPH', 'ogba-obinna', 'Male', '', NULL, 'uploads/avartars/35_avartar.jpg', 214, 1, 1, 1, 1, 'DdlYSUSB7UqHMjrEZstdaqVif5rsxT0JE3e3ADen', 3, NULL, '2015-09-05 20:00:10', '2015-09-11 20:56:16'),
(36, '$2y$10$zIw12lHruXsMMK2G3dPW7.phI10sBhQ2MSjRv5tKSJuOP6KSsWMKK', 'sunday.oji@gmail.com', 'SUNDAY', 'OJI', 'OGBUOJI', 'sunday-oji', 'Male', '', '1954-09-29', 'uploads/avartars/36_avartar.jpg', 220, 6, 1, 1, 1, 'iQEU1Ong5AnWMijMXxKUeUIhq1Y4shvVZ2BObzGV', 3, NULL, '2015-09-05 20:01:10', '2015-09-11 20:53:01'),
(37, '$2y$10$16tUalyQbhyw2ZJASCKYqeYPUj1wA.GZPgd.LhoyiXmrE3LC4nstm', 'clifford.ordia@gmail.com', 'CLIFFORD', 'ORDIA', 'A.', 'clifford-ordia', 'Male', '', NULL, 'uploads/avartars/37_avartar.jpg', 239, 1, 1, 1, 1, '4ZC7A2Ucx0gLBTnaOpbNXuLYev4dRoUcd9wVMqHa', 3, NULL, '2015-09-05 20:02:05', '2015-09-11 20:50:05'),
(38, '$2y$10$PBKAhjPxtNetGKU4/XKVke0O4YWTC91wnzmkJjMivzqaIztJPisyC', 'francis.alimikhena@gmail.com', 'FRANCIS', 'ALIMIKHENA', 'ASEKHAME', 'francis-alimikhena', 'Male', '', NULL, 'uploads/avartars/38_avartar.jpeg', 238, 1, 2, 1, 1, 'MNKzPBpCqGQjrRgTe8Ol9vlx9J2B18snVQvwRdxM', 3, NULL, '2015-09-05 20:03:31', '2015-09-11 20:46:50'),
(39, '$2y$10$z6Bs36MxjEHdNS6bRF5qzORE/vktc5JKUPXZEMdhgGYlDfgxvX6Hi', 'mathew.urhoghide@gmail.com', 'MATHEW', 'URHOGHIDE', 'A.', 'mathew-urhoghide', 'Male', '', NULL, 'uploads/avartars/39_avartar.jpeg', 239, 1, 1, 1, 1, 'IhwybfDSbwZDBIqmjVU3YLeXGuZ31DnJAkGbQSwE', 3, NULL, '2015-09-05 20:04:53', '2015-09-11 20:43:53'),
(40, '$2y$10$VGxnVadK4guR7ApiQ57jaukKNT5AWctaCSjuOV3yNgid50YepUFwu', 'duro.faseyi@gmail.com', 'DURO', 'FASEYI', 'SAMUEL', 'duro-faseyi', 'Male', '', NULL, 'uploads/avartars/40_avartar.jpg', 252, 1, 1, 1, 1, 'L7Vnlt2v4y5UlRNLZ3zKJM06tzWCS0h9MUCEhPLf', 3, NULL, '2015-09-05 20:05:37', '2015-09-11 20:41:48'),
(41, '$2y$10$XNitq2LUXDo759t/Z7HG9e366hyc6Wm761Xtl9Jx0m1bF0WK8GQRq', 'fatimat.raji-rasaki@gmail.com', 'FATIMAT', 'RAJI-RASAKI', 'OLUFUNKE', 'fatimat-raji-rasaki', 'Female', '', NULL, 'uploads/avartars/41_avartar.jpg', 254, 4, 1, 1, 1, '95fDbXEgiOjKG5Lb0qpB0v1W1CBLPsEddmm3iix6', 3, NULL, '2015-09-05 20:06:39', '2015-09-11 20:40:46'),
(42, '$2y$10$zd.rLuYRxm5K8nTF.q.2E.RBCQcDDYFDnOAT.PjhOiJpfEeUcnJ1a', 'biodun.olujimi@gmail.com', 'BIODUN', 'OLUJIMI', '', 'biodun-olujimi', 'Female', '', NULL, 'uploads/avartars/42_avartar.jpg', 255, 4, 1, 1, 1, 'hFA3iuFcY4aWuHD8M1VedYE4Nt9nXtvaOrXlGGXe', 3, NULL, '2015-09-05 20:07:23', '2015-09-11 20:39:41'),
(43, '$2y$10$vyDvyIaTeQJHX4tRlw./MuAnbrJYKt3bHM0MGPxvTeYdwXC7d6upa', 'gilbert.nnaji@gmail.com', 'GILBERT', 'NNAJI', 'EMEKA', 'gilbert-nnaji', 'Male', '', NULL, 'uploads/avartars/43_avartar.jpeg', 272, 1, 1, 1, 1, 'pDg1KJEuSoWzvAXpDLarRg35x3g97Hoc6tRLA3ud', 3, '3ZkGxfMIfvILrsZBw5UYOmhwU8AbEZnYI0cJjJ6BXgrHc4IX0VLxo7g9NZQ2', '2015-09-05 20:08:16', '2015-09-24 18:37:04'),
(44, '$2y$10$C8UVvv/P7EgclTtqijtw6OauLQcEb/JaiDxIzFLDREnjaACNicFSu', 'ike.ekweremadu@gmail.com', 'IKE', 'EKWEREMADU', '', 'ike-ekweremadu', 'Male', '', NULL, 'uploads/avartars/44_avartar.jpeg', 270, 1, 1, 1, 1, 'oNG5Wd8hZiWpuVTougDP3sMhzh6emt2BvXxfxwTl', 3, NULL, '2015-09-05 20:08:54', '2015-09-11 20:36:00'),
(45, '$2y$10$elws2Nx8xFpq2OaT73csou56fUoX3KPBaqUdXVwOOPzXVFZZrRirq', 'utazi.chukwuka@gmail.com', 'UTAZI', 'CHUKWUKA', 'GODFREY', 'utazi-chukwuka', 'Male', '', NULL, 'uploads/avartars/45_avartar.jpeg', 274, 6, 1, 1, 1, 'hmiDRuOCDyDeWKbo6d03V3pWzZqSGu5SdjmU1AcD', 3, NULL, '2015-09-05 20:09:55', '2015-09-11 20:34:35'),
(46, '$2y$10$fpv8jSVZ1f4n2eRsSwOMnOeVbp5numDEYgcvjvX6zrVNve0hlEq6y', 'philips.aduda@gmail.com', 'PHILIPS', 'ADUDA', '', 'philips-aduda', 'Male', '', NULL, 'uploads/avartars/46_avartar.jpg', 278, 0, 1, 1, 1, 'ZKzSQWmx1ispytkfQYMvzcz7O1PuStUaGyvl6auZ', 3, NULL, '2015-09-05 20:10:47', '2015-09-11 16:09:18'),
(47, '$2y$10$9uQ485he8aKgQyveoG0RDO4VSLk1ScxnA..SF30QSL6KU2fRgdXZq', 'mohammed.danjuma@gmail.com', 'MOHAMMED', 'DANJUMA', 'GOJE', 'mohammed-danjuma', 'Male', '', NULL, 'uploads/avartars/47_avartar.jpeg', 288, 11, 2, 1, 1, 'FFM18cNHeBGtBxzkJT9oNsZu5PNVNv9KLczrGsgT', 3, NULL, '2015-09-05 20:12:35', '2015-09-11 20:33:31'),
(48, '$2y$10$cJQbfOZ8JD8MkEXiZ/Lq7OCyl1vV/koUIO5uCbMk5GP0rGS0KcUK6', 'bayero.nafada@gmail.com', 'BAYERO', 'NAFADA', 'USMAN', 'bayero-nafada', 'Male', '', NULL, 'uploads/avartars/48_avartar.jpeg', 287, 11, 2, 1, 1, '7sfSSkinbaT8u6rkTURObJXKnrLR3toyOHv6NSE7', 3, NULL, '2015-09-05 20:13:16', '2015-09-11 20:30:48'),
(49, '$2y$10$zq3L23Vbfsf4xQoE1vYieuo9tv2d0Li/balv41j1Ie6uglp34Imym', 'joshua.moltobok@gmail.com', 'JOSHUA', 'MOLTOBOK', 'LIDANI', 'joshua-moltobok', 'Male', '', NULL, 'uploads/avartars/49_avartar.jpeg', 287, 1, 1, 1, 1, '2jtRZOvBPb8AA8jdDRCSoYMEf8Yzn6qosiON16Af', 3, NULL, '2015-09-05 20:14:01', '2015-09-11 20:31:46'),
(50, '$2y$10$u2p9YlcW/DqkniA7Gj5qV.MYijgdGTU1FBuY7Aw5ox9jZdLctAD86', 'samuel.anyanwu@gmail.com', 'SAMUEL', 'ANYANWU', 'NNAEMEKA', 'samuel-anyanwu', 'Male', '', NULL, 'uploads/avartars/50_avartar.jpg', 302, 6, 1, 1, 1, 'G9nOsTN2TSTEATWa3cLsXu2hlVUy2NX99mPwWh3b', 3, NULL, '2015-09-05 20:15:34', '2015-09-11 20:27:47'),
(51, '$2y$10$.aWrdILnOq6fNq7VdmFuauXEhkjomJp5WbRALzv1Q4dAAhJ4xFwJO', 'uzodinma.odidika@gmail.com', 'UZODINMA', 'ODIDIKA', 'GOODHOPE', 'uzodinma-odidika', 'Male', '', '1958-12-12', 'uploads/avartars/51_avartar.jpg', 308, 6, 1, 1, 1, 'txzzVotMSJ47Sx99CUjK65UE9H7SRToes4beSThn', 3, NULL, '2015-09-05 20:18:04', '2015-09-11 20:05:34'),
(52, '$2y$10$th17ySMJx980AVI7u53S2e0j6BakWgHYRzoBg2DNaORxyfiUY4hdi', 'achonu.nneji@gmail.com', 'ACHONU', 'NNEJI', 'ATHANASIUS', 'achonu-nneji', 'Male', '', NULL, 'uploads/avartars/52_avartar.jpeg', 295, 6, 1, 1, 1, 'gfn10Dqu5pN3a5Jc2vJ1THAo66sDwNWqXJWNo9Fn', 3, NULL, '2015-09-05 20:21:44', '2015-09-11 19:55:23'),
(53, '$2y$10$1ADMbU9YoE.kHXav3iWCcOOwRjKydlzm1LFsnGOMQICxyO.C0wrDS', 'abdullahi.gumel@gmail.com', 'ABDULLAHI', 'GUMEL', 'ABUBAKAR', 'abdullahi-gumel', 'Male', '', NULL, 'uploads/avartars/53_avartar.jpg', 332, 11, 2, 1, 1, 'lyTAYTfVfcrOqR7m9vWdbLaVYLrWvnJLvwWuyOe7', 3, NULL, '2015-09-05 20:22:58', '2015-09-11 19:47:44'),
(54, '$2y$10$8/65pj0qy8nZLMjwyeMNAe5wlabK9GV419zazfnkonpB2nYwgcEaK', 'sabo.mohammed@gmail.com', 'SABO', 'MOHAMMED', '', 'sabo-mohammed', 'Male', '', NULL, 'uploads/avartars/54_avartar.jpeg', 331, 11, 2, 1, 1, 'K1ZAPsiWCuDDeClOIuVizAjC1V4fYwBKPAFTZ9Br', 3, NULL, '2015-09-05 20:23:49', '2015-09-11 19:52:36'),
(55, '$2y$10$xOA7Wq8gVRizbG0.rB0hnOqheRApZwEZ7FXghDueATZNRJYsAYFpq', 'muhammad.shitu@gmail.com', 'MUHAMMAD', 'SHITU', 'UBALI', 'muhammad-shitu', 'Male', '', NULL, 'uploads/avartars/55_avartar.jpg', 335, 11, 2, 1, 1, 'rdwl9wBeTONrwfg1PfGwvMiOnH9r4x3KHNeDZgBB', 3, NULL, '2015-09-05 20:24:21', '2015-09-11 19:50:46'),
(56, '$2y$10$l5/xYdaPmeeUJr55VZCLDuHvHEW7IUe7rysYL97q8PS.Vp7sPaiOa', 'suleiman.hunkuyi@gmail.com', 'SULEIMAN', 'HUNKUYI', 'OTHMAN', 'suleiman-hunkuyi', 'Male', '', NULL, 'uploads/avartars/56_avartar.jpg', 361, 11, 2, 1, 1, 'x5Lu9bHcKKyY5deLiIK1h21T5ZM0AqEi9kKlOuxf', 3, NULL, '2015-09-05 20:25:40', '2015-09-11 19:45:09'),
(57, '$2y$10$saDWeQqqsgzrp2jXmMLn/OJ9m.Jj8ayEjr3LKNKVkbp5fwkVTPZfC', 'shehu.sani@gmail.com', 'SHEHU', 'SANI', '', 'shehu-sani', 'Male', '', NULL, 'uploads/avartars/57_avartar.jpg', 362, 11, 2, 1, 1, 'IptqTvoijsOmEX98D8ZFav81vKsVm9yTku97t4Go', 3, NULL, '2015-09-05 20:26:17', '2015-09-11 19:43:00'),
(58, '$2y$10$qIvtSk2V.zdQTWHubLfGcev/c9oEO6B6J/LnZFeewEgerQTQht5EC', 'danjuma.laah@gmail.com', 'DANJUMA', 'LA''AH', '', 'danjuma-la''ah', 'Male', '', NULL, 'uploads/avartars/58_avartar.jpg', 351, 1, 1, 1, 1, 'vahwiuJQV45gCzmHa7EMzl5Tu30WL1N2Ba7zxqHT', 3, NULL, '2015-09-05 20:26:59', '2015-09-11 19:41:56'),
(59, '$2y$10$ZXb.lizemId4kwa3pXgkau4Ur/aivNyPzIGUEirP7l6VJWfi4HegW', 'barau.jibrin@gmail.com', 'BARAU', 'JIBRIN', 'I.', 'barau-jibrin', 'Male', '', NULL, 'uploads/avartars/59_avartar.jpg', 375, 11, 2, 1, 1, 'tTWy2txtYz7XNYyChMIWdzENlqrb4D6yVHkJBjti', 3, NULL, '2015-09-05 20:27:41', '2015-09-11 18:13:19'),
(60, '$2y$10$FRHepXe.S5qIcmiTBUh7S.y6LOPmDfmiTRJ4tTUHAh790g7iet5MG', 'mohammed.musa@gmail.com', 'MOHAMMED', 'MUSA', 'RABIU', 'mohammed-musa', 'Male', '', NULL, NULL, 380, 11, 2, 1, 1, 'hmJiBWrs9cv0WQv0ha3mW1nM2FkXVStIKsgyk0Cv', 3, NULL, '2015-09-05 20:29:56', '2015-09-11 18:17:02'),
(61, '$2y$10$0wbHpRrL2VzoFlRoY.xxGu705aHTtLWiYa2OLl3XRTQrC17QbDK.a', 'kabiru.gaya@gmail.com', 'KABIRU', 'GAYA', 'IBRAHIM', 'kabiru-gaya', 'Male', '', NULL, 'uploads/avartars/61_avartar.jpg', 380, 11, 2, 1, 1, 'OLfnp3pK0H4gQrwwJJix4SxNfwzccbgxgdydxf5e', 3, NULL, '2015-09-05 20:30:54', '2015-09-11 18:11:11'),
(62, '$2y$10$l3KuJWWEL8hillphg..bY.1vuQdx./c5RckIcOswi1o03VA4GDvzG', 'mustapha.bukar@gmail.com', 'MUSTAPHA', 'BUKAR', '', 'mustapha-bukar', 'Male', '', NULL, 'uploads/avartars/62_avartar.jpg', 420, 11, 2, 1, 1, 'VPn5kdQ6Vn069p8WUPZ5BOxuTz91R4h6SGWOMyI4', 3, NULL, '2015-09-05 20:31:48', '2015-09-11 18:09:29'),
(63, '$2y$10$TjjpDJHrjDr0m9TGfcPauOMBLfYYJVxJEIPzLDnanRvwMxK7jcydK', 'abu.ibrahim@gmail.com', 'ABU', 'IBRAHIM', '', 'abu-ibrahim', 'Male', '', NULL, 'uploads/avartars/63_avartar.jpg', 426, 11, 2, 1, 1, '1HvYr4RoLHP9Gw6r6vAfj5ELfJ5UYANrAgI0J0PS', 3, NULL, '2015-09-05 20:32:41', '2015-09-11 18:07:56'),
(64, '$2y$10$ne5ClERqdzqO6QqgR6Uxlun1Wp7LMPP0ESm.K2XHE1211mMnETMSS', 'umaru.kurfi@gmail.com', 'UMARU', 'KURFI', 'IBRAHIM', 'umaru-kurfi', 'Male', '', NULL, 'uploads/avartars/64_avartar.jpg', 427, 11, 2, 1, 1, 'f8axnljimwKc24LVTQtWkIsfHv8qdBbzQYhGn7hv', 3, NULL, '2015-09-05 20:33:18', '2015-09-11 21:48:53'),
(65, '$2y$10$MTyS3wM8jEkI1K/vCQeLBOkLqa8pJ1WH3wot2nC8Iel3Hz6N3UQbW', 'yahaya.abdullahi@gmail.com', 'YAHAYA', 'ABDULLAHI', 'A.', 'yahaya-abdullahi', 'Male', '', NULL, 'uploads/avartars/65_avartar.jpg', 460, 11, 2, 1, 1, 'wrKRRTgHlEqBjwe48l97Fx4CgdMfxTEl8FX8laAJ', 3, NULL, '2015-09-05 20:34:11', '2015-09-11 21:38:11'),
(66, '$2y$10$/faP22xeH.397eyrj2wCwOHo4ogurpHu7JvYO7.qUlkGSnn80kYri', 'muhammad.aliero@gmail.com', 'MUHAMMAD', 'ALIERO', 'ADAMU', 'muhammad-aliero', 'Male', '', NULL, 'uploads/avartars/66_avartar.gif', 462, 11, 2, 1, 1, 'EfTy7pvmLZfQNpPpn1OE8bECojqHdVGilmi5k2yB', 3, NULL, '2015-09-05 20:34:52', '2015-09-11 17:59:43'),
(67, '$2y$10$WA58hwUaNoPKejZJXmO3Fe12G3m7/CrT33FXHgtoGh6RKgMyob1/K', 'bala.ibnnaallah@gmail.com', 'BALA', 'IBN NA''ALLAH', '', 'bala-ibn-na''allah', 'Male', '', NULL, 'uploads/avartars/67_avartar.jpg', 460, 11, 2, 1, 1, 'F0sjgpEMMFzM8K1Ce3RYjPzvIYPCwq6BxQXAvbag', 3, NULL, '2015-09-05 20:36:31', '2015-09-11 17:57:52'),
(68, '$2y$10$RKYd6c1WU4F/5XoY11lQ1OpbkSQTvTgyAVQv4YJXlQDsGDZnptpyS', 'dino.melaye@gmail.com', 'DINO', 'MELAYE', '', 'dino-melaye', 'Male', '', NULL, 'uploads/avartars/68_avartar.jpeg', 474, 0, 2, 1, 1, 'prPnLLrYmwJopsN2v3kxmrZvAwlCmTgSCLvtLBhd', 3, NULL, '2015-09-05 20:37:11', '2015-09-11 17:49:01'),
(69, '$2y$10$CPQ.XFtTz0.nd06N5ZZOVugS9zJ1VraOZ8y.XMv7Euqatq4bT4Ooq', 'mohammed.ohiare@gmail.com', 'MOHAMMED', 'OHIARE', 'ABDULSALAMI', 'mohammed-ohiare', 'Male', '', NULL, 'uploads/avartars/69_avartar.jpg', 476, 5, 2, 1, 1, 'ZKQNDw5MsKQUP4JIMMHh0d7Rww9SW8L7HYMJZ4wk', 3, NULL, '2015-09-05 20:37:55', '2015-09-11 17:56:16'),
(70, '$2y$10$wYSWtuDHIrKt5eO0i0SFJeESXbPkSL7MUQ3xrtoiuMJRqemrrJCt6', 'abdulrahman.abubakar@gmail.com', 'ABDULRAHMAN', 'ABUBAKAR', '', 'abdulrahman-abubakar', 'Male', '', NULL, 'uploads/avartars/70_avartar.jpg', 481, 11, 2, 1, 1, 'cP1QOiTrjwq3zlJ8PtTSmDtyH6jbdtMJwOuDJa7F', 3, NULL, '2015-09-05 20:38:34', '2015-09-11 17:53:58'),
(71, '$2y$10$KYzuaqyp3xdQbL1j69cF8uiplOylqDN6LcjTUJ3nVjtAd6IdHszM.', 'mohammed.lafiagi@gmail.com', 'MOHAMMED', 'LAFIAGI', '', 'mohammed-lafiagi', 'Male', '', NULL, 'uploads/avartars/71_avartar.jpg', 505, 11, 2, 1, 1, 'NBzTiQTcFyYHzlWF0nTvgoaIMCogFSGEfCRqTH3C', 3, NULL, '2015-09-05 20:39:50', '2015-09-11 21:13:27'),
(72, '$2y$10$z3ybkyx2u5ti2SNcqEjrnOw2tozVUM6LWcvrSZPCO.nU.mCzvz4n.', 'abubakar.saraki@gmail.com', 'ABUBAKAR', 'SARAKI', 'Bukola', 'abubakar-saraki', 'Male', '08098987654', '1962-12-19', 'uploads/avartars/72_avartar.jpg', 497, 5, 2, 1, 1, 'QWiOcEKkAEx89SHaF81UarnFU3m501OVwQ2bPr2D', 3, 'vEZ2bV0vLi6mCWmnWIKxxoYAKPVtrCEIdAdmXlxIdSf8KjgKuw6j2CBjLRLA', '2015-09-05 20:40:41', '2015-09-11 21:12:13'),
(73, '$2y$10$A5TXtmT5fxtwioBkqStXP.fIrveo6Ea.3inBejed60QuZqNxPx16K', 'rafiu.ibrahim@gmail.com', 'RAFIU', 'IBRAHIM', '', 'rafiu-ibrahim', 'Male', '', NULL, 'uploads/avartars/73_avartar.jpg', 494, 11, 2, 1, 1, 'Jxdh2m4AZZ9WlQqzxJChUS8qrqMc9x5DsCK7vLKX', 3, NULL, '2015-09-05 20:41:42', '2015-09-11 21:14:37'),
(74, '$2y$10$XbU2srYLgAaoIL3YGdQYy.g/icGRWdPZZma6SVmgxi2lwfhh1NmO.', 'oluremi.tinubu@gmail.com', 'OLUREMI', 'TINUBU', '', 'oluremi-tinubu', 'Female', '08098987766', '1959-08-19', 'uploads/avartars/74_avartar.jpg', 519, 4, 4, 1, 1, 'QEkm5aR2pMJV4DDR1eaDPFi00Kgh4OygIdKOAiUw', 3, 'WrGHBTQ1Tiq9crL2oqL8lfoXPAGENjWqYlXjg1MexmqZkFHS5LIUdJlYfTKL', '2015-09-05 20:43:18', '2015-09-08 23:30:29'),
(75, '$2y$10$eIkp6nMiiih4Ltiae1M6muyA8z.V3MbsMztQ8iCW2rSFpfMPYu2xW', 'bareehu.ashafa@gmail.com', 'BAREEHU', 'ASHAFA', 'OLUGBENGA', 'bareehu-ashafa', 'Male', '', NULL, 'uploads/avartars/75_avartar.jpg', 511, 1, 2, 1, 1, 'f05O4lzVUsD4vnmBylJGKj0GUaPxEn957dgqCwpm', 3, NULL, '2015-09-05 20:44:12', '2015-09-11 17:45:46'),
(76, '$2y$10$/9X37pijkdRF46D9N99iZ.i/HYjeu2B49Fgs9H5mclrwaCohaeDy2', 'adeola.olamilekan@gmail.com', 'ADEOLA', 'OLAMILEKAN', 'SOLOMON', 'adeola-olamilekan', 'Male', '', NULL, 'uploads/avartars/76_avartar.jpeg', 519, 1, 2, 1, 1, '0s5XwQfKHDrbFbUzjmVjNeKcyh0x3ZI5bk9APtzU', 3, NULL, '2015-09-05 20:47:58', '2015-09-11 17:44:03'),
(77, '$2y$10$svObN5G3XbBVhoh5eSdvY.DQYFccBX7tXPIMVyfDDjs.3ENTrJOsO', 'philip.gyunka@gmail.com', 'PHILIP', 'GYUNKA', 'ARUWA', 'philip-gyunka', 'Male', '', NULL, 'uploads/avartars/77_avartar.jpeg', 528, 1, 1, 1, 1, 'h5Q0kuOfl2nhz2mdjuFryK5BLkfQXQiNH612w3j7', 3, NULL, '2015-09-05 20:48:47', '2015-09-11 17:34:17'),
(78, '$2y$10$XbSwdXo68k/Bp30DGSwGtOB9BFmqzoSarfFuDim3Ht/UtAQE8cHpG', 'abdullahi.adamu@gmail.com', 'ABDULLAHI', 'ADAMU', '', 'abdullahi-adamu', 'Male', '', NULL, 'uploads/avartars/78_avartar.jpg', 535, 11, 2, 1, 1, 'BDD7GSMsbqsVJj75PmfR0BAJRWxvbjXTsNPQZLrh', 3, NULL, '2015-09-05 20:49:33', '2015-09-11 17:35:43'),
(79, '$2y$10$qAnGD8gFFy.kynRxnOhHAeGfwKpkuE03bhrpI1Ywuwz1IxI4na5Ve', 'salihu.egye@gmail.com', 'SALIHU', 'EGYE', 'HUSSAIN', 'salihu-egye', 'Male', '', NULL, 'uploads/avartars/79_avartar.jpg', 533, 11, 2, 1, 1, 'YA0IvLc6SP3gtDjbJG9J3vfCEftvbPgJlx1eFxyf', 3, NULL, '2015-09-05 20:50:13', '2015-09-11 17:22:15'),
(80, '$2y$10$kwdtoxhGCyv6FNgt8aFUwOIJujKN20c3XR2Gn7w3yNY7ogUBvvH1e', 'mohammed.garba@gmail.com', 'MOHAMMED', 'GARBA', '', 'mohammed-garba', 'Male', '', NULL, 'uploads/avartars/80_avartar.jpg', 694, 0, 2, 1, 1, 'VAiD2H5nYm8bsGzjav6Mr8043UvGsW3tNAr2zAPf', 3, NULL, '2015-09-05 20:50:57', '2015-09-11 20:45:04'),
(81, '$2y$10$zDIMI83LocxJ9a9K11FGHefHmfH/scfGmQGvBJUZpDCokGnxG61FO', 'aliyu.abdullahi@gmail.com', 'ALIYU', 'ABDULLAHI', '', 'aliyu-abdullahi', 'Male', '', NULL, 'uploads/avartars/81_avartar.jpg', 546, 0, 2, 1, 1, 'iUxlLhM9NP70m88kqUxzffPqafIy48mRyTMh6a67', 3, NULL, '2015-09-05 20:51:43', '2015-09-11 20:28:10'),
(82, '$2y$10$p50A4AXHOfBLtyIpgMygn.T2z2qiJM72H1G.KimaCRfE5PuIFuuSa', 'david.umaru@gmail.com', 'DAVID', 'UMARU', '', 'david-umaru', 'Male', '', NULL, 'uploads/avartars/82_avartar.jpg', 550, 0, 2, 1, 1, 'usl4WwUE4mpjRoXy99eUvnwCvJXiNegAuOC2SMR9', 3, NULL, '2015-09-05 20:52:16', '2015-09-11 20:03:39'),
(83, '$2y$10$ZwakdrHBHXgoRug3myYNpuB57W9kNaZi7AxLNE/PfDAKKa9ChnU4G', 'olanrewaju.tejuoso@gmail.com', 'OLANREWAJU', 'TEJUOSO', 'ADEYEMI', 'olanrewaju-tejuoso', 'Male', '', NULL, 'uploads/avartars/83_avartar.jpg', 578, 1, 2, 1, 1, 'MEmOuHZWB50ESitnr76alO2EFiueInbyUIsPuS8G', 3, NULL, '2015-09-05 20:53:12', '2015-09-11 17:19:52'),
(84, '$2y$10$GY68UpECy/jNo4YGszxKKuKbM1m1gftyZyWeeCWnce2SYcCBQchai', 'buruji.kashamu@gmail.com', 'BURUJI', 'KASHAMU', '', 'buruji-kashamu', 'Male', '', NULL, 'uploads/avartars/84_avartar.jpeg', 579, 1, 1, 1, 1, '4rgaj8zStFJrE5PcYznLpthxSahlGZb9IMoetG9f', 3, NULL, '2015-09-05 20:54:03', '2015-09-11 17:17:34'),
(85, '$2y$10$sd1MjqFi7d1z0EoP2hm3ZeEUl/O5iYoIEwcshj8sJkQHfNUSelSPe', 'joseph.dada@gmail.com', 'JOSEPH', 'DADA', 'Gbolahan ', 'joseph-dada', 'Male', '', NULL, 'uploads/avartars/85_avartar.jpeg', 565, 0, 2, 1, 1, 'vVVMX8mkoPZSMGb9bxEOQUw9qtSYAnM5idhChrfA', 3, NULL, '2015-09-05 20:54:39', '2015-09-11 17:15:22'),
(86, '$2y$10$dg.1cJMM0UeN/lfiIOOG6eL19DE6e4eyv9yMje4OHol2L1L.ZoHVm', 'robert.boroffice@gmail.com', 'ROBERT', 'BOROFFICE', '', 'robert-boroffice', 'Male', '', NULL, 'uploads/avartars/86_avartar.jpg', 590, 0, 2, 1, 1, '9jSiUA4vAM7qV15ONqB3PFcDYvEULgM1kJ91FQ1C', 3, NULL, '2015-09-05 20:55:39', '2015-09-11 17:21:58'),
(87, '$2y$10$Ssaa16g1dqS5k3i/ceKLPuATJzjZR5fHqpMspaww5INECENRG4ll2', 'donald.alasoadura@gmail.com', 'DONALD', 'ALASOADURA', '', 'donald-alasoadura', 'Male', '', NULL, 'uploads/avartars/87_avartar.jpg', 599, 0, 2, 1, 1, 'XwjAfPE9qb90Fl7UgXtNxdykhhxPjnb2KYHBsy5Q', 3, NULL, '2015-09-05 20:56:25', '2015-09-11 17:25:07'),
(88, '$2y$10$iyF9XVwaN95l6.DxZL7XXeDdSIqIbJ1I8SDlco15GE6WtWkTf5hSC', 'yele.omogunwa@gmail.com', 'YELE', 'OMOGUNWA', '', 'yele-omogunwa', 'Male', '', NULL, 'uploads/avartars/88_avartar.jpg', 597, 0, 1, 1, 1, 'GBtm5Y776b11rCf3kzhDQrdEpPp2dVQTF5YnIQrW', 3, NULL, '2015-09-05 20:57:04', '2015-09-11 17:29:54'),
(89, '$2y$10$C38tea1/AGJS0aa4Vi.Jy.U/gJ9n5qq6mPDcHS6ZNVhzu6l9U0g4W', 'olusola.adeyeye@gmail.com', 'OLUSOLA', 'ADEYEYE', '', 'olusola-adeyeye', 'Male', '', NULL, 'uploads/avartars/89_avartar.jpeg', 607, 1, 2, 1, 1, 'bKlo7901PPW4HWpTNWOksooLCnmBJ1jkeZaOuEpW', 3, NULL, '2015-09-05 20:57:52', '2015-09-11 17:11:08'),
(90, '$2y$10$fAm1D5AhjSKDcQwKWC264uojYkop/aC8CqKC5vSHrz2hH2.HXaz.m', 'babajide.omoworare@gmail.com', 'BABAJIDE', 'OMOWORARE', '', 'babajide-omoworare', 'Male', '', NULL, 'uploads/avartars/90_avartar.png', 606, 1, 2, 1, 1, 'Anfv9hiBR6Sm1TOfJvlPel4ZQIn6I0fPIS6G3ShP', 3, NULL, '2015-09-05 20:59:53', '2015-09-11 17:09:29'),
(91, '$2y$10$0MZNXebkOUqL/wFMvRFu/eeB0q5KDW05qjr0gP30ubamealJNh7uO', 'isiaka.adeleke@gmail.com', 'ISIAKA', 'ADELEKE', '', 'isiaka-adeleke', 'Male', '', NULL, 'uploads/avartars/91_avartar.jpg', 612, 1, 2, 1, 1, 'wqk2wsJBqvcPcKbahXl5h3zAGTem1V5QoL6AJH9d', 3, NULL, '2015-09-05 21:00:28', '2015-09-11 17:06:38'),
(92, '$2y$10$Sy3HwZB6WZJ/HH/niJKZ2.m7theMYp1LJpqs.din7Dhas7pyxNRPW', 'monsurat.sunmonu@gmail.com', 'MONSURAT', 'SUNMONU', '', 'monsurat-sunmonu', 'Female', '', NULL, 'uploads/avartars/92_avartar.jpg', 637, 4, 2, 1, 1, 'YFbwaMydLQdQ0ezyA4bUhJPwmIxtzcqTTpztNSPN', 3, NULL, '2015-09-05 21:01:23', '2015-09-14 15:10:09'),
(93, '$2y$10$HYHXwxPIWtz12nnY1kBhNONt.ocXpCP9Jzuib31P8Lrt0qDT9sCXS', 'buhari.abdulfatai@gmail.com', 'BUHARI', 'ABDULFATAI', '', 'buhari-abdulfatai', 'Male', '', NULL, 'uploads/avartars/93_avartar.jpeg', 640, 0, 2, 1, 1, 'lQFS5dAs29xYYExKpbSdYRMmAU624VU3pdu1TY3S', 3, NULL, '2015-09-05 21:02:21', '2015-09-11 17:09:11'),
(94, '$2y$10$2DNX.KI6ipLAI1vLo9qtw.FHIfRjyZKwhVR//OZkU7flxbjlESJSm', 'rilwan.akanbi@gmail.com', 'RILWAN', 'AKANBI', '', 'rilwan-akanbi', 'Male', '', NULL, 'uploads/avartars/94_avartar.jpg', 641, 11, 2, 1, 1, 'KIUGnVAQhehJ9LMe8YEWUTuo5pPmMwE2gg9bkyqB', 3, NULL, '2015-09-05 21:02:53', '2015-09-11 17:12:32'),
(95, '$2y$10$nX9zFswmB1AX2qndchErseuF.W1RN3.xW9OJwkWiIEzIZMIv/PAjq', 'jeremiah.useni@gmail.com', 'JEREMIAH', 'USENI', 'TIMBUT', 'jeremiah-useni', 'Male', '', NULL, 'uploads/avartars/95_avartar.jpg', 676, 1, 1, 1, 1, 'Hx1GsBHoDfp2T6OH2EPn6m4RlYj0DqnSGJ5ro1jf', 3, NULL, '2015-09-05 21:03:33', '2015-09-11 17:03:18'),
(96, '$2y$10$H2tzYj00M9V12eAblTLeJO.jtIJa8Ptg0QZrgCVXfMDZ9j2.B/rO.', 'joshua.chibi@gmail.com', 'JOSHUA', 'CHIBI', 'Dariye', 'joshua-chibi', 'Male', '', NULL, 'uploads/avartars/96_avartar.jpg', 677, 1, 1, 1, 1, 'zphCPa9U6BtHFQheFfPLmq9Lha3vDpVGxe162Nis', 3, NULL, '2015-09-05 21:04:43', '2015-09-11 16:58:21'),
(97, '$2y$10$9SV0ochdPZQKJvs7eWleLOaVFKXx5QgBiE5bW8sp8Yyk.zFo29Kt.', 'jang.jonah@gmail.com', 'JANG', 'JONAH', '', 'jang-jonah', 'Male', '', NULL, 'uploads/avartars/97_avartar.jpeg', 675, 1, 1, 1, 1, 'VzFDJfy4jspKr2NYNW5msrK3nAw7yPcIp5OSbBMn', 3, NULL, '2015-09-05 21:06:44', '2015-09-11 16:55:32'),
(98, '$2y$10$MoTkA6roEcQ/Fnzv7nnHkeKHbPbAGbU78xNifYNAVbhaYM3TSNlQ.', 'george.sekibo@gmail.com', 'GEORGE', 'SEKIBO', '', 'george-sekibo', 'Male', '', NULL, 'uploads/avartars/98_avartar.jpg', 685, 11, 1, 1, 1, '9P0w0cbz0eAUkFjOswm2Zox3yTmr0U7ha5Kc7z7G', 3, NULL, '2015-09-05 21:07:19', '2015-09-11 17:06:33'),
(99, '$2y$10$ICKc6Uc7Gi/oKmbdo2yKKuFomJwLJ3g60m0WdKNXsMfUkV5RVxgM2', 'olaka.nwogu@gmail.com', 'OLAKA', 'NWOGU', '', 'olaka-nwogu', 'Male', '', NULL, 'uploads/avartars/99_avartar.jpg', 690, 0, 1, 1, 1, 'x0icKzNZCdo98vjQOmj5KyjOnWBzMb0lumek1DOv', 3, NULL, '2015-09-05 21:07:58', '2015-09-11 16:55:18'),
(100, '$2y$10$krIoXL3Wo.T8S2tKUeC0FeCxtJgVcPnk0fpLC/cJqDucjvbFp1Che', 'osinakachukwu.ideozu@gmail.com', 'OSINAKACHUKWU', 'IDEOZU', '', 'osinakachukwu-ideozu', 'Male', '', NULL, 'uploads/avartars/100_avartar.jpg', 683, 0, 2, 1, 1, 'lU6eEObxaRITrlacBHeL0OrbKfKMOLKblQIhVeWF', 3, NULL, '2015-09-05 21:08:55', '2015-09-11 17:15:36'),
(101, '$2y$10$3y0xfYe1hPVsGUy9ldHIrustdN7Hsi1rA49ULanEfDUpOJeOcU/4K', 'ibrahim.gobir@gmail.com', 'IBRAHIM', 'GOBIR', '', 'ibrahim-gobir', 'Male', '', NULL, 'uploads/avartars/101_avartar.jpg', 716, 11, 2, 1, 1, 'uv3YGyiByMf2wU5HXhoGAmCiTbG7Wf8c5TtFBqu8', 3, NULL, '2015-09-05 21:10:22', '2015-09-11 16:44:26'),
(102, '$2y$10$kyS/Pfsx.akyLuCWQNFvqOJveJrs7Oz7GeAd8GqNBC5Tvdj7Mqvpu', 'aliyu.wamakko@gmail.com', 'ALIYU', 'WAMAKKO', '', 'aliyu-wamakko', 'Male', '', NULL, 'uploads/avartars/102_avartar.jpg', 719, 11, 2, 1, 1, 'IEkLrF4XGGSw4M0zfKbN3lwlB0x8PHxIIM4Dp6LE', 3, NULL, '2015-09-05 21:11:04', '2015-09-11 16:51:21'),
(103, '$2y$10$TRg7FOOz.5ggNUysuHotq.0fcasgJVut66dEMK7key7xdspNNFV4K', 'ibrahim.abdullahi@gmail.com', 'IBRAHIM', 'ABDULLAHI', 'Danbaba', 'ibrahim-abdullahi', 'Male', '', NULL, 'uploads/avartars/103_avartar.jpg', 723, 11, 2, 1, 1, 'WW7upgo1wSXbEEeARI9I6yb2QSsFmpFVMjqU1vie', 3, NULL, '2015-09-05 21:11:48', '2015-09-11 17:00:32'),
(104, '$2y$10$d2PpHriWDs.GXsFi/ECwf.FU88gLESdOioMZYZxP8nn9GyDTGWrpS', 'emmanuel.bwacha@gmail.com', 'EMMANUEL', 'BWACHA', '', 'emmanuel-bwacha', 'Male', '', NULL, 'uploads/avartars/104_avartar.jpg', 734, 0, 0, 1, 1, 'ELCTgVBlQwiiOH5t0wtbWMGQjOMpt5YeyxWp8vem', 3, NULL, '2015-09-05 21:12:29', '2015-09-11 16:15:33'),
(105, '$2y$10$AbJwt0nUXxyH751go/5cQ.Z1lcdU.5EcBcaziJD7dRDfbsXXNEd8m', 'bashir.marafa@gmail.com', 'BASHIR', 'MARAFA', '', 'bashir-marafa', 'Male', '', NULL, NULL, 734, 11, 2, 1, 1, 'cwzxQbCs2f9baHllHoZft5p5lKNCMAix14SV51oH', 3, NULL, '2015-09-05 21:13:25', '2015-09-11 16:41:47'),
(106, '$2y$10$loWy0tL.ITrL4c3rafkMDeiMTOqOxqHzgUt.Gan0OoAK9YH9oBloq', 'abubakar.danladi@gmail.com', 'ABUBAKAR', 'DANLADI', '', 'abubakar-danladi', 'Male', '', NULL, 'uploads/avartars/106_avartar.jpg', 733, 11, 1, 1, 1, '8hWuOW1LC8Ol5su6omZDx4i5qFsUSysyOeFFpvkV', 3, NULL, '2015-09-05 21:14:28', '2015-09-11 16:33:50'),
(107, '$2y$10$oPTt0mtg.9LF2gbF0NHkxO/.cz6igDFR0/YE60q7T7agCqievslvy', 'bukar.ibrahim@gmail.com', 'BUKAR', 'IBRAHIM', 'Abba', 'bukar-ibrahim', 'Male', '', NULL, 'uploads/avartars/107_avartar.gif', 756, 11, 2, 1, 1, 'PqCsjh91uYhSuYFloBxHBjplMu6H0M3puixFEv2d', 3, NULL, '2015-09-05 21:16:01', '2015-09-11 16:25:40'),
(108, '$2y$10$h.Xo17LBKhsH6gOOE4cuR.0v5w544aMrS.WmlfEA3D740hrObbLai', 'ahmad.lawan@gmail.com', 'AHMAD', 'LAWAN', 'Ibrahim', 'ahmad-lawan', 'Male', '', '1959-01-12', 'uploads/avartars/108_avartar.jpeg', 746, 11, 2, 1, 1, 'PpBrJSQbgbaIOpaEilx2GFnNfae6pFjl7fZNlUTb', 3, NULL, '2015-09-05 21:16:43', '2015-09-11 16:21:23'),
(109, '$2y$10$CxWQreAjgRbgCJbR1TY05.NyWpEr0h9PYL0oxQ15mmuf6RDc7bF3W', 'mohammed.hassan@gmail.com', 'MOHAMMED', 'HASSAN', '', 'mohammed-hassan', 'Male', '', NULL, 'uploads/avartars/109_avartar.jpg', 755, 11, 1, 1, 1, 'tYE13vlpnFpiu0fgVYKbHbtIFgViQO5J8yioHIQr', 3, NULL, '2015-09-05 21:17:41', '2015-09-11 17:04:17'),
(110, '$2y$10$IiSVEAuBlaPC0p5J6hFSfO1HPHlTelhWWI8RUhIHxaddpcYEJ36Z6', 'kabir.marafa@gmail.com', 'KABIR', 'MARAFA', '', 'kabir-marafa', 'Male', '', NULL, 'uploads/avartars/110_avartar.jpg', 773, 11, 0, 1, 1, 'DdRbyhy1MTHh9p8rqg3IGTs1t7fh30paYGdEM5Sv', 3, NULL, '2015-09-05 21:18:19', '2015-09-11 16:03:39'),
(111, '$2y$10$fVXC.5pq/QwDDT4hFrnO6ugntDOyJkioQLnOYy6M9Zl/gF0e//5c6', 'tijjani.kaura@gmail.com', 'TIJJANI', 'KAURA', '', 'tijjani-kaura', 'Male', '', NULL, 'uploads/avartars/111_avartar.jpg', 769, 0, 2, 1, 1, 'pwQFoB1JkwwNiSDK2hYMGcQlKXOONmd4yXK7gvOS', 3, NULL, '2015-09-05 21:19:08', '2015-09-11 16:01:21'),
(112, '$2y$10$5vwXhUpaLPOptK0iau63zegD03Yr.AMppTp9SSgJjJvfyVYFC98m2', 'darlintn.nwokocha@gmail.com', 'DARLINTON', 'NWOKOCHA', '', 'darlinton-nwokocha', 'Male', '', NULL, 'uploads/avartars/112_avartar.jpg', 6, 0, 0, 1, 1, '1tqSz2J9rNwB9MTgOf73WhjQ1rCVvIJemuJWv04a', 4, NULL, '2015-09-07 06:00:57', '2015-09-14 16:05:51'),
(113, '$2y$10$CPxwhhPEKqOQy1d1afeDzetx1BDOCU/SiES1kq2MOkSWFPMOqCWE.', 'samuel.onuigbo@gmail.com', 'SAMUEL', 'ONUIGBO', '', 'samuel-onuigbo', 'Male', '', NULL, 'uploads/avartars/113_avartar.jpg', 5, 0, 0, 1, 1, '4ZH1R4dLJDgxyUiqwRuFpo1Gm1TRGciFVbnCAyTl', 4, NULL, '2015-09-07 06:02:53', '2015-09-14 16:16:47'),
(114, '$2y$10$nwQslB2kSmJ9FU9b1ZKqWu2rAaLVrp0ORuQDdHAuz52MpdxaF8i1.', 'nnenna.elendu@gmail.com', 'NNENNA', 'ELENDU-UKEJE', '', 'nnenna-elendu-ukeje', 'Female', '', NULL, 'uploads/avartars/114_avartar.jpg', 4, 0, 0, 1, 1, 'WCq0C1UcNRq4kuZleCoIdOSrPOGqI23dcR3nNv46', 4, NULL, '2015-09-07 06:03:37', '2015-09-14 16:04:37'),
(115, '$2y$10$VXCgYp2eI2vnaW2Xv5D1GOtpOBYGXDkAYeZBai76ufzIwOpHhENbO', 'ossy.ehiriodo@gmail.com', 'OSSY PRESTIGE', 'EHIRIODO O OSSY', '', 'ossy-prestige-ehiriodo-o-ossy', 'Male', '', NULL, 'uploads/avartars/115_avartar.jpg', 1, 0, 0, 1, 1, 'UF0H0lWNhdB8UUZNZTyf3TwLaS6PSHTbJgmzEiXf', 4, NULL, '2015-09-07 06:08:13', '2015-09-14 15:50:45'),
(116, '$2y$10$nGQAbC4lfuWc40WvhDDcw.0l0YpqXmKAPvb5ICUtZwq5R.e9mUmXy', 'nkole.ndukwe@gmail.com', 'NKOLE', 'NDUKWE', '', 'nkole-ndukwe', 'Male', '', NULL, 'uploads/avartars/116_avartar.jpg', 3, 0, 0, 1, 1, 'gEoXny7j2JEreUQs6Y39cNbmq1YOXhpNQypxfAlU', 4, NULL, '2015-09-07 06:09:12', '2015-09-14 16:02:55'),
(117, '$2y$10$9fMfitRq97p/mLg/94yajO3myuXnl3JyWm7n4ci4CdJ/MKnX7v/OW', 'solomon.ezinwa@gmail.com', 'SOLOMON', 'EZINWA', '', 'solomon-ezinwa', 'Male', '', NULL, 'uploads/avartars/117_avartar.jpg', 9, 0, 0, 1, 1, '1UGnuddfpye4m5i0eEUJARaBubK8BvLqqAJKzDtb', 4, NULL, '2015-09-07 06:09:47', '2015-09-14 16:09:22'),
(118, '$2y$10$aY9GefpXC.CF6U5vQtHXxeDHDKTYyz1uHcVhNYqL88oLwiB8/0kNG', 'nkeruka.onyejeocha@gmail.com', 'NKIRUKA', 'ONYEJEOCHA', '', 'nkiruka-onyejeocha', 'Female', '', NULL, 'uploads/avartars/118_avartar.jpg', 8, 11, 4, 1, 1, '492xTFmZFZfIOhvxoozZkYiZh3pgNQFxLy0wRfPi', 4, NULL, '2015-09-07 06:10:45', '2015-09-14 22:39:01'),
(119, '$2y$10$EfCggNc7MO0U5D387MVpMeGC3LOLi6NzT0J28uhZr4Z3HpPUWOHme', 'uzoma.abonta@gmail.com', 'UZOMA', 'ABONTA', '', 'uzoma-abonta', 'Male', '', NULL, 'uploads/avartars/119_avartar.jpg', 13, 0, 0, 1, 1, '61eug4XswKlqSONSxprnlVzsJRpdoXfALsPk6QAi', 4, NULL, '2015-09-07 06:11:54', '2015-09-14 16:15:06'),
(120, '$2y$10$VhqVDqc3BL.71tj5TvLhNe.m5UnTmBrrmmh/ktbUiZj3c.M16nWom', 'yusuf.yakub@gmail.com', 'YUSUF', 'YAKUB', NULL, 'yusuf-yakub', 'Male', NULL, NULL, NULL, 0, NULL, NULL, 1, 1, '6Fe19pQMt0wlfwr9W6gAbsR8oJ2cfvxCVPR3qJFp', 4, '3CIoHLcId8ELBNpSzRVH3UQIjiJ4whJOp430IZeHpkiNZ6upNe5UyNfGWcht', '2015-09-07 06:12:38', '2015-09-24 18:53:27'),
(121, '$2y$10$G9/zITBTeXhFFSM.Xr8EZeu463jHUIGOah4GFhDd2pKiNE.VtEHWW', 'lawal.garba@gmail.com', 'LAWAL', 'GARBA', '', 'lawal-garba', 'Male', '', NULL, 'uploads/avartars/121_avartar.jpg', 37, 0, 0, 1, 1, 'LbYlGCGHiC2OWJHvJXX8Z3UNPDGGrvdaJFMabWAR', 4, NULL, '2015-09-07 06:14:17', '2015-09-14 17:15:46'),
(122, '$2y$10$ejWTzWRNUh7iP1nXLJmGn.JWkBr/OQ11dp0.wJecF8WH2z1qWkK2S', 'adamu.kamale@gmail.com', 'ADAMU DAU', 'KAMALE', '', 'adamu-dau-kamale', 'Male', '', NULL, 'uploads/avartars/122_avartar.jpg', 30, 0, 0, 1, 1, 'mctySD28V3noMoJXbm23Gsiw0jTtWLS36ik6n82p', 4, NULL, '2015-09-07 06:14:56', '2015-09-14 17:07:11'),
(123, '$2y$10$CSTjQ5wnUSXP7Z9k1rjYAe0rnLS98WEHDqLMSrnmAh5mDYkGGFFW.', 'abdulrahman.abubakar@yahoo.com', 'ABDULRAHMAN', 'ABUBAKAR', NULL, 'abdulrahman-abubakar', 'Male', NULL, NULL, 'uploads/avartars/123_avartar.jpg', 0, NULL, NULL, 1, 1, 'iwU7UVpH2ne9pYSYaGbtYXNgZOmpWVuep3NGC7Sf', 4, NULL, '2015-09-07 06:17:03', '2015-09-16 19:41:52'),
(124, '$2y$10$fQTWXAA1Trx84CJtlVgav..EBtURxxnMBH.oja.SWjMTp4LHv0o7.', 'philip.gutuwa@yahoo.com', 'PHILIP', 'GUTUWA', NULL, 'philip-gutuwa', 'Male', NULL, NULL, NULL, 0, NULL, NULL, 1, 1, 'vgxpFFrCXQLdWiXKxI80W77qpWYp41CtHBgEQ7VE', 4, NULL, '2015-09-07 06:17:43', '2015-09-07 06:17:43'),
(125, '$2y$10$KTP8kkXhKSY.k/hLUAg9wOT4xW3AOMwkCUbmgDIIU2f2yQOm3zQyq', 'sadiq.ibrahim@gmail.com', 'SADIQ', 'IBRAHIM', NULL, 'sadiq-ibrahim', 'Male', NULL, NULL, NULL, 0, NULL, NULL, 1, 1, '7uInhogYJ34lr24gXIw2msFGTC6bEyGSEXIFWR7B', 4, NULL, '2015-09-07 06:18:24', '2015-09-07 06:18:24'),
(126, '$2y$10$xvb5gVJnrXoBUjmJzTXMmeSpppt0KpxiLMMdakF.Q5EW6GoKUU5t.', 'kwamoti.laori@gmail.com', 'KWAMOTI', 'LAORI', '', 'kwamoti-laori', 'Male', '', NULL, 'uploads/avartars/126_avartar.jpg', 33, 7, 4, 1, 1, 'pb9aemWJmXyTQ6xSsDqQ50HwwyUeJufbEy5XMfXY', 4, NULL, '2015-09-07 06:19:14', '2015-09-14 16:40:24'),
(127, '$2y$10$5uRajGb69jSLIGKuoB9RtOhfIOZ/MGe08FfPLXmCyWqJ3UtQerLGK', 'abdulrazak.namdas@gmail.com', 'ABDULRAZAK', 'NAMDAS', '', 'abdulrazak-namdas', 'Male', '', NULL, 'uploads/avartars/127_avartar.jpg', 25, 0, 0, 1, 1, 'H5ea5ZiLCmDgtZ6aPuF5JEq0JkW64plJbG7yXDXq', 4, NULL, '2015-09-07 06:20:04', '2015-09-14 16:43:25'),
(128, '$2y$10$0GtbEQE0gVmKj2CbgZtLgujMKB.S2VLWyClsHMsQNnnuwICE43VB.', 'emmanuel.ekon@gmail.com', 'EMMANUEL', 'EKON', '', 'emmanuel-ekon', 'Male', '', NULL, 'uploads/avartars/128_avartar.jpg', 39, 0, 0, 1, 1, 'eyZaf44DiqIu7bP4iv4YjW5l7rq1DzpO6k36aNZB', 4, NULL, '2015-09-07 06:20:34', '2015-09-14 20:24:13'),
(129, '$2y$10$Qrs3.tsmKOvhGvsm3xTm6uYfP8WSaiOPrVgwUPFiQBskATMZLUHmS', 'francis.uduyork@gmail.com', 'FRANCIS', 'UDUYORK', NULL, 'francis-uduyork', 'Male', NULL, NULL, NULL, 0, NULL, NULL, 1, 1, '4hR6TcBnlU0yg7IMiGf92dRy0yROy0OjOWqH0mqw', 4, NULL, '2015-09-07 06:21:23', '2015-09-07 06:21:23'),
(130, '$2y$10$Obbl5x7x6q3b9u6175hgEOuHLOnpZ7gKVtNbAv4HqogVqNK2YNXoe', 'emmanuel.akpan@gmail.com', 'EMMANUEL', 'AKPAN', NULL, 'emmanuel-akpan', 'Male', NULL, NULL, NULL, 0, NULL, NULL, 1, 1, 'S7ssQMs6PTHdullml9rfMILwu9IkpMetoqqG7xkm', 4, NULL, '2015-09-07 06:22:03', '2015-09-07 06:22:03'),
(131, '$2y$10$WCOlybDM7yIPZg5EfUxmp.uR3kpIG5g8T1rt0ha6yJyHLqVDduH.G', 'emmanuel.ukoete@gmail.com', 'EMMANUEL', 'UKOETE', '', 'emmanuel-ukoete', 'Male', '', NULL, 'uploads/avartars/131_avartar.jpg', 66, 0, 0, 1, 1, '1IBjDFquZvoxoIVLO1QOxV0GwFycJftoP5frn8Gb', 4, NULL, '2015-09-07 06:22:46', '2015-09-14 21:01:14'),
(132, '$2y$10$hFmnxetuQr0Z6kXsTUCndO1OvoolkMwOIJbqMAkwLgQ5.iRIgh7bO', 'iboro.ekanem@gmail.com', 'IBORO', 'EKANEM', NULL, 'iboro-ekanem', 'Male', NULL, NULL, NULL, 0, NULL, NULL, 1, 1, 'MaWr4lObgDQMeaNaipBrNOaJ3WdYLyZ4Gt5HtGbg', 4, NULL, '2015-09-07 06:23:21', '2015-09-07 06:23:21'),
(133, '$2y$10$vMyo9jFbnC5yr4RnDxXptOVj5Zi/UGLGtXmD1fMqsblPSAV/1665K', 'henry.archibong@gmail.com', 'HENRY', 'ARCHIBONG', NULL, 'henry-archibong', 'Male', NULL, NULL, NULL, 0, NULL, NULL, 1, 1, '4io6jas448maOW0aCar5wYVRaGRurNsRYhzORxPW', 4, NULL, '2015-09-07 06:23:54', '2015-09-07 06:23:54'),
(134, '$2y$10$2pjQfQzbG7h/hetngx/EJej9eL4ynq4N9zQ3NV1qf92OCceVS9AAm', 'samuel.ikon@gmail.com', 'SAMUEL', 'IKON', '', 'samuel-ikon', 'Male', '', NULL, 'uploads/avartars/134_avartar.jpg', 45, 0, 0, 1, 1, 'kKPK47QTKqlIsUweGVMqyFzPrSoxr6GyjyfzFixo', 4, NULL, '2015-09-07 06:24:23', '2015-09-14 20:25:55'),
(135, '$2y$10$33AGDtBMmbHgrVQlTw7eHeibJL13heK.RfWCcArr7XPTuKHAJLKBi', 'michael.enyong@gmail.com', 'MICHAEL', 'ENYONG', '', 'michael-enyong', 'Male', '', NULL, 'uploads/avartars/135_avartar.jpg', 67, 0, 0, 1, 1, '2q4rnzyiKBwi2yGnXKwAMiI1NCyiQNENTXaT8g16', 4, NULL, '2015-09-07 06:24:59', '2015-09-14 21:03:52'),
(136, '$2y$10$mzHja3JQPIDL94IUZfuH4u5mavxkKIb.zrlR2lsSWLvw1L8YA3VKe', 'bassey.ekpenyong@gmail.com', 'NSE BASSEY', 'EKPENYONG', NULL, 'nse-bassey-ekpenyong', 'Male', NULL, NULL, NULL, 0, NULL, NULL, 1, 1, 'XiIbSa4HITaOrzwl0ToBA1Seeg3rTNdr9zqlXK92', 4, NULL, '2015-09-07 06:25:57', '2015-09-07 06:25:57'),
(137, '$2y$10$03ui1jpBBAmg7c1qeQrfq.LmX4TlCYG9yxGhZuq83mbojWeBvXnnm', 'owoidighe.ekpoatai@gmail.com', 'OWOIDIGHE', 'EKPOATAI', NULL, 'owoidighe-ekpoatai', 'Male', NULL, NULL, NULL, 0, NULL, NULL, 1, 1, 'cdfAxHjnWkaB1wXHEUsLITzvaAQ2HSp5L3bJxLGQ', 4, NULL, '2015-09-07 06:26:55', '2015-09-07 06:26:55'),
(138, '$2y$10$rMVUSqpZj3lNqHZXxDUmReQ5mDCHAzi0E3s4DZNBzo8S4.cjj2X2a', 'eucharia.okwunna@gmail.com', 'EUCHARIA', 'OKWUNNA', '', 'eucharia-okwunna', 'Female', '', NULL, 'uploads/avartars/138_avartar.jpg', 70, 0, 0, 1, 1, 'fD7mDr3ynhSNd853OP1ZiZxeDRPtvFdTpdgvItdu', 4, NULL, '2015-09-07 06:27:39', '2015-09-14 18:50:48'),
(139, '$2y$10$ogfgzl939Qj6L2B2EG8ecudNbpIyzflOnBhT0C5XjBbKGDorP9jL.', 'chris.azubogu@gmail.com', 'CHRIS', 'AZUBOGU', '', 'chris-azubogu', 'Male', '', NULL, 'uploads/avartars/139_avartar.jpg', 78, 0, 0, 1, 1, 'ZQH21ZjvnkK7DysEOa7wjKP4TLAl86QxTtJ7w7Bm', 4, NULL, '2015-09-07 06:28:25', '2015-09-14 19:48:04'),
(140, '$2y$10$zhS6FQo/6EeraY8RIsSfqexIcfHPdEiXwY1oog.TNYtgs/1vdv08y', 'chukwuemeka.anohu@gmail.com', 'CHUKWUEMEKA', 'ANOHU', '', 'chukwuemeka-anohu', 'Male', '', NULL, 'uploads/avartars/140_avartar.jpg', 81, 0, 0, 1, 1, 'bURsO6lE7IHZUWpPozi6F1ZNsZiTHea5It061LAG', 4, NULL, '2015-09-07 06:29:21', '2015-09-14 19:44:28'),
(141, '$2y$10$mokSeTmwafNIVdMsVQL/cOO7BaeE2rdi7Y/ghV0/vO5PhuabG9OpO', 'okechukwu.eze@gmail.com', 'OKECHUKWU', 'EZE', NULL, 'okechukwu-eze', 'Male', NULL, NULL, NULL, 0, NULL, NULL, 1, 1, 'Eo67akooDus8dqQYrkbubStvVi30Kottr8ib9adj', 4, NULL, '2015-09-07 06:30:01', '2015-09-07 06:30:01'),
(142, '$2y$10$0JYWZobqt1cEDcZb6JINcO2Rpor54.QerRXtW9JcwXIEOUVrULtE.', 'peter.obiano@gmail.com', 'PETER', 'OBIANO', '', 'peter-obiano', 'Male', '', NULL, 'uploads/avartars/142_avartar.jpg', 71, 0, 0, 1, 1, 'YGPQ2sKXhcTxz5G2TSFA4wyFFIBdTDC05b0XUjQG', 4, NULL, '2015-09-07 06:30:43', '2015-09-14 17:41:59'),
(143, '$2y$10$LHoBD4/oaccRkJLz76Xx9.5MhQHio3BBSNTuiin1HC3HQDTDXcK22', 'sopuluchukwu.ezeonwuka@gmail.com', 'SOPULUCHUKWU', 'EZEONWUKA', NULL, 'sopuluchukwu-ezeonwuka', 'Male', NULL, NULL, NULL, 0, NULL, NULL, 1, 1, 'bo87BduGMQPQpcsySZF1jrTMIn2EBonMuOYgmsWc', 4, NULL, '2015-09-07 06:31:27', '2015-09-07 06:31:27'),
(144, '$2y$10$/emocMu9zbOn9/B.zTdm8uaPiwt0eTxNorr6vPLD3qxU7FyKmcZTm', 'obinna.chidoka@gmail.com', 'OBINNA', 'CHIDOKA', '', 'obinna-chidoka', 'Male', '', NULL, 'uploads/avartars/144_avartar.jpg', 80, 0, 0, 1, 1, 'EOd4xT7hHpmWtaquNaNKHhjnJma2VaYsvMwCLf8n', 4, NULL, '2015-09-07 06:32:10', '2015-09-14 19:37:54'),
(145, '$2y$10$Ulsb8phEJTBcpD8o0EiFO.mRfEZQne/ycMB9v69GAhIIEN1kzSRVu', 'anayo.nnebe@gmail.com', 'ANAYO', 'NNEBE', '', 'anayo-nnebe', 'Male', '', NULL, 'uploads/avartars/145_avartar.jpg', 74, 0, 0, 1, 1, 'DUjCt5YlKexWHMMFs1fNjYqxws32Q3MoPFz1iIRs', 4, NULL, '2015-09-07 06:32:43', '2015-09-14 19:14:08'),
(146, '$2y$10$l5vLgYvIJ3iE3pu68hddveaahKLcJ2zi9XfMjr1ZOexieCJez8yru', 'wilfred.chukwuka@gmail.com', 'WILFRED', 'CHUKWUKA', '', 'wilfred-chukwuka', 'Male', '', NULL, 'uploads/avartars/146_avartar.jpg', 85, 0, 0, 1, 1, 'm2eZhVMqQfxVYxAGrqWZWzyTvbPSrAcgRJZ5Icel', 4, NULL, '2015-09-07 06:34:04', '2015-09-14 18:56:34'),
(147, '$2y$10$Al0u4.KBBd3LcEykMTwo0uZC9T7lAFfe1cWAhNHx.zVMMt1xuVgsK', 'emeka.obiajulu@gmail.com', 'EMEKA', 'OBIAJULU', '', 'emeka-obiajulu', 'Male', '', NULL, 'uploads/avartars/147_avartar.jpg', 86, 0, 0, 1, 1, 'NYEtSX9iieQrg6R3EYA42Ftn1YPzArjjalwWPIyQ', 4, NULL, '2015-09-07 06:34:41', '2015-09-14 17:45:33'),
(148, '$2y$10$j4NERHeI4yDIOGfS9BtejeX2XE5z.Q21bWideLAkxcWs9YpTyg3eq', 'gabriel.onyenwife@gmail.com', 'GABRIEL', 'ONYENWIFE', NULL, 'gabriel-onyenwife', 'Male', NULL, NULL, NULL, 0, NULL, NULL, 1, 1, 'CzKVmsbRmkOcSvRnq3ZUISHtq4itg5tEnX7FRxvt', 4, NULL, '2015-09-07 06:35:30', '2015-09-07 06:35:30'),
(149, '$2y$10$CkmPcEZexPtOQagC.Ft1getxGxuKpKwJpfubw0/TnQ.oHuD26Iohm', 'hassan.mohammed@gmail.com', 'ISA', 'MOHAMMED', 'HASSAN', 'isa-mohammed', 'Male', '', NULL, 'uploads/avartars/149_avartar.jpg', 101, 0, 0, 1, 1, 'cZPbOkwPMd1tGL64E9AOTnYAxWutal8lqLySPvRo', 4, NULL, '2015-09-07 06:36:31', '2015-09-15 00:40:59'),
(150, '$2y$10$PKVbL/N3R2bBZzd7sFw/QuK4OxqeTqH8T6zYckHePA9kGkBv8hFQ6', 'ahmed.yerima@gmail.com', 'AHMED', 'YERIMA', '', 'ahmed-yerima', 'Male', '', NULL, 'uploads/avartars/150_avartar.jpg', 104, 0, 0, 1, 1, 'T4zp7UBic9F5h3M6DwVg3EiwlWnHDif0Wm3uaKqx', 4, NULL, '2015-09-07 06:37:02', '2015-09-14 23:45:55'),
(151, '$2y$10$VZsyELN467s2AiT0Uc6no.7Ju46Q0F4BcSCQ6afYHrdL7aAXb4qme', 'shehu.musa@gmail.com', 'SHEHU', 'MUSA', 'Aliyu', 'shehu-musa', 'Male', '', NULL, 'uploads/avartars/151_avartar.jpg', 92, 0, 0, 1, 1, '1UopCo8Wls89rO6ZoyqJzHApW9ao3J5isZzgfrvi', 4, NULL, '2015-09-07 06:38:19', '2015-09-14 23:21:58'),
(152, '$2y$10$Gnh9VclmNcj.Rj.6YbErXO4yzhT/UKe9mm9LT3KZpdszM2xJ5f4mq', 'gurai.adamu@gmail.com', 'GURAI', 'ADAMU', '', 'gurai-adamu', 'Male', '', NULL, 'uploads/avartars/152_avartar.jpg', 106, 0, 0, 1, 1, 'sO9ifi0M16A2QRaH6u4Mbjb57uuKoFIoRysJGSel', 4, NULL, '2015-09-07 06:39:11', '2015-09-15 00:46:55'),
(153, '$2y$10$9MakdNfgCpEug5kEptAOveftCht.VX/zoSHPWLmjP04OOwZMHC0P.', 'salisu.ningi@gmail.com', 'ZAKARI', 'SALISU', 'NINGI', 'zakari-salisu', 'Male', '', NULL, 'uploads/avartars/153_avartar.jpg', 105, 0, 0, 1, 1, 'Tr09qP64HL9pzS3HEhfA2AOCOPknw5cfXAjIkjhq', 4, NULL, '2015-09-07 06:39:56', '2015-09-14 23:39:59'),
(154, '$2y$10$ieuQoXrkRhEL3FC4iRnLYe7BKn7oe.a5RnPTtVAZpk4gi8Ao0fzBq', 'lawal.gumau@gmail.com', 'LAWAL', 'GUMAU', '', 'lawal-gumau', 'Male', '', NULL, 'uploads/avartars/154_avartar.jpg', 108, 0, 0, 1, 1, 'pxeP3xZXUGbFW8eSg9Z6UWU8qj3dbLuOEjbbgOWu', 4, NULL, '2015-09-07 06:40:36', '2015-09-14 23:36:40'),
(155, '$2y$10$4UZoYqk.GtDO50iQ8l.dAOGHP3fC1yfxrr6XX9PLh37.Wv48LYFM6', 'haliru.jika@gmail.com', 'JIKA', 'HALIRU', 'Dauda', 'jika-haliru', 'Male', '', NULL, 'uploads/avartars/155_avartar.jpg', 95, 9, 0, 1, 1, 'eADC6RLuDFSF54W9XVbmOOPBnxdM2VC5x19dWtHN', 4, NULL, '2015-09-07 06:41:19', '2015-09-14 23:42:56'),
(156, '$2y$10$8I12tpoI5wkbS45Q4xGL2O2fdRBcyh4nV6Bl/f24E1QLfvTAXNuaG', 'tata.omar@gmail.com', 'TATA', 'OMAR', NULL, 'tata-omar', 'Male', NULL, NULL, NULL, 0, NULL, NULL, 1, 1, 'hKMHaQm7wwtaoxXHZQokwpnbiDEHsV49mGKhejV8', 4, NULL, '2015-09-07 06:42:16', '2015-09-07 06:42:16'),
(157, '$2y$10$Psb1TnTjaiXXbk7G5Jh.muOqImRdHu1KTPFbzvLEnBH.CmZZyvVx2', 'mohammed.gololo@gmail.com', 'MOHAMMED', 'GOLOLO', NULL, 'mohammed-gololo', 'Male', NULL, NULL, NULL, 0, NULL, NULL, 1, 1, 'BlW5KyO4yNtgI7mYutXqT9nEfRli6OQDm0sGeMIG', 4, NULL, '2015-09-07 06:42:53', '2015-09-07 06:42:53'),
(158, '$2y$10$yV3uj.aBq6oT6eSu9GrAE.RNtt0XGI4CHRVXFBwKgWbRfsWp7e2Ca', 'dogara.yakubu@gmail.com', 'DOGARA', 'YAKUBU', '', 'dogara-yakubu', 'Male', '', NULL, 'uploads/avartars/158_avartar.jpg', 93, 0, 0, 1, 1, 'akV3YhdILPDmvlOzNa6IUmcwg0Ojqwr2b5kI54k3', 4, NULL, '2015-09-07 06:43:51', '2015-09-14 23:02:58');
INSERT INTO `users` (`user_id`, `password`, `email`, `first_name`, `last_name`, `middle_name`, `slug`, `gender`, `phone_no`, `dob`, `avatar`, `lga_id`, `salutation_id`, `political_party_id`, `verified`, `status`, `verification_code`, `user_type_id`, `remember_token`, `created_at`, `updated_at`) VALUES
(159, '$2y$10$4zVyaGuXOwC0wvTUOefTfuKLkJPgPni7u9AvYQmLrKu.6Dsv/Y4zO', 'muhammad.sani@gmail.com', 'MUHAMMAD', 'SANI', NULL, 'muhammad-sani', 'Male', NULL, NULL, NULL, 0, NULL, NULL, 1, 1, 'SnaC3MrTX2o2u6z9q452X355zVjyIFaZKngohS4t', 4, NULL, '2015-09-07 06:46:27', '2015-09-07 06:46:27'),
(160, '$2y$10$at/9uZV/Ja.jaDGzUJ565.FMYfh5bzz5Deg7t84KeacURYb89.5fa', 'ibrahim.baba@gmail.com', 'IBRAHIM', 'BABA', NULL, 'ibrahim-baba', 'Male', NULL, NULL, NULL, 0, NULL, NULL, 1, 1, 'GiFtkPHkAmnC7eTK4uOLXSlVI62MEr4uOLu2oKCB', 4, NULL, '2015-09-07 06:46:51', '2015-09-07 06:46:51'),
(161, '$2y$10$h4q91eUDEv8XJp3DPGVOIudb5bUuffsCui8.2K7AEMQYQzo49C16u', 'daniel.ofongo@gmail.com', 'DANIEL', 'OFONGO', NULL, 'daniel-ofongo', 'Male', NULL, NULL, 'uploads/avartars/161_avartar.jpg', 0, NULL, NULL, 1, 1, 'tH9GHnj0fuLEJ4Z0zi3TOv7wU63fYo9P7W9AdUz8', 4, NULL, '2015-09-07 06:49:36', '2015-09-15 16:02:28'),
(162, '$2y$10$9sUZXSqSOl1kV0yjo.BrieXnFNjGZV9WWgV09hoxLNq5cypu9.3nq', 'sodaguno.omoni@gmia.com', 'SODAGUNO', 'OMONI', NULL, 'sodaguno-omoni', 'Female', NULL, NULL, 'uploads/avartars/162_avartar.jpg', 0, NULL, NULL, 1, 1, 'g1ZXRTX1QmLONKTrkqdkdgRP4LsdzJGOre7lxWWs', 4, NULL, '2015-09-07 06:50:43', '2015-09-15 01:44:31'),
(163, '$2y$10$pBlOWKDCX9RirmQcerYkN.llY6/6L2KdYPO4iM2LebN2PyoH5cgyS', 'foingha.jephter@gmail.com', 'FOINGHA', 'JEPHTER', NULL, 'foingha-jephter', 'Male', NULL, NULL, 'uploads/avartars/163_avartar.jpg', 0, NULL, NULL, 1, 1, 'QhvFzoKw8Bwj2twJ5Ro4wzRR9F5axNvudqbOReWj', 4, NULL, '2015-09-07 06:51:38', '2015-09-15 01:02:12'),
(164, '$2y$10$XbjYDxZPs4/LEgAtycu2iegYvYReYaHRstt935NK.cDSLokP36eK2', 'fredrick.agbedi@gmail.com', 'FREDRICK', 'AGBEDI', NULL, 'fredrick-agbedi', 'Male', NULL, NULL, 'uploads/avartars/164_avartar.jpg', 0, NULL, NULL, 1, 1, 'q6ESt3LjdNih8vYgLb1H7q9pTYbpQj5UzYB6BXjT', 4, NULL, '2015-09-07 06:52:18', '2015-09-15 15:26:33'),
(165, '$2y$10$0iAP.vGL0XU6vw7UVGQ8e.V522A6RbeIDvTLHR.T4qI8w09rKbKgC', 'diri.douye@gmail.com', 'DIRI', 'DOUYE', NULL, 'diri-douye', 'Male', NULL, NULL, 'uploads/avartars/165_avartar.jpg', 0, NULL, NULL, 1, 1, '5WHhiMcO5TfvHZaEu3mxrPWgaCIu8IRyJoJ3KzSA', 4, NULL, '2015-09-07 06:52:56', '2015-09-15 16:05:33'),
(166, '$2y$10$Ie7OYQHFuJryN5FTbqwdjuD5B88AZKVBFEXubDFzG1RUaz1oCAwg6', 'benjamin.wayo@gmail.com', 'BENJAMIN', 'WAYO', NULL, 'benjamin-wayo', 'Male', NULL, NULL, 'uploads/avartars/166_avartar.jpg', 0, NULL, NULL, 1, 1, 'ppZfffGAkRK7YmMaO7vniIGdp3T1rXIZ1jppVIK6', 4, NULL, '2015-09-07 06:53:30', '2015-09-15 17:29:05'),
(167, '$2y$10$DQj5nqtA527WgL6KUy0Fou7qDya0FdraYNV5o8Se/Neyi3DvTizv6', 'emmanuel.udende@gmail.com', 'EMMANUEL', 'UDENDE', NULL, 'emmanuel-udende', 'Male', NULL, NULL, NULL, 0, NULL, NULL, 1, 1, 'c63CX1WhvsGNNkL8YdPOOXJpsb8V5stkEOzhl5Mm', 4, NULL, '2015-09-07 06:54:20', '2015-09-07 06:54:20'),
(168, '$2y$10$POTpdHw0VyBf9IWMNXvKiOfnmodro5WMRaXMeAvI/dTtSjFQ1Rn32', 'john.dyegh@gmail.com', 'JOHN', 'DYEGH', NULL, 'john-dyegh', 'Male', NULL, NULL, 'uploads/avartars/168_avartar.jpg', 0, NULL, NULL, 1, 1, 'CXWLGbiG7sI1X6JwMj3LO9L0i86AoGg0W58Plx0o', 4, NULL, '2015-09-07 06:54:55', '2015-09-15 16:58:44'),
(169, '$2y$10$G6YGUAWbxmzsBGrYrzOhI.Gk2fhEI7njZA3xpQEZjS2cEjfUWSdcm', 'emmanuel.orkerjev@gmail.com', 'EMMANUEL', 'ORKERJEV', NULL, 'emmanuel-orkerjev', 'Male', NULL, NULL, 'uploads/avartars/169_avartar.jpg', 0, NULL, NULL, 1, 1, 'CiuUSV6MmnLDxMOftfb6btDUZNp2Wm33cUndqIzy', 4, NULL, '2015-09-07 06:55:37', '2015-09-15 16:48:39'),
(170, '$2y$10$YN.3uycp1jOq6JQwksEKyO0DXnNWJftxgGGn0hQTxQRl328BFzisq', 'mark.gbillah@gmail.com', 'MARK', 'GBILLAH', NULL, 'mark-gbillah', 'Male', NULL, NULL, 'uploads/avartars/170_avartar.png', 0, NULL, NULL, 1, 1, 'fs7HXJCVdy34KRdJMwJfF30uLgUbtrkSv0INxPhA', 4, NULL, '2015-09-07 06:56:22', '2015-09-15 17:13:51'),
(171, '$2y$10$341whK3U1gfzpe8yttXj7evFZo57xfHEcORFrHeKdUjBzrHZezrz2', 'ezekiel.adaji@gmail.com', 'EZEKIEL', 'ADAJI', NULL, 'ezekiel-adaji', 'Male', NULL, NULL, 'uploads/avartars/171_avartar.jpg', 0, NULL, NULL, 1, 1, 'B3sBvEuV0n6nMu6H2r9GimHxqZUr89LvSj7hZn4b', 4, NULL, '2015-09-07 06:57:19', '2015-09-15 17:38:26'),
(172, '$2y$10$gg00lbAqDYu7f4XrIDDh3uynb/tEm/JvhLMZrORkrph.2QTLtgoXC', 'adamu.entonu@gmail.com', 'ADAMU', 'ENTONU', NULL, 'adamu-entonu', 'Male', NULL, NULL, 'uploads/avartars/172_avartar.jpg', 0, NULL, NULL, 1, 1, 'dWBUyNSq5XOtO0gozHYhxstQRmE4w8oMxgjpcYgT', 4, NULL, '2015-09-07 07:12:54', '2015-09-15 16:33:25'),
(173, '$2y$10$WQZQuIroz9hlmdyo87lvXe2/ZgCsGIeS6BDUayNEf5YkmGipEp3oS', 'christian.abah@gmail.com', 'CHRISTIAN', 'ABAH', NULL, 'christian-abah', 'Male', NULL, NULL, 'uploads/avartars/173_avartar.jpg', 0, NULL, NULL, 1, 1, 'w0zWTtrZKBiwb9ajaD7Z3Zj6L4Ahlyv9OwdSCeja', 4, NULL, '2015-09-07 07:16:23', '2015-09-15 16:29:18'),
(174, '$2y$10$r4ng3wWvFFJrXI9o8G1raOr6oSzBYPGu13ObPthtojuPJWZfwN7Ua', 'samson.okwu@gmail.com', 'SAMSON', 'OKWU', NULL, 'samson-okwu', 'Male', NULL, NULL, 'uploads/avartars/174_avartar.jpg', 0, NULL, NULL, 1, 1, 'jazQjD4IupAgdZq1S7lswoYGL3ivQ7irdYHwXE0P', 4, NULL, '2015-09-07 07:17:02', '2015-09-15 17:32:57'),
(175, '$2y$10$tKzmbiC/3AP8RKxi5Ww.POo1gzhzCgt.Rrm7DZILlzQy8T9rM2x7e', 'hembe.iorwase@gmail.com', 'HEMBE', 'IORWASE', NULL, 'hembe-iorwase', 'Male', NULL, NULL, 'uploads/avartars/175_avartar.jpg', 0, NULL, NULL, 1, 1, 'Cg5NSezPtXMk1aACIU9YRwVnBr5iPvkV28cwUni7', 4, NULL, '2015-09-07 07:18:40', '2015-09-15 17:24:22'),
(176, '$2y$10$YcM.JkM3OZFPd5xjLHrba.s4dqPvtoplGp55WjeiKRQeskbz0JiG2', 'dickson.dominic@gmail.com', 'DICKSON', 'DOMINIC', NULL, 'dickson-dominic', 'Male', NULL, NULL, NULL, 0, NULL, NULL, 1, 1, 'J0fHFXFZunDDrDmg0zCHSLQZWG8IlPWL2WxEh6Yk', 4, NULL, '2015-09-07 14:58:46', '2015-09-07 14:58:46'),
(177, '$2y$10$jaun/aYJXnszIEsnMfpwRumA7C9MxXVrGh7BV4.BbCKATVxyvSpMq', 'ayuba.bello@gmail.com', 'AYUBA', 'BELLO', NULL, 'ayuba-bello', 'Male', NULL, NULL, 'uploads/avartars/177_avartar.jpg', 0, NULL, NULL, 1, 1, '1oaqeZfDP7n8kz8rHwv8b0qmEkMgdWRWnPQM4lce', 4, NULL, '2015-09-07 15:00:54', '2015-09-17 18:21:24'),
(178, '$2y$10$4i4ma9Qju9jkFmajQtBNuefEUQlxPSG2J8/GsoTR2GJLox2bjiQda', 'muktar.aliyu@gmail.com', 'MUKTAR', 'ALIYU', NULL, 'muktar-aliyu', 'Male', NULL, NULL, 'uploads/avartars/178_avartar.jpg', 0, NULL, NULL, 1, 1, 'MsvaB0hLm3aHhRE23H7GSr5JwN1UFdXdAWdSSFEz', 4, NULL, '2015-09-07 15:01:30', '2015-09-15 19:31:31'),
(179, '$2y$10$Amb1EzF7Bym82lUFdX/uC.71rgRzKqv44k53AhIyUdix4boQIUFNm', 'mahmud.maina@gmail.com', 'MAHMUD', 'MAINA', NULL, 'mahmud-maina', 'Male', NULL, NULL, 'uploads/avartars/179_avartar.jpg', 0, NULL, NULL, 1, 1, 'kEZGcmxldbrF4ReiWSREusLx1zavkdXAkZQUAZam', 4, NULL, '2015-09-07 15:02:09', '2015-09-15 19:34:15'),
(180, '$2y$10$rP4i5mqXVJvIDIZ.YUxqq.Crc51ycTF.Up3.i6aErmbVyeeY43.EW', 'mohammed.sanda@gmail.com', 'MOHAMMED', 'SANDA', '', 'mohammed-sanda', 'Male', '', NULL, 'uploads/avartars/180_avartar.jpg', 155, 0, 2, 1, 1, 'WpdMlfDc0rKuN48MwSgOVcFzRjxaQj3Qc9gKh0q3', 4, NULL, '2015-09-07 15:02:44', '2015-09-15 00:07:27'),
(181, '$2y$10$QAV.P/nscfnQrTiZOZIZVeG1xXylz4CpA1qu57hn1DA0O.uriaIH.', 'mohammed.monguno@gmail.com', 'MOHAMMED', 'MONGUNO', NULL, 'mohammed-monguno', 'Male', NULL, NULL, 'uploads/avartars/181_avartar.jpg', 0, NULL, NULL, 1, 1, 'g8Rtbs0p4QpwB3C4bIeX1zYig17W37hTY4yFc144', 4, NULL, '2015-09-07 15:03:25', '2015-09-15 19:53:26'),
(182, '$2y$10$J2.QBWC9XwLJ5k72ZhrQHOWrZd6wY.WWtRURZ3uQWE01cIxuLXnYy', 'abdulkadiri.rahis@gmail.com', 'ABDULKADIRI', 'RAHIS', NULL, 'abdulkadiri-rahis', 'Male', NULL, NULL, 'uploads/avartars/182_avartar.jpg', 0, NULL, NULL, 1, 1, '442csHImcBS7AIMekfssSwkzW6dzvG4tozczmFip', 4, NULL, '2015-09-07 15:04:14', '2015-09-15 19:57:02'),
(183, '$2y$10$2W6UGINxeuEIqz.KAB/NeOMjJ6BAcv0Z0NBTKGQwBsITS8KXV8RLm', 'mohammed.sheriff@gmail.com', 'MOHAMMED', 'SHERIFF', NULL, 'mohammed-sheriff', 'Male', NULL, NULL, NULL, 0, NULL, NULL, 1, 1, 'U0RLySuLH0S7NNOTHuD96ACwlKo6j8dPAnmzCsRn', 4, NULL, '2015-09-07 15:04:55', '2015-09-07 15:04:55'),
(184, '$2y$10$0gkJt6s1Bm90dhe2O.Sp8.I8GYL92KtghjrFQppvTNrCPIRdCpldK', 'bashir.asabe@gmail.com', 'BASHIR', 'ASABE', NULL, 'bashir-asabe', 'Male', NULL, NULL, 'uploads/avartars/184_avartar.jpg', 0, NULL, NULL, 1, 1, 'tLbh4RGKwufWwkEbGhcKpT2JR7v0MZMGaaBRbFWK', 4, NULL, '2015-09-07 15:06:34', '2015-09-15 01:56:35'),
(185, '$2y$10$/AARxsHbheAGmLhWVqM0Jel.kkdtICZrrvphuGsWYQqmPXEOgwwhG', 'buka.gana@gmail.com', 'MALLAM BUKAR', 'GANA', NULL, 'mallam-bukar-gana', 'Male', NULL, NULL, NULL, 0, NULL, NULL, 1, 1, 'VV3IILLhdskM0n4Juhzr0V6T9lQPQB5MDHOi8wWG', 4, NULL, '2015-09-07 15:07:10', '2015-09-07 15:07:10'),
(186, '$2y$10$eSiJp5g5Y3GNdglai6kVmeZAvV9h.okifTrn4O.kigUTZ5KPmlApC', 'jibrin.satumari@gmail.com', 'JIBRIN', 'SATUMARI', NULL, 'jibrin-satumari', 'Male', NULL, NULL, 'uploads/avartars/186_avartar.jpg', 0, NULL, NULL, 1, 1, 'PedBZovKReVfpS8mD316h2sXwu7oImTuuqgJM4BP', 4, NULL, '2015-09-07 15:07:51', '2015-09-15 17:49:18'),
(187, '$2y$10$OLeslxSz/QdNiVEDrZZ2EezvmXhaZf0cBme81mhE.yql6UhxnIk.y', 'ekpeyong.essien@gmail.com', 'AYI', 'EKPEYONG', 'ESSIEN', 'ayi-ekpeyong', 'Male', '', NULL, 'uploads/avartars/187_avartar.jpg', 171, 0, 0, 1, 1, 'MMlRSx8AQKgeNSJIEwS8QN6PoHVsurLZoxnQImyK', 4, NULL, '2015-09-07 15:08:47', '2015-09-15 20:52:21'),
(188, '$2y$10$dv6FstAKofFr0CjlbZlIMeNxEMHQ5.fhcSR5KFUSo0tThnMLrNPem', 'bassey.ewah@gmail.com', 'BASSEY', 'EWAH', NULL, 'bassey-ewah', 'Male', NULL, NULL, NULL, 0, NULL, NULL, 1, 1, 'bjI2SEE3wUnt2lFDdXsVKsB1RixLHDM6FUQNtj6A', 4, NULL, '2015-09-07 15:09:28', '2015-09-07 15:09:28'),
(189, '$2y$10$svXoV0.sLmlfdLeDug5/Jut/AOwGjisAghRKxX/Vzow2gFWU3htWe', 'michael.etaba@gmail.com', 'MICHAEL', 'IROM', 'ETABA', 'michael-irom', 'Male', '', NULL, 'uploads/avartars/189_avartar.jpg', 181, 0, 0, 1, 1, 'HnRPUl6gTtJfrbBW1RtXIBHEOjTa9A1QmvHKwM6k', 4, NULL, '2015-09-07 15:11:30', '2015-09-15 21:03:21'),
(190, '$2y$10$evZ3zdEO.QJoGKkezCpmw.ODvvzmarwQuetdfpNl0sbtYKPInVBWy', 'chris.ngoro@gmail.com', 'CHRIS', 'AGIBE', 'NGORO', 'chris-agibe', 'Male', '', NULL, 'uploads/avartars/190_avartar.jpg', 179, 0, 0, 1, 1, 'Ss3vvWzg0NojfYJ21A8c3EGTxYucqB87iPhWaKFn', 4, NULL, '2015-09-07 15:12:06', '2015-09-15 20:49:46'),
(191, '$2y$10$wQvwZvzzBZAMD/Tl9tcK9O1aZkZqwVIyJaFpKiubXgQceZ5NgPEpa', 'ochiglegor.idagbo@gmail.com', 'OCHIGLEGOR', 'IDAGBO', NULL, 'ochiglegor-idagbo', 'Male', NULL, NULL, 'uploads/avartars/191_avartar.jpg', 0, NULL, NULL, 1, 1, 'miK8TYMQdBreOamdZY4kj4Odwv7CwMgQyi3Y8lfa', 4, NULL, '2015-09-07 15:12:59', '2015-09-15 20:58:41'),
(192, '$2y$10$4n8WxSbAkjSQL5XNJ088v.PwVF.r4WaBO7nandjtFuToFbjAH2qhi', 'danie.effiong@gmail.com', 'DANIEL', 'EFFIONG', '', 'daniel-effiong', 'Male', '', NULL, 'uploads/avartars/192_avartar.jpg', 170, 0, 0, 1, 1, '1MGtLzTbeYPtzS1mJpaGorIhj6Mh7Pl8WfRalswF', 4, NULL, '2015-09-07 15:13:39', '2015-09-15 20:44:12'),
(193, '$2y$10$dWhZUNmDSNvUqsdigcikBuGqL39OVtCvT7wyE5TmYZuGI/J648B2.', 'jarigbe.jarigbe@gmail.com', 'AGOM', 'JARIGBE', 'JARIGBE', 'agom-jarigbe', 'Male', '', NULL, 'uploads/avartars/193_avartar.jpg', 184, 0, 0, 1, 1, 'PY0Me1NuADiGfXRb2qW6HANv4BTHpi2HVo09yz8r', 4, NULL, '2015-09-07 15:14:26', '2015-09-15 21:07:56'),
(194, '$2y$10$FIMkp0KF9kA5RlQEVKykiui2hL0871roLPsKJRYbqn2hVgwhM1qOu', 'edim.mbora@gmail.com', 'EDIM', 'MBORA', NULL, 'edim-mbora', 'Male', NULL, NULL, NULL, 0, NULL, NULL, 1, 1, '5VFRB5UkUzfiOfA0tBOvjG7An7UpgImdEBSlElyy', 4, NULL, '2015-09-07 15:18:06', '2015-09-07 15:18:06'),
(195, '$2y$10$i/dUFStCm1W19LBKDHM2keQzyk.RuSt3QQ08JPsCroAAekIONEok.', 'nicholas.ossai@gmail.com', 'NICHOLAS', 'OSSAI', NULL, 'nicholas-ossai', 'Male', NULL, NULL, 'uploads/avartars/195_avartar.jpg', 0, NULL, NULL, 1, 1, 'KfpPunwYs6B3AcJ6faDeKE99DKVg03NCxuMDLjS6', 4, NULL, '2015-09-07 15:18:46', '2015-09-15 22:22:16'),
(196, '$2y$10$Omz7OCaBUgHpQt6CZyJqPOv14sz3WL8c8y9OoE9Z1nfnkpamUtaoW', 'victor.nwokolo@gmail.com', 'VICTOR', 'NWOKOLO', NULL, 'victor-nwokolo', 'Male', NULL, NULL, 'uploads/avartars/196_avartar.jpg', 0, NULL, NULL, 1, 1, 'wkSjNAD7TpJrji0IVKRXdVkFdwyo3lq7OzeSw0uJ', 4, NULL, '2015-09-07 15:19:34', '2015-09-15 22:19:13'),
(197, '$2y$10$2rBdEjMqq05LJRs.HVsWquHPrwrx0KDiY05LKw1mETrS8149AFr3e', 'lovette.idisi@gmail.com', 'EDERIN', 'IDISI', 'LOVETTE', 'ederin-idisi', 'Male', '', NULL, 'uploads/avartars/197_avartar.jpg', 191, 7, 0, 1, 1, 'pvW3wGmrV8X3eEjYLYREDuMmaWuNONXDn0hVNJqF', 4, NULL, '2015-09-07 15:20:12', '2015-09-15 22:16:03'),
(198, '$2y$10$p2EA2jekPGtdvnkK3pxA5eqn10rng7RZOysXJnJ64XP.VLbCHvRka', 'evelyn.oboro@gmail.com', 'EVELYN', 'OBORO', NULL, 'evelyn-oboro', 'Female', NULL, NULL, 'uploads/avartars/198_avartar.jpg', 0, NULL, NULL, 1, 1, 'i6KcMuUSCkPUlwTBU1HOWjohpFBvNAJmH72A9uAm', 4, NULL, '2015-09-07 15:20:49', '2015-09-15 01:46:00'),
(199, '$2y$10$FR3dCrRXqXoW5x8ooTlCn.Ux1sBgwVyw0yOVpL0sHprm21ZL5y8Bu', 'nicholas.ebomo@gmail.com', 'NICHOLAS', 'MUTU', 'EBOMO', 'nicholas-mutu', 'Male', '', NULL, 'uploads/avartars/199_avartar.jpg', 189, 11, 4, 1, 1, 'mrp4FWPEDz5IMDCW42s8qPDtpWE1Osmn6ocBpcCR', 4, NULL, '2015-09-07 15:21:20', '2015-09-15 22:13:53'),
(200, '$2y$10$LkAa5g6g1jon/6mvn196EuqSkKnTEE2IjdyWEb6PJyxf/yLXUcXk6', 'julius.pondi@gmail.com', 'JULIUS', 'PONDI', NULL, 'julius-pondi', 'Male', NULL, NULL, 'uploads/avartars/200_avartar.jpg', 0, NULL, NULL, 1, 1, 'azUQJZRUYsicnczV8mGno1MWWCdOppRRIzgDgplD', 4, NULL, '2015-09-07 15:21:59', '2015-09-15 22:30:01'),
(201, '$2y$10$/0MZvwRUxBm2ghO349YQHeIsUJIq/Amgd50Pr5lk6zJbx0b1KNqWm', 'leonard.ogor@gmail.com', 'LEONARD', 'OKUWEH', 'OGOR', 'leonard-okuweh', 'Male', '', NULL, 'uploads/avartars/201_avartar.jpg', 195, 0, 0, 1, 1, 'gjfmvzUZM1RM8aAcp2Q8ml5T4sdOEVOLKjgyBNpc', 4, NULL, '2015-09-07 15:22:39', '2015-09-14 22:58:56'),
(202, '$2y$10$6Hc0dwWHgMl8VssVaiI4z.68A1NcgpUc3v9NQXJ2F2HUtKde/e2ze', 'daniel.reyenieju@gmail.com', 'DANIEL', 'REYENIEJU', NULL, 'daniel-reyenieju', 'Male', NULL, NULL, 'uploads/avartars/202_avartar.jpg', 0, NULL, NULL, 1, 1, 'T6BUFAj2BCMVgidoaz6S5j7Gu2hWTuzueuFOL26w', 4, NULL, '2015-09-07 15:23:23', '2015-09-15 23:00:08'),
(203, '$2y$10$pVWvYNPAWnWAXwWrNN89/.pKNeQj7MjVCNTQmCPXloH5wUPspxJ3y', 'onyemachi.mrakpor@gmail.com', 'ONYEAMAECHI', 'MRAKPOR', '', 'onyeamaechi-mrakpor', 'Female', '', NULL, 'uploads/avartars/203_avartar.jpg', 187, 0, 0, 1, 1, '2mXEmzraPvFgHz8UGvou5aqlOHAZLaPniKlusfGA', 4, NULL, '2015-09-07 15:24:01', '2015-09-15 21:10:20'),
(204, '$2y$10$QlJx.gyn/KgVAhSPN148Wuowm49qoVGs/LZe.cCU6egZSdZU5RKj6', 'solomon.ahwinahwi@gmail.com', 'SOLOMON', 'AHWINAHWI', NULL, 'solomon-ahwinahwi', 'Male', NULL, NULL, 'uploads/avartars/204_avartar.jpg', 0, NULL, NULL, 1, 1, 'uB7dkSwdRr20mjJN2OzhrcQ6Z8VECQLxVB7npmp2', 4, NULL, '2015-09-07 15:24:40', '2015-09-15 22:49:44'),
(205, '$2y$10$JJT3PBFSi5KAqt0Ft6HXj.pHNnYVK8MBXJy/t0lxzc6itUD6E9mSy', 'chukwuma.nwazunku@gmail.com', 'CHUKWUMA', 'NWAZUNKU', NULL, 'chukwuma-nwazunku', 'Male', NULL, NULL, 'uploads/avartars/205_avartar.jpg', 0, NULL, NULL, 1, 1, 'LYxH14kEgOcg6mX2hdSe57ov6zcfKKO77PN4UI8C', 4, NULL, '2015-09-07 15:25:20', '2015-09-16 14:27:20'),
(206, '$2y$10$F.30x8uwtX.bEP4lGS8Uau12BWZzZaeAGoUQKJptiTvK./yeSOodS', 'okorie.abba@gmail.com', 'OKORIE', 'ABAA', NULL, 'okorie-abaa', 'Male', NULL, NULL, 'uploads/avartars/206_avartar.jpg', 0, NULL, NULL, 1, 1, '8JQHFuQdE80riCT2N4SkCJBq30EIVHa5Xne2kxJz', 4, NULL, '2015-09-07 15:25:53', '2015-09-16 14:38:11'),
(207, '$2y$10$YeFsjznHsnZIhnzILis6Iu.STy6.ednLbVLMMaAnYPWIqN0oW7Y5G', 'anayo.edwin@gmail.com', 'ANAYO', 'EDWIN', NULL, 'anayo-edwin', 'Male', NULL, NULL, 'uploads/avartars/207_avartar.jpg', 0, NULL, NULL, 1, 1, 'x4xvsj4uRdwLw49vsKivhZKzz4v8zMzzLPgnjYMC', 4, NULL, '2015-09-07 15:26:24', '2015-09-16 14:33:28'),
(208, '$2y$10$ZRtzLqqxd0CHraINZn8K.euV.BwSTHAPHHjr7LieR3ppxQUhvBeMS', 'sylvester.ogbaga@gmail.com', 'SYLVESTER', 'OGBAGA', NULL, 'sylvester-ogbaga', 'Male', NULL, NULL, 'uploads/avartars/208_avartar.jpg', 0, NULL, NULL, 1, 1, 'SdqaQnskvncNEl5ZrS93dYN8WEYarXjCkbGYc9Fy', 4, NULL, '2015-09-07 15:26:58', '2015-09-16 14:30:21'),
(209, '$2y$10$36RtMswVGRbpIaYlSjSbBu/cJkESaUuOC8Db9I7FxqZXt1SMmALL2', 'igariwey.enwo@gmail.com', 'IGARIWEY', 'ENWO', NULL, 'igariwey-enwo', 'Male', NULL, NULL, 'uploads/avartars/209_avartar.jpg', 0, NULL, NULL, 1, 1, 'lDHioaWrVIhe8o17QDerwb52ADtcdWV427nvakF4', 4, NULL, '2015-09-07 15:27:46', '2015-09-16 14:40:10'),
(210, '$2y$10$9bXCHRf7rMDZMkJfbv3Mte/qFifgFvHLX2gIUd7bpz/rKL2seEBnC', 'lazarus.ogbee@gmail.com', 'LAZARUS', 'OGBEE', NULL, 'lazarus-ogbee', 'Male', NULL, NULL, 'uploads/avartars/210_avartar.jpg', 0, NULL, NULL, 1, 1, 'f4LVxC8nBmIZvveNv8ObSXTy5NzNrCzaWmwN0L0t', 4, NULL, '2015-09-07 15:28:28', '2015-09-16 14:35:10'),
(211, '$2y$10$Lt4S1YtcDkguKbgNYaY1ue5VDq10WNjlpejF/uhslxOw0krQlXUr.', 'pally.iriase@gmail.com', 'PALLY', 'IRIASE', '', 'pally-iriase', 'Male', '', NULL, 'uploads/avartars/211_avartar.jpg', 240, 0, 0, 1, 1, 'oVkvgm7RQ5X7ZF82FvjvfTFZFnHsC9a3HR8fbpI9', 4, NULL, '2015-09-07 15:31:36', '2015-09-14 22:51:42'),
(212, '$2y$10$y1NkXPuV9vLSjvhY.Osvredi5f..HHVaJJ5wQPbLXkbqcluPnWkb2', 'johnson.agbonayinman@gmail.com', 'JOHNSON', 'AGBONAYINMAN', NULL, 'johnson-agbonayinman', 'Male', NULL, NULL, NULL, 0, NULL, NULL, 1, 1, 'v2PJsPqwuUYHcoYZrAake35cYNsadexJAjBvvc9X', 4, NULL, '2015-09-07 15:32:18', '2015-09-07 15:32:18'),
(213, '$2y$10$n8EHTnWEWQ4Zq47tcz2gUeuIio.I4sJdgtW0wgYC/SwVZqy5sf4Iu', 'joseoh.edionwele@gmail.com', 'JOSEPH', 'EDIONWELE', NULL, 'joseph-edionwele', 'Male', NULL, NULL, 'uploads/avartars/213_avartar.jpg', 0, NULL, NULL, 1, 1, 'wdL82gDcBKdf541VO9tpbwczkPnJmDuBZ9bEMPlq', 4, NULL, '2015-09-07 15:32:52', '2015-09-16 14:55:14'),
(214, '$2y$10$2mT7Bc2RolK7yoZXDr5IVeXVv2vS75zgii9.GpA4hjHFqc5uLIwSe', 'gabriella.omosede@gmail.com', 'OMOSEDE', 'IGBINEDION', 'GABRIELLA', 'omosede-igbinedion', 'Female', '', NULL, 'uploads/avartars/214_avartar.jpg', 238, 0, 0, 1, 1, 'seYGsu4VUD39TPjs3u5iloXuNeDldGLnB0X2wcF2', 4, NULL, '2015-09-07 15:33:49', '2015-09-16 16:46:16'),
(215, '$2y$10$1bEEtcG4z8U58dl8XDYVKOUpLB7tpXrT17qz1wUoLr7y4KpzAmx9a', 'ogun.oseasochie@gmail.com', 'OGUN', 'OSEASOCHIE', NULL, 'ogun-oseasochie', 'Male', NULL, NULL, 'uploads/avartars/215_avartar.jpg', 0, NULL, NULL, 1, 1, 'OYPVI5l16LecORAuMi1LBD40R63AiYbBRkNxpcO8', 4, NULL, '2015-09-07 15:34:51', '2015-09-16 15:00:02'),
(216, '$2y$10$YhSoNKN5gwwBOKla/gT7ieZJcQh7nQqgVjjWxPOHP0vrDj1rrtQ.W', 'philip.shaibu@gmail.com', 'PHILIP', 'SHAIBU', NULL, 'philip-shaibu', 'Male', NULL, NULL, 'uploads/avartars/216_avartar.jpg', 0, NULL, NULL, 1, 1, 'DzzW35Miz0yYgWOrBT7ur6CBA5KxCfFpkDhSMvuS', 4, NULL, '2015-09-07 15:35:36', '2015-09-16 15:02:16'),
(217, '$2y$10$7wmfKv535DYTOclnY5B2ouG7zZ7qxYDzAYIeIVTJH/FkpCsU3Uhi.', 'peter.akpatason@gmail.com', 'PETER', 'AKPATASON', NULL, 'peter-akpatason', 'Male', NULL, NULL, 'uploads/avartars/217_avartar.jpg', 0, NULL, NULL, 1, 1, 'GIjWUOBuYBN83xywcLkDq87CZ0keZwxeMp13d5mU', 4, NULL, '2015-09-07 15:36:11', '2015-09-16 14:42:25'),
(218, '$2y$10$y8AO0Lfse2Obknxnh/hqxO32ebZ29ubjEsnGRPUyyBnS8g2ATNmfm', 'omoregie.ogbeide@gmail.com', 'OMOREGIE', 'OGBEIDE', NULL, 'omoregie-ogbeide', 'Male', NULL, NULL, 'uploads/avartars/218_avartar.jpg', 0, NULL, NULL, 1, 1, 'URzwx7D9rSZHrIINjsS2aHkv54xCFGKmpWGQplIZ', 4, NULL, '2015-09-07 15:37:11', '2015-09-16 15:11:39'),
(219, '$2y$10$r4d7wUo8xt4Re4seKkuqxuIq0MEdgHtG23cTa2flBzw1JupM2KvhO', 'patrick.aisowieren@gmail.com', 'PATRICK', 'AISOWIEREN', NULL, 'patrick-aisowieren', 'Male', NULL, NULL, 'uploads/avartars/219_avartar.png', 0, NULL, NULL, 1, 1, 'jU6SzhGBhsq7gV8PTmVFZTV323FWo4B7OAWFKHnl', 4, NULL, '2015-09-07 15:37:47', '2015-09-16 16:36:03'),
(220, '$2y$10$gOGUATiit93TpCx2vjclQ.jYhAMTrpEI8yy.lNqSGTrEAHvFHf3Z2', 'ayodele.oladimeji@gmail.com', 'AYODELE', 'OLADIMEJI', NULL, 'ayodele-oladimeji', 'Male', NULL, NULL, 'uploads/avartars/220_avartar.jpg', 0, NULL, NULL, 1, 1, 'KYhIsFdeG97Ceg0ptj81MZ9mvQcFA85YUVbL06jB', 4, NULL, '2015-09-07 15:38:47', '2015-09-16 17:39:33'),
(221, '$2y$10$rQ9S.CZelqMhrZJztSWlrOVRW2uc7Axv.6idONB5qetjaSoY2LckS', 'segun.adekola@gmail.com', 'SEGUN', 'ADEKOLA', NULL, 'segun-adekola', 'Male', NULL, NULL, NULL, 0, NULL, NULL, 1, 1, 'iolsmfKm915FBWq12sMJjLbXhm3DXULyW6O7JbsT', 4, NULL, '2015-09-07 15:39:46', '2015-09-07 15:39:46'),
(222, '$2y$10$OARwf58eobO2XgN0ouoe2.VcgxnUQZ3u0wv57rrGPcfVZGyT/wx.a', 'julius.awodumila@gmail.com', 'AKINYELE', 'AWODUMILA', 'JULIUS', 'akinyele-awodumila', 'Male', '', NULL, 'uploads/avartars/222_avartar.jpg', 248, 0, 0, 1, 1, 'zgsxFI4pEufyvKUewAxIT52J5x9cNvk4KUn1TdHf', 4, NULL, '2015-09-07 15:40:32', '2015-09-15 22:28:04'),
(223, '$2y$10$r2HyOSOTpnj2fIWGx.Ldou8dZ6Mxaf9jzxkqXdoZrXoOa4303V0u.', 'aina.thadeus@gmail.com', 'AINA', 'THADEUS', NULL, 'aina-thadeus', 'Male', NULL, NULL, NULL, 0, NULL, NULL, 1, 1, 'CLbYffnfW0uKEL5hhcDSOM6xYscBAI0nifdYrROm', 4, NULL, '2015-09-07 15:41:10', '2015-09-07 15:41:10'),
(224, '$2y$10$ziE1qmdmgtq1JzM/0dZyXebbNamdfmKnjQKp2n1ElECnsMpgBn4X2', 'johnson.oni@gmail.com', 'JOHNSON', 'ONI', NULL, 'johnson-oni', 'Male', NULL, NULL, NULL, 0, NULL, NULL, 1, 1, 'UOko9JKxfFWn2Dn8WvY4D50cFNiw7xDgBFgDltok', 4, NULL, '2015-09-07 15:42:04', '2015-09-07 15:42:04'),
(225, '$2y$10$Qx.u1M3551leDfXUhehxXeen/6nK2MMUQKBwdMtxVOAKLnjBgcPVa', 'kehinde.emmanuel@gmail.com', 'KEHINDE', 'AGBOOLA', 'EMMANUEL', 'kehinde-agboola', 'Male', '', NULL, 'uploads/avartars/225_avartar.jpg', 253, 0, 0, 1, 1, 'VdthINK3fk3oNlhn8MLtGhGY7yddo53u0NUJC3Lb', 4, NULL, '2015-09-07 15:43:06', '2015-09-16 17:52:56'),
(226, '$2y$10$SMTq.P.w12J1ZfGzLaHbSOE69FWzL7VdWj0dGRvChu./i.BG5EFky', 'chime.agu@gmail.com', 'CHIME', 'AGU', NULL, 'chime-agu', 'Male', NULL, NULL, NULL, 0, NULL, NULL, 1, 1, 'VQcwbAUuG0UDu6fcPnaKiz6mTd8AIHSLGutGvpdP', 4, NULL, '2015-09-07 15:43:47', '2015-09-07 15:43:47'),
(227, '$2y$10$OB/X3HDcKHvh0dOeFGyiVeJPxBU2mYByTml9E3koazlE9AhsbDOHy', 'chukwuemeka.ujam@gmail.com', 'CHUKWUEMEKA', 'UJAM', NULL, 'chukwuemeka-ujam', 'Male', NULL, NULL, 'uploads/avartars/227_avartar.jpg', 0, NULL, NULL, 1, 1, '8XLW7euNtBFQujApeTc4P7NnpMEIPV5zH8qnIrWB', 4, NULL, '2015-09-07 15:44:18', '2015-09-16 19:03:30'),
(228, '$2y$10$TYwE/Kz0BQeKdCMjN8NmlecsD11OQLxl2N7elGD8aSVLglH4qtOnK', 'nnamdi.agbo@gmail.com', 'NNAMDI', 'AGBO', NULL, 'nnamdi-agbo', 'Male', NULL, NULL, NULL, 0, NULL, NULL, 1, 1, 'Oh8QUrFJHHdZax7n07GtbZHuKlZiarSFiChlGW98', 4, NULL, '2015-09-07 15:45:11', '2015-09-07 15:45:11'),
(229, '$2y$10$YPcQc04zsA4w5f.upmUYbO5yb5LEeEJoENnOXrT5.cSnJs53sF5i2', 'patrick.asadu@gmail.com', 'PATRICK', 'ASADU', NULL, 'patrick-asadu', 'Male', NULL, NULL, 'uploads/avartars/229_avartar.jpg', 0, NULL, NULL, 1, 1, 'jUgcyUdVLs6NxhnB9xf66iZIR0ZiBV7ZFnDFvUui', 4, NULL, '2015-09-07 15:45:59', '2015-09-16 19:14:10'),
(230, '$2y$10$6Z618U1eZ2NR6BQjNd7rBe04oPyMo.z/APEAt/A5eoOLRXUSkF3y.', 'stella.ngwu@gmail.com', 'STELLA', 'NGWU', NULL, 'stella-ngwu', 'Female', NULL, NULL, 'uploads/avartars/230_avartar.jpg', 0, NULL, NULL, 1, 1, 'OtJQKL9JGVQPSHcwWF4AvQpLeLzRXLa2c0p4MY1e', 4, NULL, '2015-09-07 15:46:37', '2015-09-15 01:47:09'),
(231, '$2y$10$gOgB9lW5QNiaqlmz7.tML.uOPNVEULpTNr61e374acaByDHpFDOoG', 'toby.okechukwu@gmail.com', 'TOBY', 'OKECHUKWU', NULL, 'toby-okechukwu', 'Male', NULL, NULL, 'uploads/avartars/231_avartar.jpg', 0, NULL, NULL, 1, 1, 'VrUhOXCirl0W5daMBdhspKjjBSgS6OpxcUZAerjH', 4, NULL, '2015-09-07 15:47:09', '2015-09-16 17:55:18'),
(232, '$2y$10$VDpzWUgyud/G8LpBJIhV0eUKmYg7Ft6RxDCbw.FsbFjBtwa6mQAEC', 'denis.amadi@gmail.com', 'DENIS', 'AMADI', NULL, 'denis-amadi', 'Male', NULL, NULL, 'uploads/avartars/232_avartar.jpg', 0, NULL, NULL, 1, 1, 'l58AfczlociVR897DEDEMme2rdMe1YoFjyifI6b3', 4, NULL, '2015-09-07 15:48:29', '2015-09-16 18:17:00'),
(233, '$2y$10$Swv5yRuKzcsynvaxYq7TpO5FtNRwcIwAOwAiYm7npXagEmtxBerW6', 'kingsley.ebanyi@gmail.com', 'KINGSLEY', 'EBANYI', NULL, 'kingsley-ebanyi', 'Male', NULL, NULL, 'uploads/avartars/233_avartar.jpg', 0, NULL, NULL, 1, 1, '1LC0jJA1mhLbdwJYWPE4Cs3WliGg6WbZS0phUZXH', 4, NULL, '2015-09-07 15:49:23', '2015-09-16 18:10:47'),
(234, '$2y$10$o1MDLzAuaaJu8Q.poq.1n.DKjaB.Znsbu7qj2fS9Yigw3bPZDR2pS', 'barambu.kawawa@gmail.com', 'BARAMBU', 'KAWAWA', NULL, 'barambu-kawawa', 'Male', NULL, NULL, NULL, 0, NULL, NULL, 1, 1, 'mcBquqPaZUt2LxyOMjdxSHLTfMD07zGvWC0AbLgt', 4, NULL, '2015-09-07 15:49:58', '2015-09-07 15:49:58'),
(235, '$2y$10$o5UfnCi/bDdl6aIFRQW7EuIXyQJxVEAHWMSfU3DzaE.Y1M0vrxl5.', 'binta.bello@gmail.com', 'BINTA', 'BELLO', '', 'binta-bello', 'Female', '', NULL, 'uploads/avartars/235_avartar.jpg', 288, 0, 0, 1, 1, 'LMD0SLtVrAc7QgEKrmpsYJkrcxqz06CrpDyubvDX', 4, NULL, '2015-09-07 15:50:27', '2015-09-14 22:50:38'),
(236, '$2y$10$akQmyXrKe65.KKX1dpQIn.oILxfjKGExH55jM6FvZNFsc03qEheQi', 'ali.isa@gmail.com', 'ALI', 'ISA', NULL, 'ali-isa', 'Male', NULL, NULL, 'uploads/avartars/236_avartar.jpg', 0, NULL, NULL, 1, 1, 'ncWYlmFro3sKW0qE26P12xG97mMFiVbRaEjpzuhm', 4, NULL, '2015-09-07 15:51:20', '2015-09-16 20:00:29'),
(237, '$2y$10$b8Qqz62yPC3L5Yql6/Pne.OagjtmRulB/kUOap8YcaDJEcjSPCthm', 'aishatu.dukku@gmail.com', 'AISHATU', 'DUKKU', NULL, 'aishatu-dukku', 'Female', NULL, NULL, 'uploads/avartars/237_avartar.jpg', 0, NULL, NULL, 1, 1, 'sLMetiLdJt6VEMPuyfloUsEVa5zPyF0zLgwwkhuM', 4, NULL, '2015-09-07 15:51:50', '2015-09-15 01:49:34'),
(238, '$2y$10$rVrdFGRs30HkULXURVOhfujRWOhL2ErOsc8AbAYSwQX8QtOCVzNQm', 'khamisu.mailantarki@gmail.com', 'KHAMISU', 'MAILANTARKI', NULL, 'khamisu-mailantarki', 'Male', NULL, NULL, 'uploads/avartars/238_avartar.jpg', 0, NULL, NULL, 1, 1, 'B6kYCHm0T5TdPvvl5VVc0Lu46ggSvBq4Y45oThxJ', 4, NULL, '2015-09-07 15:52:38', '2015-09-16 22:40:54'),
(239, '$2y$10$FFoi34BCdYnVzvGwAbbZh.nZ3EBG5wXbW3RGvAy6GVatG9fMJ6Iw2', 'yunusa.abubakar@gmail.com', 'YUNUSA', 'ABUBAKAR', NULL, 'yunusa-abubakar', 'Male', NULL, NULL, 'uploads/avartars/239_avartar.jpg', 0, NULL, NULL, 1, 1, 'qMl1QgnieZz5uUnbEDDUtVkG9zRSxMVnAz2Y6wvq', 4, NULL, '2015-09-07 15:53:47', '2015-09-16 19:39:28'),
(240, '$2y$10$j.7taYbt7RwqN9lzcP.uSuE9fduuxHikNoleFaGaj4d6i5fFg.m96', 'chike.okafor@gmail.com', 'CHIKE', 'OKAFOR', NULL, 'chike-okafor', 'Male', NULL, NULL, NULL, 0, NULL, NULL, 1, 1, '4ysqWoj8RevoCkCKxXAWtkPVx88vVHRsxh0QmJgV', 4, NULL, '2015-09-07 16:01:14', '2015-09-07 16:01:14'),
(241, '$2y$10$kdsDo3tbekVeCcyBWg4A4.wQBaw9.smNyFDGxUhP7sxAgMdOG3emS', 'raphael.igbokwe@gmail.com', 'RAPHAEL', 'IGBOKWE', NULL, 'raphael-igbokwe', 'Male', NULL, NULL, 'uploads/avartars/241_avartar.jpg', 0, NULL, NULL, 1, 1, 'xrwnhPYkr4sIm3p0lzUtAxj3tkO75iKu5smbvbdi', 4, NULL, '2015-09-07 16:10:33', '2015-09-17 00:46:52'),
(242, '$2y$10$nizcwpE3Ed/BWsmCxMvDfexrOMv.MplFErmQ1XkbvfjNm/nq0mmjS', 'ezenwa.onyewuchi@gmail.com', 'EZENWA', 'ONYEWUCHI', NULL, 'ezenwa-onyewuchi', 'Male', NULL, NULL, 'uploads/avartars/242_avartar.jpg', 0, NULL, NULL, 1, 1, 'F5Fhw2AMTn2jPtrylYsc3GePQKIfUmwqL4HRegTX', 4, 'aF6L3LFtcErpTzb57NwXVF1JhsYcNSsnIAqe9R1t4DnP1PXgmOUn0OkVfFqD', '2015-09-07 16:14:05', '2015-09-24 19:13:40'),
(243, '$2y$10$nBUMcC7ah5lPrBb/1kfE4uPCxJdIuQ98r5v4n6hMWON.8CZgm1JEm', 'jerry.alagboso@gmail.com', 'JERRY', 'ALAGBAOSO', '', 'jerry-alagbaoso', 'Male', '', NULL, 'uploads/avartars/243_avartar.jpg', 312, 0, 0, 1, 1, 'uYkCStinVhVOCBBGuC9S1y7fY5lYOkHe1ObQhh9j', 4, NULL, '2015-09-07 16:14:38', '2015-09-17 00:38:29'),
(244, '$2y$10$lqSdaZSZAapRRIbRcq1OE.TGgan/SEmHTJnPBbgfOOhvbc6DlOusK', 'chukwudi.onyereri@gmail.com', 'CHUKWUDI', 'ONYERERI', NULL, 'chukwudi-onyereri', 'Male', NULL, NULL, 'uploads/avartars/244_avartar.jpg', 0, NULL, NULL, 1, 1, 'USgJ02NDWzclmcmZImruzxouWf6ZyjF23GmMOSv3', 4, NULL, '2015-09-07 16:15:24', '2015-09-17 00:00:02'),
(245, '$2y$10$B3hEWhiApypQPCtqwmdDMeRTvm7fVAmXLNKj4b6joss7ICagL0V92', 'goodluck.nanah@gmail.com', 'GOODLUCK', 'NANAH', NULL, 'goodluck-nanah', 'Male', NULL, NULL, 'uploads/avartars/245_avartar.jpg', 0, NULL, NULL, 1, 1, 'c67Eku0mRABP9O197BUOEaxVK0Au4uGGH9HvPn9o', 4, NULL, '2015-09-07 16:16:42', '2015-09-17 00:31:15'),
(246, '$2y$10$51F9pB0QrIAMTvTrsZkzkO77NryztZhoy.CfVuQ4SWZKDBHsecpQa', 'nwawuba.ugochukwu@gmail.com', 'NWAWUBA', 'UGOCHUKWU', NULL, 'nwawuba-ugochukwu', 'Male', NULL, NULL, 'uploads/avartars/246_avartar.jpg', 0, NULL, NULL, 1, 1, 'Smg1UmmEKOdBeUrfE3WqJ5fCAT72sKDbDBuO3Zrq', 4, NULL, '2015-09-07 16:17:48', '2015-09-17 01:00:05'),
(247, '$2y$10$XAXvcsgQWBl3CWJDLjFPXOKONr/Ob.Jx0f3myjCdV/DKAzXvu89WO', 'chukwukere.ikechukwu@gmail.com', 'CHUKWUKERE', 'IKECHUKWU', NULL, 'chukwukere-ikechukwu', 'Male', NULL, NULL, 'uploads/avartars/247_avartar.jpg', 0, NULL, NULL, 1, 1, 'LRSyvldBKn2ofZL3dlU7wEhBXDyU64qPhPNKUsnG', 4, NULL, '2015-09-07 16:18:59', '2015-09-16 22:54:30'),
(248, '$2y$10$52VyjqNBF/h9rt3xZ0AiZ.nztOVBCOqPUllMBEWBwIwNWxtj/JAiu', 'uchenna.bede@gmail.com', 'UCHENNA', 'BEDE', NULL, 'uchenna-bede', 'Male', NULL, NULL, NULL, 0, NULL, NULL, 1, 1, 'Jp4xMcHP4MDhAHLbdXG4bWvBy1v9x4KB8thzWXjY', 4, NULL, '2015-09-07 16:19:35', '2015-09-07 16:19:35'),
(249, '$2y$10$VYtP4/bYWE8k.XkTnpGuruuZIXBRBbdRWz6WJwJpUnZPmGkYJ6oL6', 'abubakar.fulata@gmail.com', 'ABUBAKAR', 'FULATA', NULL, 'abubakar-fulata', 'Male', NULL, NULL, 'uploads/avartars/249_avartar.jpg', 0, NULL, NULL, 1, 1, '3Kka87bAZP2zHKrajviBSYuU9ooeNlM1c46ZzSBh', 4, NULL, '2015-09-07 16:20:15', '2015-09-16 19:49:54'),
(250, '$2y$10$AZdzXeTRkZreHkFJx3.I..akzS8UrjN.a6o.cnqPGIh00ogdy9LQC', 'rabiu.kaugama@gmail.com', 'RABIU', 'GARBA', 'KAUGAMA', 'rabiu-garba', 'Male', '', NULL, 'uploads/avartars/250_avartar.jpg', 338, 0, 0, 1, 1, 'ZlJDTh03PJH3ySpvqSL8QHjwMF04hx9zZWkQfDbK', 4, NULL, '2015-09-07 16:20:43', '2015-09-17 02:26:11'),
(251, '$2y$10$Pa8oTuANKI6uEH7aonwn..Us.I7URwXTPB9LxY/NGUS7DrHKRfPaq', 'mohammed.zorro@gmail.com', 'MOHAMMED', 'ZORRO', NULL, 'mohammed-zorro', 'Male', NULL, NULL, 'uploads/avartars/251_avartar.jpg', 0, NULL, NULL, 1, 1, 'VWpbkfnwZIO255CrOnhCWoYe851ZyFyDqnLOPgdm', 4, NULL, '2015-09-07 16:21:13', '2015-09-17 01:21:16'),
(252, '$2y$10$b4oW5VUkSuPeEnXW8uCgnOwqO49hl4MvIJ.DOw7VrkW.gXrz1Iiku', 'muhammed.gawo@gmail.com', 'MUHAMMED', 'GAWO', NULL, 'muhammed-gawo', 'Male', NULL, NULL, NULL, 0, NULL, NULL, 1, 1, 'CQ2Us6J9Si7aEy1nBu9uVOMlaQlp5eTNt7bcQTFD', 4, NULL, '2015-09-07 16:21:49', '2015-09-07 16:21:49'),
(253, '$2y$10$TelxmuWrsfVxVDt0Zm6mRuv1fn72/S/NRwsfI7prSyBcxJbGGSriS', 'usman.auyo@gmail.com', 'USMAN', 'IBRAHIM', '', 'usman-ibrahim', 'Male', '', NULL, 'uploads/avartars/253_avartar.jpg', 332, 9, 0, 1, 1, '98gKIqvRjl37Cd5ksKMHc2o2LmyRmmShLApcLmtZ', 4, NULL, '2015-09-07 16:22:17', '2015-09-15 00:57:36'),
(254, '$2y$10$jpV5hWJCXU2e4tdSo1jRMuPMOVjWs6N2LMR3FSxjm.Ai/7htbrtOq', 'muhammed.kazaure@gmail.com', 'MUHAMMED', 'KAZAURE', NULL, 'muhammed-kazaure', 'Male', NULL, NULL, NULL, 0, NULL, NULL, 1, 1, 'TkS1ZSUIyrVglL2q6YGarLguUoKEVI0LNZ7s7M9j', 4, NULL, '2015-09-07 16:22:52', '2015-09-07 16:22:52'),
(255, '$2y$10$yyiXamOaVYEQhGU7o0YdWOW7Ul9r83rkN.HnkserK8fGK9FQk7/na', 'muhammed.boyi@gmail.com', 'MUHAMMAD', 'BOYI', NULL, 'muhammad-boyi', 'Male', NULL, NULL, 'uploads/avartars/255_avartar.jpg', 0, NULL, NULL, 1, 1, 'Hzs9opBpB7QeQENhqILnjVNAy83IyfjrFxOQpN9u', 4, NULL, '2015-09-07 16:23:23', '2015-09-17 02:34:40'),
(256, '$2y$10$dhk8pGkOaVFxwWe5ONJd3Ootquhpf./.u6bzdLSXNZmP4SDx5lyLO', 'saidu.miga@gmail.com', 'SAIDU', 'MIGA', NULL, 'saidu-miga', 'Male', NULL, NULL, NULL, 0, NULL, NULL, 1, 1, '4Wqod5jlyacLVSJJU5mvXxsxSZjZxKvXZwwD5xmv', 4, NULL, '2015-09-07 16:23:55', '2015-09-07 16:23:55'),
(257, '$2y$10$IGAmIxdcJ523jgtzjxXxruse3PC77D2pNycoNuVaqPANjjGJaM3iK', 'ibrahim.dutse@gmail.com', 'IBRAHIM', 'DUTSE', NULL, 'ibrahim-dutse', 'Male', NULL, NULL, NULL, 0, NULL, NULL, 1, 1, 'yo7z4itOuai0dfdpt80N7ElS05NLTy7U7ET4Bh4c', 4, NULL, '2015-09-07 16:24:25', '2015-09-07 16:24:25'),
(258, '$2y$10$QaWaWvH7qecYCc9eYzAMEe.05h0Y04NyjfZOBLLnR4Fw1BP9f0RAa', 'yuguda.kila@gmail.com', 'YUGUDA', 'KILA', NULL, 'yuguda-kila', 'Male', NULL, NULL, NULL, 0, NULL, NULL, 1, 1, 'cmtIndLgztWhTdoZ19jkKIb4yPFoWG7VvRaGp8yD', 4, NULL, '2015-09-07 16:24:58', '2015-09-07 16:24:58'),
(259, '$2y$10$Q3mowhxAxmu.wjO30DHiLuerwPdja7l3EVQYVC.bzVyUBUXHZqbnK', 'magaji.aliyu@gmail.com', 'MAGAJI', 'ALIYU', NULL, 'magaji-aliyu', 'Male', NULL, NULL, NULL, 0, NULL, NULL, 1, 1, 'KfGradMvJvgZocwP5PsiyE7ZpHrcmz9LuEBshghK', 4, NULL, '2015-09-07 16:25:23', '2015-09-07 16:25:23'),
(260, '$2y$10$2JIuqOMP8/ZBarVsl/Na2u0j0bL.DIewINsEsQX0jJKvnQ0DxBu7i', 'shehu.garba@gmail.com', 'SHEHU', 'GARBA', NULL, 'shehu-garba', 'Male', NULL, NULL, 'uploads/avartars/260_avartar.jpg', 0, NULL, NULL, 1, 1, 'LTL2mW0fgQy2evnHQwP36vaTO99wmifzVlDpPLD2', 4, NULL, '2015-09-07 16:26:14', '2015-09-17 03:36:26'),
(261, '$2y$10$6qZeNWu2RP5boSVO68vH0OyOLVGqXCw.7pSFlcLq97GF6uS/6iCaq', 'adams.jagaba@gmail.com', 'ADAMS', 'JAGABA', NULL, 'adams-jagaba', 'Male', NULL, NULL, 'uploads/avartars/261_avartar.jpg', 0, NULL, NULL, 1, 1, 'tHtGwjSVrCqoiuCTLd96iA3Y0KHylwJz2xvpJ2jI', 4, NULL, '2015-09-07 16:26:55', '2015-09-17 03:21:55'),
(262, '$2y$10$1uPjPU/JM7LjRv7yhHm7pectRNrJvcnqoCBbMZfTpQWmcg8hB9FAy', 'abbas.tajudeen@gmail.com', 'ABBAS', 'TAJUDEEN', NULL, 'abbas-tajudeen', 'Male', NULL, NULL, 'uploads/avartars/262_avartar.jpg', 0, NULL, NULL, 1, 1, 'UPrMFV4nOym4PvRnk7yl3vTmahn9dTenTaIwxdAP', 4, NULL, '2015-09-07 16:27:22', '2015-09-17 02:59:25'),
(263, '$2y$10$8ieBdV33XFEwR.WaN/jmveGyFa2deK7jm7u3GQGQVAhZJPBq/Ecny', 'muhammed.abubakar@gmail.com', 'MUHAMMED', 'ABUBAKAR', NULL, 'muhammed-abubakar', 'Male', NULL, NULL, 'uploads/avartars/263_avartar.jpg', 0, NULL, NULL, 1, 1, 'mZLnw2t0WYGe44oZ3j3TzbYN5mJSos322gWvHuiE', 4, NULL, '2015-09-07 16:28:04', '2015-09-16 19:46:15'),
(264, '$2y$10$gHsqhWQK2CN482C6sxleLuZNsQd0sy0c5Ama7dfJBMdG4Bd/G2.gG', 'sunday.katung@gmail.com', 'SUNDAY', 'KATUNG', NULL, 'sunday-katung', 'Male', NULL, NULL, 'uploads/avartars/264_avartar.jpg', 0, NULL, NULL, 1, 1, 'vGDNxtmD0DiboCeDHJRaXTdTVx5wkjN5GwjhDNFe', 4, NULL, '2015-09-07 16:28:51', '2015-09-17 04:52:31'),
(265, '$2y$10$dSERyx1Vw.bgTUXNvljnju836gb.RIgRk4C9ZVJxS6QesRPtdkFGa', 'samaila.sueiman@gmail.com', 'SAMAILA', 'SULEIMAN', NULL, 'samaila-suleiman', 'Male', NULL, NULL, 'uploads/avartars/265_avartar.jpg', 0, NULL, NULL, 1, 1, 'sePPgMtI1qUGJlCWonSMliudoA4SngBj5PXZ3zX2', 4, NULL, '2015-09-07 16:29:27', '2015-09-17 02:50:24'),
(266, '$2y$10$uchKIJrAA6oKrKnapxoV..mhH6BWIXxUbPVY7K1sRLLNTUizXaiWG', 'garba.muhammad@gmail.com', 'GARBA', 'MUHAMMAD', NULL, 'garba-muhammad', 'Male', NULL, NULL, 'uploads/avartars/266_avartar.jpg', 0, NULL, NULL, 1, 1, 'fbWDbyeeu8KyoL72WQfLOzVWuhJy0FdvvLmA8dEr', 4, NULL, '2015-09-07 16:30:06', '2015-09-17 04:27:40'),
(267, '$2y$10$L2Uk8ayhdRsWHzTQPplyg..rAjWRygtK4FvKEfx2eGztE.cpv3vYe', 'umar.barde@gmail.com', 'UMAR', 'YAKUBU', 'BARDE', 'umar-yakubu', 'Male', '', NULL, 'uploads/avartars/267_avartar.jpg', 348, 0, 0, 1, 1, 'wGK5YWLEnzOfOViEwZ6RgQ0MMtb6CarvmfIkqutr', 4, NULL, '2015-09-07 16:30:36', '2015-09-14 22:49:22'),
(268, '$2y$10$dhdsKWSPBHCjHQ23iXgxU.9zoPZ1Yc9TYVx4bZGpVTLApB2hkH1uW', 'rufai.chanchangi@gmail.com', 'AHMED', 'RUFAI', 'CHANCHANGI', 'ahmed-rufai', 'Male', '', NULL, 'uploads/avartars/268_avartar.jpg', 356, 0, 0, 1, 1, '51ohrlpIk0gvkewKTt8zh1WDiVuce0iVz7xP6aFF', 4, NULL, '2015-09-07 16:31:08', '2015-09-14 23:48:22'),
(269, '$2y$10$gHUPfx12YzTT8VtM2zRmPuYuWYUaIF4Y9.B4mrFcYDjwGdKzfHdJa', 'muhammad.soba@gmail.com', 'MUHAMMAD', 'MUSA', 'SOBA', 'muhammad-musa', 'Male', '', NULL, 'uploads/avartars/269_avartar.jpg', 367, 0, 0, 1, 1, 'urS4hwYCxYf7oZthcQVRlpUZimDMe9t9pWtPlsod', 4, NULL, '2015-09-07 16:31:37', '2015-09-17 02:42:51'),
(270, '$2y$10$RrSUk7PVup52aD0SINjwIuPJqyVC7Huedm3iewpj0u3jeP5IV6rO2', 'hassan.shekarau@gmail.com', 'HASSAN', 'SHEKARAU', NULL, 'hassan-shekarau', 'Male', NULL, NULL, 'uploads/avartars/270_avartar.jpg', 0, NULL, NULL, 1, 1, 'Bg1e2yXXAX6SFRJFVjpwnXPXLCmwdD7s9fozA7Z5', 4, NULL, '2015-09-07 16:32:09', '2015-09-17 03:41:50'),
(271, '$2y$10$zxbTebwLNAjE2yVjaZB8TObll3K9lSitxg6uzDZ4p1iY9i/M7xCOu', 'yusuf.bala@gmail.com', 'YUSUF', 'BALA', NULL, 'yusuf-bala', 'Male', NULL, NULL, 'uploads/avartars/271_avartar.jpg', 0, NULL, NULL, 1, 1, 'e5fPvAWqFxwppGHGBWf6Ld9UcFUWiXn0N08pl2uN', 4, NULL, '2015-09-07 16:32:36', '2015-09-17 03:08:58'),
(272, '$2y$10$uKzxZbqoYzesSJAvuiJKU.dgpGYxZZUQYJE5.febzV4slrHXaPc7a', 'mohammed.usman@gmail.com', 'MOHAMMED', 'USMAN', NULL, 'mohammed-usman', 'Male', NULL, NULL, NULL, 0, NULL, NULL, 1, 1, 'yj8djjWpsxQoFlyR7tYIUAcnLsypvlokQrcpSoQs', 4, NULL, '2015-09-07 16:33:01', '2015-09-07 16:33:01'),
(273, '$2y$10$.SAye8pg34L5oXSWpuHch.qxAuRriaIHyg/6W18keKF370FOMwjDy', 'simon.arabo@gmail.com', 'SIMON', 'ARABO', NULL, 'simon-arabo', 'Male', NULL, NULL, 'uploads/avartars/273_avartar.jpg', 0, NULL, NULL, 1, 1, 'PBuHaps5NS9WjqSaUev4J5d2nt9mUJNSMUpil5tv', 4, NULL, '2015-09-07 16:33:31', '2015-09-17 04:47:24'),
(274, '$2y$10$UayMBE5IuKo1j6wX6zR59e94R0VRLua4bdRN0N/DIDMbu3AfE3p6i', 'gideon.gwani@gmail.com', 'GIDEON', 'GWANI', NULL, 'gideon-gwani', 'Male', NULL, NULL, 'uploads/avartars/274_avartar.jpg', 0, NULL, NULL, 1, 1, 'wXUUXnAieNZYs6zdDYiQYhIIRMNFfuIuJUOVdmGr', 4, NULL, '2015-09-07 16:34:08', '2015-09-17 04:44:34'),
(275, '$2y$10$xV1EfNQZ7mrElpl9RKwFW.EpY64uO30uCessxMky2OitCDzgk/PGq', 'lawal.rabiu@gmail.com', 'LAWAL', 'RABIU', NULL, 'lawal-rabiu', 'Male', NULL, NULL, NULL, 0, NULL, NULL, 1, 1, 'ztvbdxqubRBOmPlDh9PLqvZokBqa1mXYOUyZ8ejA', 4, NULL, '2015-09-07 16:34:47', '2015-09-07 16:34:47'),
(276, '$2y$10$xvAbj8VG39htqL5haQjFU.MKkUKsz8lkUARsTk6JPVT5RXE11cRta', 'tijjani.jobe@gmail.com', 'TIJJANI', 'JOBE', NULL, 'tijjani-jobe', 'Male', NULL, NULL, 'uploads/avartars/276_avartar.jpg', 0, NULL, NULL, 1, 1, 'fn9OepKuxPk5yU5H3lAuyJQfwxNJQ69RxIX4XNrM', 4, NULL, '2015-09-07 16:35:23', '2015-09-17 15:27:47'),
(277, '$2y$10$Ts0x.o7Z4BleFkk0BoWmY.JSzTv5quyvtweCixDnt84egK.ARfYbW', 'munir.danagundi@gmail.com', 'MUNIR', 'DANAGUNDI', NULL, 'munir-danagundi', 'Male', NULL, NULL, 'uploads/avartars/277_avartar.jpg', 0, NULL, NULL, 1, 1, 'QagN5caEbnluZf7HedqOqiTEzzqPpoXVvBpAqpGW', 4, NULL, '2015-09-07 16:35:50', '2015-09-17 16:17:39'),
(278, '$2y$10$7LE/a2vfphXfYy1rQFbex.9cjJ91gQoFblKYmtzg0rxpPymsPfMyS', 'nasiru.sule@gmail.com', 'NASIRU', 'SULE', NULL, 'nasiru-sule', 'Male', NULL, NULL, 'uploads/avartars/278_avartar.jpg', 0, NULL, NULL, 1, 1, '33gGPLt3I5etAfsQW4whkKY4WHaIM9LivvZtNR9X', 4, NULL, '2015-09-07 16:36:24', '2015-09-17 15:42:29'),
(279, '$2y$10$LS9yI4PDMmk9MyNb3wniqeRWxc0ZJZlWqP1S34OjcRyouqD3BeFhK', 'danburam.nuhu@gmail.com', 'DANBURAM', 'NUHU', NULL, 'danburam-nuhu', 'Male', NULL, NULL, 'uploads/avartars/279_avartar.jpg', 0, NULL, NULL, 1, 1, 'J0haDCZK7vafR9eIl31YHLuKiYx1qiyne7lMbytk', 4, NULL, '2015-09-07 16:36:53', '2015-09-16 19:51:36'),
(280, '$2y$10$Cdht8Kv24LMImOGiKgpN.u/h1CklmIkwbAqp5VUsul.fyBfEIE/nO', 'ahmed.bichi@gmail.com', 'AHMED', 'BICHI', NULL, 'ahmed-bichi', 'Male', NULL, NULL, NULL, 0, NULL, NULL, 1, 1, '0nuDGlYHNGnCymb6wQDNQIUkQ8KGcdxz4esrvSmS', 4, NULL, '2015-09-07 16:37:25', '2015-09-07 16:37:25'),
(281, '$2y$10$VM5amn33veDJcGuZAlsRmuGBN8E5YF4mpdxjOf6iRQCA2jkZKfSnu', 'badamasi.ayuba@gmail.com', 'BADAMASI', 'AYUBA', NULL, 'badamasi-ayuba', 'Male', NULL, NULL, 'uploads/avartars/281_avartar.jpg', 0, NULL, NULL, 1, 1, 'GjyN91lAjJXjrerA7KbIAIDkcAhTQ9tki2pFpXlu', 4, NULL, '2015-09-07 16:37:58', '2015-09-17 15:25:13'),
(282, '$2y$10$RwXtf9cNTMrZYxIyOfVA0eb1rEUUdYMkg4hs/4F.KQYZqajWT3kuK', 'nassiru.ahmed@gmail.com', 'NASSIRU', 'ALI', 'AHMED', 'nassiru-ali', 'Male', '', NULL, 'uploads/avartars/282_avartar.jpg', 400, 0, 0, 1, 1, 'CZPbfv26TJUCWYdoVONHwZNFnA7zrFkWuScrh8jp', 4, NULL, '2015-09-07 16:38:29', '2015-09-14 23:54:17'),
(283, '$2y$10$9kwzeYowyUXLZwIAAVYZc.9npEVBpnC4jdSd.XKE35sPOTB6/BgWa', 'aliyu.madaki@gmail.com', 'ALIYU', 'MADAKI', NULL, 'aliyu-madaki', 'Male', NULL, NULL, 'uploads/avartars/283_avartar.jpg', 0, NULL, NULL, 1, 1, 'vIHSSaqQH5Atn4S1mjpoJwAcP8BbUIaFqTJUhXEK', 4, NULL, '2015-09-07 16:39:00', '2015-09-17 15:22:25'),
(284, '$2y$10$pI8FEmo/pKb4MzKT29sbHOJjh.5XMQmUuXYcgr46KrP/l16YcA9JK', 'garba.mohammed@gmail.com', 'GARBA', 'MOHAMMED', 'Ibrahim', 'garba-mohammed', 'Male', '', NULL, 'uploads/avartars/284_avartar.jpg', 387, 0, 0, 1, 1, 'QSypVZrGJKzxDZIAmqWXx8gaWNGCGHIVzPu1Ci4Y', 4, NULL, '2015-09-07 16:39:44', '2015-09-15 00:05:26'),
(285, '$2y$10$XIikKgzaKb4UxUiO8tRzxuran4o1IaMH8YmEKRIqngXM3B3GF6Kwq', 'muktar.chiromawa@gmail.com', 'MUKTAR', 'CHIROMAWA', NULL, 'muktar-chiromawa', 'Male', NULL, NULL, NULL, 0, NULL, NULL, 1, 1, 'cgkP67xw9nFIAelzwkErVvoWOZSc2sLtHMGxZGiV', 4, NULL, '2015-09-07 16:40:13', '2015-09-07 16:40:13'),
(286, '$2y$10$3NAefvKEwNpfqv9bvjjo8OMfdVfc1Ixz4n8TKGIrQwqb2EwlE7S2K', 'nasiru.ila@gmail.com', 'NASIRU', 'ILA', NULL, 'nasiru-ila', 'Male', NULL, NULL, 'uploads/avartars/286_avartar.jpg', 0, NULL, NULL, 1, 1, 'GV7i97sQLIESLpQt0Ewtfmh3gKgCFzakAYKuds2H', 4, NULL, '2015-09-07 16:40:52', '2015-09-17 15:48:14'),
(287, '$2y$10$snMG5S3Sws9bYDgFpE4YV.EKmwOE.UujxtwpejuRd6d3heeVPtIHC', 'aminu.suleiman@gmail.com', 'AMINU', 'SULEIMAN', NULL, 'aminu-suleiman', 'Male', NULL, NULL, 'uploads/avartars/287_avartar.jpg', 0, NULL, NULL, 1, 1, 'hJl5met5nlnYGINf7tDTLzaqd34RpJAFfm2rOWo0', 4, NULL, '2015-09-07 16:41:21', '2015-09-17 16:26:41'),
(288, '$2y$10$gbuy5XGGPurPKmtJ1eQkJONGBIWcgWqNeqfaND.v.JhFKC05oE1bK', 'abdulmumin.jibrin@gmail.com', 'ABDULMUMIN', 'JIBRIN', NULL, 'abdulmumin-jibrin', 'Male', NULL, NULL, 'uploads/avartars/288_avartar.jpg', 0, NULL, NULL, 1, 1, '0iUGAd2bUdo1Fq6sv1O1YXVYDuL8oqkkNwpJUgai', 4, NULL, '2015-09-07 16:42:01', '2015-09-17 15:13:11'),
(289, '$2y$10$NYx1cRRafNLQfDL1Ei6Hee2z95Gdm/XUYcsiKqjhkwbEzRmXEClUq', 'garba.durbunde@gmail.com', 'GARBA', 'DURBUNDE', NULL, 'garba-durbunde', 'Male', NULL, NULL, NULL, 0, NULL, NULL, 1, 1, 'dO0FRIWh0ZrW1KmPNG7TLm804oByzRPMb1qJtUF1', 4, NULL, '2015-09-07 16:42:30', '2015-09-07 16:42:30'),
(290, '$2y$10$57hK8nKQbiF0ZDKwv0uMNO1Opwboj.K/HfczUJ5fbSua0qdjK8shy', 'shehu.aliyu@gmail.com', 'SHEHU', 'ALIYU', NULL, 'shehu-aliyu', 'Male', NULL, NULL, NULL, 0, NULL, NULL, 1, 1, '8NiIohapQQ32rHEAYQEDgVx9yPVBLU7StIUBEFtO', 4, NULL, '2015-09-07 16:43:04', '2015-09-07 16:43:04'),
(291, '$2y$10$zhhDw6l4Qqr4gOznqcHsYuwY8T5mANY04aXtXRg6vF9y1MRgeJyJ.', 'sani.rano@gmail.com', 'Mohammed', 'Sani', 'Aliyu', 'mohammed-sani', 'Male', '', NULL, 'uploads/avartars/291_avartar.jpg', 401, 0, 0, 1, 1, 'XoWph1q943i3euuCcJwP0DbVNYpG6sH9ZrknGjJv', 4, NULL, '2015-09-07 16:43:33', '2015-09-14 23:15:09'),
(292, '$2y$10$.ez5zKKd9Q8qQjBy7kqBiuMl15JhujwR5ElfNhDxwYFa48rbXNMyS', 'sulaiman.romo@gmail.com', 'SULAIMAN', 'ROMO', NULL, 'sulaiman-romo', 'Male', NULL, NULL, NULL, 0, NULL, NULL, 1, 1, '4NjNe5NcBd4lm79MifzTPXtFVY3w3TkkkeuJ3xlX', 4, NULL, '2015-09-07 16:44:05', '2015-09-07 16:44:05'),
(293, '$2y$10$JU6fX53gbbGNrYAKY4ot2.RgggI9SGHhSoWUxBnQ54PBWbWOa251a', 'bashir.baballe@gmail.com', 'BASHIR', 'BABALLE', NULL, 'bashir-baballe', 'Male', NULL, NULL, NULL, 0, NULL, NULL, 1, 1, 'RmW9iswmCfI9aPml8d8bnmb3JLbDvUqYMC4vNppG', 4, NULL, '2015-09-07 16:44:37', '2015-09-07 16:44:37'),
(294, '$2y$10$c5k7uM9f6TZzImNXzydHNeljWiLg1miEkh5iJHmK9.ErBrrd24bO6', 'sani.bala@gmail.com', 'SANI', 'BALA', NULL, 'sani-bala', 'Male', NULL, NULL, NULL, 0, NULL, NULL, 1, 1, 'p1KRCW3jIvp1Ni50Y7csNvNOLLfqqoKxdKkY7kJ0', 4, NULL, '2015-09-07 16:45:02', '2015-09-07 16:45:02'),
(295, '$2y$10$dP4TcHl7.iwC9wksN0EHeOdSzLBDVDJdQjv6MaHozxNfRTtP6lCay', 'mustapha.dawaki@gmail.com', 'MUSTAPHA', 'BALA', 'DAWAKI', 'mustapha-bala', 'Male', '', NULL, 'uploads/avartars/295_avartar.jpg', 378, 0, 0, 1, 1, 'xap8GaUulZ803SptYVT21Gcg7UC2YwkMElJZ1Xzc', 4, NULL, '2015-09-07 16:45:40', '2015-09-17 03:06:14'),
(296, '$2y$10$oPPqP9psBxhc//w4TaI/t.NAREaLlSpQp8p9EZN0K.Ns.T12uZYvq', 'abdullahi.gaya@gmail.com', 'ABDULLAHI', 'MAHMUD', 'GAYA', 'abdullahi-mahmud', 'Male', '', NULL, 'uploads/avartars/296_avartar.jpg', 371, 0, 0, 1, 1, 'Mry05ObJnzHFU9478zlpnZ7YVohFIW9hADiwa0ph', 4, NULL, '2015-09-07 16:46:13', '2015-09-15 19:41:54'),
(297, '$2y$10$1V.e8Pd3BpqZYTtA/PYRr.N5/SERiRCuTxWvuLmS2GMVoJsml1vKa', 'musa.ado@gmail.com', 'MUSA', 'ADO', NULL, 'musa-ado', 'Male', NULL, NULL, 'uploads/avartars/297_avartar.jpg', 0, NULL, NULL, 1, 1, 'Uq0R3gkA9Nkqa6yAeRKPtpjetSjxU7Husjg9uPY7', 4, NULL, '2015-09-07 16:46:51', '2015-09-17 15:30:53'),
(298, '$2y$10$dX/XfZBVXiWaSq6ChfUcg.B9H6T2e1rYQo6yPnOCpONkfEm1bdB4m', 'alhassan.garba@gmail.com', 'ADO', 'ALHASSAN', 'GARBA', 'ado-alhassan', 'Male', '', NULL, 'uploads/avartars/298_avartar.jpg', 410, 0, 0, 1, 1, 'gv3n0M0vkiawUfZinBAkuUytY39qJhHmpogF6S0l', 4, NULL, '2015-09-07 16:48:50', '2015-09-14 22:55:46'),
(299, '$2y$10$zSQXRvLL7vtNsNAgeV8ZAeXEIawCCrIKlJ7K5THTSeG/189TLkBua', 'muhammad.wudil@gmail.com', 'MUHAMMAD', 'ALI', 'WUDIL', 'muhammad-ali', 'Male', '', NULL, 'uploads/avartars/299_avartar.jpg', 413, 0, 0, 1, 1, '1enF3nxfaGsei9TcrDGtctXtciLBHWHi0wYf55UZ', 4, NULL, '2015-09-07 16:49:52', '2015-09-16 20:07:22'),
(300, '$2y$10$MV1itKdTOevF8oAWmp84q.bUF7lDzECWQmH0gzwv3LHEUbT.F1hsy', 'babangida.ibrahim@gmail.com', 'BABANGIDA', 'IBRAHIM', NULL, 'babangida-ibrahim', 'Male', NULL, NULL, 'uploads/avartars/300_avartar.jpg', 0, NULL, NULL, 1, 1, 'rVouCPb8OyLHkoI4wt8Jp6VRpRwlEaxvr6Xp7JtX', 4, NULL, '2015-09-07 16:50:30', '2015-09-17 17:18:42'),
(301, '$2y$10$cGxdIj1ls.YkxfkRm3DE0uwk3DkexYgbz9vhiREfhrqm3TTrPCF0W', 'ahmed.safana@gmail.com', 'AHMED', 'SAFANA', NULL, 'ahmed-safana', 'Male', NULL, NULL, 'uploads/avartars/301_avartar.jpg', 0, NULL, NULL, 1, 1, 'Itcs4jI6Qw5dw30f0JFys85KRrzGHLVJv7Y0OlfW', 4, NULL, '2015-09-07 16:51:31', '2015-09-17 16:46:00'),
(302, '$2y$10$maJectaDopmuDgbgBSFH.OYvKPDdcWh4JhJSB4LdlJcVZabHEonTG', 'sani.bello@gmail.com', 'SANI', 'MASHI', NULL, 'sani-mashi', 'Male', NULL, NULL, NULL, 0, NULL, NULL, 1, 1, 'xVa7YjJy29hv9hkrHwU3WGVmVCmQYr0Am4mKm8X7', 4, NULL, '2015-09-07 16:52:00', '2015-09-07 16:52:00'),
(303, '$2y$10$dqQOzm470kSewBzCTLT7lODDMCOlRu8Bq6kIaIP8yC7Ux.oLnSkTK', 'ibrahim.murtala@gmail.com', 'IBRAHIM', 'MURTALA', NULL, 'ibrahim-murtala', 'Male', NULL, NULL, NULL, 0, NULL, NULL, 1, 1, 'VCYMmm2Tbh793O3oT3NaQPDnAdhDGOaDH6PIQTz6', 4, NULL, '2015-09-07 16:53:25', '2015-09-07 16:53:25'),
(304, '$2y$10$ZOb4njqLtivlSyr/OEI/MOBF7l0N9ewZ0BFeqT7dq2okl0ktJPVYa', 'muntari.dandutse@gmail.com', 'MUNTARI', 'DANDUTSE', '', 'muntari-dandutse', 'Male', '', NULL, 'uploads/avartars/304_avartar.jpg', 427, 0, 0, 1, 1, 'SxCPAz4YJhiCoRa0bD8wRc08hVxyxT50Knsa5upp', 4, NULL, '2015-09-07 16:54:05', '2015-09-15 00:09:57'),
(305, '$2y$10$8R4RUlZ1iBqUjDtUsX1Lae9oBJMWmhDdLQaquqXyxfEv7WUaRGbSW', 'amiruddin.tukur@gmail.com', 'AMIRUDDIN', 'TUKUR', NULL, 'amiruddin-tukur', 'Male', NULL, NULL, 'uploads/avartars/305_avartar.jpg', 0, NULL, NULL, 1, 1, 'aqQUZzF4y5mvyqHig1nCaGSVXASkpiluFUFpRv93', 4, NULL, '2015-09-07 16:54:41', '2015-09-17 16:40:44'),
(306, '$2y$10$oqfyX7t/B0N71JCh4qK9xu.ei/J3KkGrdhn51xglt/AcUwqebEQb6', 'danlami.kurfi@gmail.com', 'DANLAMI', 'KURFI', NULL, 'danlami-kurfi', 'Male', NULL, NULL, 'uploads/avartars/306_avartar.jpg', 0, NULL, NULL, 1, 1, 'KT2LbpiwXTNQnMKUNVFM2adt9ge81QQIo3pe801a', 4, NULL, '2015-09-07 16:55:29', '2015-09-17 17:07:29'),
(307, '$2y$10$ch7fcwIoX0Whmg3L7EINdus4kpB0wNgke3YzLnrQ8G0Z3hQ2Rb92K', 'aminu.mani@gmail.com', 'AMINU', 'ASHIRU', 'MANI', 'aminu-ashiru', 'Male', '', NULL, 'uploads/avartars/307_avartar.jpg', 439, 0, 0, 1, 1, 'oMc75fEgSOwtILDeZ19WgtetGN7EqHd4ohGXDi15', 4, NULL, '2015-09-07 16:56:05', '2015-09-17 16:25:09'),
(308, '$2y$10$MYu/s0WW7CGsLYS3zNgIH.Fktp2JKn8L.INMO7.JvNo7z4ERKGRWK', 'ahmad.kaita@gmail.com', 'AHMAD', 'BABBA', 'KAITA', 'ahmad-babba', 'Male', '', NULL, 'uploads/avartars/308_avartar.gif', 433, 0, 0, 1, 1, 'a6MhpavyZYJLNzze5Ayb2jWlzgTUtv3s5q7qXpx0', 4, NULL, '2015-09-07 16:56:49', '2015-09-17 17:12:06'),
(309, '$2y$10$fFysNLkou234mAzLJUeYmOiS8YIczndCgIjxvXwy2MMT980Q.Uvsm', 'nasiru.daura@gmail.com', 'NASIRU', 'DAURA', NULL, 'nasiru-daura', 'Male', NULL, NULL, 'uploads/avartars/309_avartar.jpg', 0, NULL, NULL, 1, 1, 'Vjpvl7jzLkNtEZk3zqM5tlR6hnujTELC7tnKaeGK', 4, NULL, '2015-09-07 16:57:25', '2015-09-17 15:44:30'),
(310, '$2y$10$2uVZNxcq.U1P3PQ5C7ey/.ib5RybOapmlMS5i17PkX1eNqKeXiyAq', 'murtala.isah@gmail.com', 'MURTALA', 'ISAH', NULL, 'murtala-isah', 'Male', NULL, NULL, 'uploads/avartars/310_avartar.jpg', 0, NULL, NULL, 1, 1, 'TVwn2znCrnHpeaT8s19lVkL3TAChIVnLsEy8g7a1', 4, NULL, '2015-09-07 16:58:03', '2015-09-16 20:16:38'),
(311, '$2y$10$9w6ZMGwtc/69dskgRbiN9OtLgDwvljb3igHVw/dy.Ws2Roi8WrdHq', 'umar.abubakar@gmail.com', 'SHEIK UMAR', 'ABUBAKAR', NULL, 'sheik-umar-abubakar', 'Male', NULL, NULL, 'uploads/avartars/311_avartar.jpg', 0, NULL, NULL, 1, 1, 'R8Uo40WN97U5gVKEwS0jze1adsRANnwbLIu3yUfD', 4, NULL, '2015-09-07 16:59:09', '2015-09-17 18:08:41'),
(312, '$2y$10$e460YsAJHA68AGvmeOsfa.QcDXdJY881Qq1vwkDujkMQPQ2R3Bog2', 'sani.fago@gmail.com', 'SANI', 'FAGO', NULL, 'sani-fago', 'Male', NULL, NULL, NULL, 0, NULL, NULL, 1, 1, 'MoQJTaiLIsUXZCmPsjJPgWn98gOHHuXSZHRfLKvv', 4, NULL, '2015-09-07 16:59:44', '2015-09-07 16:59:44'),
(313, '$2y$10$WITpNtD2dL4xuVvmsc./XOaYp3f9RrAUOmQLCs2Biv6FMFjsgxSMe', 'kabir.shaaibu@gmail.com', 'KABIR', 'SHAAIBU', NULL, 'kabir-shaaibu', 'Male', NULL, NULL, NULL, 0, NULL, NULL, 1, 1, 'OMSOmBRNvhfmh8rfuk56yssUQhfqfSBoheR5kibp', 4, NULL, '2015-09-07 17:00:34', '2015-09-07 17:00:34'),
(314, '$2y$10$eUnu9Hw98h8rROFOoqiNLe0A7u9Rg1IPKmRbUzQJdMVwb748xaesa', 'suleiman.salisco@gmail.com', 'SULEIMAN', 'SALISCO', NULL, 'suleiman-salisco', 'Male', NULL, NULL, NULL, 0, NULL, NULL, 1, 1, 'FdiGrtGHf0emkxsgX96VhDcuJdpTlJsvmGqBILOa', 4, NULL, '2015-09-07 17:01:24', '2015-09-07 17:01:24'),
(315, '$2y$10$IBGxJ6pFWtLq8UspoqMki.kXYjUD2HjoWvxiwS2Lxry.Ri2uYpTea', 'aliyu.danladi@gmail.com', 'ALH ALIYU', 'DANLADI', NULL, 'alh-aliyu-danladi', 'Male', NULL, NULL, NULL, 0, NULL, NULL, 1, 1, 'T8fKEJxvP8vkMTAtqiAIn2FVO0SlkYAVSmL6h3BH', 4, NULL, '2015-09-07 17:02:13', '2015-09-07 17:02:13'),
(316, '$2y$10$UzVo/KiNtyHdo8lSEniEe.D9Tqec/x5CnlnbR94wPsAcRZ0s8T3B2', 'muhammed.dantani@gmail.com', 'MUHAMMED', 'DANTANI', NULL, 'muhammed-dantani', 'Male', NULL, NULL, NULL, 0, NULL, NULL, 1, 1, 'xfcc3h7btNM1SeOPH5jznQHufJp1PoJEarsGCKn9', 4, NULL, '2015-09-07 17:03:00', '2015-09-07 17:03:00'),
(317, '$2y$10$HRHTpi1N0HjndWeW56LRZeWBmT8D3CUgj0lkeM2Kq.XFrQjCYDZf.', 'abdullahi.faruk@gmail.com', 'ABDULLAHI', 'FARUK', NULL, 'abdullahi-faruk', 'Male', NULL, NULL, 'uploads/avartars/317_avartar.jpg', 0, NULL, NULL, 1, 1, 'i4C5gAmsO6xGU0D3xCZaua77juIXlQZZfvSsBkM4', 4, NULL, '2015-09-07 17:03:49', '2015-09-17 17:53:29'),
(318, '$2y$10$tRTUpZwVnOFZQHjDn6kPTe7qT2HX2jkQJgo6U9JWwbRXnvFmOOYZu', 'munir.mohammed@gmail.com', 'MUNIR', 'MOHAMMED', NULL, 'munir-mohammed', 'Male', NULL, NULL, NULL, 0, NULL, NULL, 1, 1, 'sqe8OZUmczAQdfpaE4OINudNQehV4Qot2BNvxsdF', 4, NULL, '2015-09-07 17:04:23', '2015-09-07 17:04:23'),
(319, '$2y$10$eEu8w0xgwQPKOkVL4NeyxugFjduUBNAl8CcXSL3RP.XYyUqvj9AeS', 'salisu.koko@gmail.com', 'SALISU', 'KOKO', NULL, 'salisu-koko', 'Male', NULL, NULL, NULL, 0, NULL, NULL, 1, 1, 'uLEmQw9SxUvxdPkhjwbluScmxtCOr8CByIiTLI29', 4, NULL, '2015-09-07 17:05:04', '2015-09-07 17:05:04');
INSERT INTO `users` (`user_id`, `password`, `email`, `first_name`, `last_name`, `middle_name`, `slug`, `gender`, `phone_no`, `dob`, `avatar`, `lga_id`, `salutation_id`, `political_party_id`, `verified`, `status`, `verification_code`, `user_type_id`, `remember_token`, `created_at`, `updated_at`) VALUES
(320, '$2y$10$Ehyi1cQKksJf8Ar0u8ZhvOUntpgqXHn/odBEkjUaAixelN2z5o5nq', 'husseini.kangiwa@gmail.com', 'HUSSEINI', 'KANGIWA', NULL, 'husseini-kangiwa', 'Male', NULL, NULL, NULL, 0, NULL, NULL, 1, 1, 'bYhng3DpcNYe3ws0TDyWmzTEUSZbNnx5AVVRVoL9', 4, NULL, '2015-09-07 17:06:14', '2015-09-07 17:06:14'),
(321, '$2y$10$bc.I2QRE6CdOdRZ4y0jZcu0OlDiYTDpA3B.EEDSHWKcnchbj4ALXu', 'muhammed.jega@gmail.com', 'MUHAMMED', 'JEGA', NULL, 'muhammed-jega', 'Male', NULL, NULL, 'uploads/avartars/321_avartar.jpg', 0, NULL, NULL, 1, 1, 'vvws6xQd7G3IuimoqEGWgL4F0GA12DnyuLH0UrqG', 4, NULL, '2015-09-07 17:06:39', '2015-09-17 17:57:22'),
(322, '$2y$10$FJGL9/s21oLTXiqyXKnKMOdaqTTmN1JxTY4fqLTKkKhNtgExjKfx.', 'abdullahi.suru@gmail.com', 'ABDULLAHI', 'SURU', NULL, 'abdullahi-suru', 'Male', NULL, NULL, NULL, 0, NULL, NULL, 1, 1, '6ZP2DFt0bX2YlZdeK4KuN8WnaKvONJDBTuaOWQ2i', 4, NULL, '2015-09-07 17:07:16', '2015-09-07 17:07:16'),
(323, '$2y$10$FlJRVoNHAO2tVl1sNFYqhuN1ZQnesZCv9uHYD07oKlzpInS38Z4H.', 'umar.jibril@gmail.com', 'UMAR', 'JIBRIL', 'BUBA', 'umar-jibril', 'Male', '', NULL, 'uploads/avartars/323_avartar.jpg', 480, 11, 4, 1, 1, 'gIaCdFlikjSIo2QR76ixMLmv7Y1TIDP6jiTfuhxK', 4, NULL, '2015-09-07 17:07:52', '2015-09-14 22:53:58'),
(324, '$2y$10$8WUrwv6HZS/dMUXLlxyYP.wJKbfxuRJKui14hXNA27aSXuPIL/qHi', 'lawal.iisu@gmail.com', 'LAWAL', 'IISU', NULL, 'lawal-iisu', 'Male', NULL, NULL, NULL, 0, NULL, NULL, 1, 1, 'edPxNIUV1Uw7jallgI852wAGZCSeS5iKCoi4Kmde', 4, NULL, '2015-09-07 17:08:17', '2015-09-07 17:08:17'),
(325, '$2y$10$N.Vqq90u50FymAqjbsUcv.FIqYQnNVUn/KkZvsvhDBepwKwyyC8kK', 'sunday.karimi@gmail.com', 'SUNDAY', 'KARIMI', NULL, 'sunday-karimi', 'Male', NULL, NULL, NULL, 0, NULL, NULL, 1, 1, '3Cz6svfta7jeFrDBAL3tS20RKRzEj8CBFQdVL63g', 4, NULL, '2015-09-07 17:09:06', '2015-09-07 17:09:06'),
(326, '$2y$10$bA71803jvRn/t99Qfh.74.NhwbiILl0znnNn4/.nEFn1u75y6PrLq', 'ajanah.kabir@gmail.com', 'AJANAH', 'KABIR', NULL, 'ajanah-kabir', 'Male', NULL, NULL, NULL, 0, NULL, NULL, 1, 1, 'zbvcNRFws0ZGF53fazcvNLs1SClwE2mZA85jivSy', 4, NULL, '2015-09-07 17:09:44', '2015-09-07 17:09:44'),
(327, '$2y$10$URbPPaLByVdyxmABVFRcLuoM2KRyhmhocvT235rq47sidntJDJjQm', 'emmanuel.egwu@gmail.com', 'EMMANUEL', 'EGWU', NULL, 'emmanuel-egwu', 'Male', NULL, NULL, NULL, 0, NULL, NULL, 1, 1, 'tXFGsfjK13TrrXba7G0dOXoqLnkWj0ZwXbrzAhqW', 4, NULL, '2015-09-07 17:10:24', '2015-09-07 17:10:24'),
(328, '$2y$10$81LKq9KKDZtUEOB0JkLPMOV4GeBgpwOMhL2u/BC4ApIfy4vmb3JOu', 'abdullahi.bello@gmail.com', 'RT  ABDULLAHI', 'BELLO', NULL, 'rt-abdullahi-bello', 'Male', NULL, NULL, 'uploads/avartars/328_avartar.jpg', 0, NULL, NULL, 1, 1, '0KYllWDd2QtOJhPeZOt32OqgBnBcqBjURng4WQyF', 4, NULL, '2015-09-07 17:11:04', '2015-09-17 19:07:30'),
(329, '$2y$10$C09ZF4aH0UEJ9SmxYQKsJuQUESXnum5EonJRFzl07tGFBPXZR4yGW', 'yusuf.tajudeen@gmail.com', 'YUSUF', 'TAJUDEEN', NULL, 'yusuf-tajudeen', 'Male', NULL, NULL, 'uploads/avartars/329_avartar.jpg', 0, NULL, NULL, 1, 1, 'KXz4uvdQDSAqNozsK6tzIWZnsiyRVVdkKsqbQ2RC', 4, NULL, '2015-09-07 17:11:43', '2015-09-17 18:59:59'),
(330, '$2y$10$TDcVtB6ERFqU9KL.3EN.X.zitNLkmM17CYDZnASTD7yTqUHjh9fIy', 'hassan.omale@gmail.com', 'ALH HASSAN', 'OMALE', NULL, 'alh-hassan-omale', 'Male', NULL, NULL, 'uploads/avartars/330_avartar.jpg', 0, NULL, NULL, 1, 1, 'nUDEbkKHmqaXAvxdERiBH5C5x1XOcDd0rQRF20FD', 4, NULL, '2015-09-07 17:12:17', '2015-09-17 03:43:40'),
(331, '$2y$10$ONb2KDu9yIjVpavQ7hMLX.YTrbMyqVf/PPZyEnjcAnve/wqB2pJru', 'benjamin.okolo@gmail.com', 'BENJAMIN', 'OKOLO', NULL, 'benjamin-okolo', 'Male', NULL, NULL, 'uploads/avartars/331_avartar.jpg', 0, NULL, NULL, 1, 1, '1nWffDGyIf03iW7gIJ1kIyRT9cCs53IzEu6MA7Gr', 4, NULL, '2015-09-07 17:12:47', '2015-09-17 18:30:15'),
(332, '$2y$10$hBGNCdMunv0dzUWAdb7dfuk9VX0URg4dcUxsna69x6YkDyVMI08fq', 'razak.atunwa@gmail.com', 'RAZAK', 'ATUNWA', NULL, 'razak-atunwa', 'Male', NULL, NULL, 'uploads/avartars/332_avartar.jpg', 0, NULL, NULL, 1, 1, 'tGgUhOrDHERU4nFqzMMx55cSQGg55fgYDmnAd3iP', 4, NULL, '2015-09-07 17:13:20', '2015-09-17 21:54:11'),
(333, '$2y$10$9Sfc8pfuExeWa/XRM.cRWemz4cLZh1Hf8PWFN4/Q32fOe7Nk6dkY6', 'princess.adedoyin@gmail.com', 'PRINCESS OLUFUNKE', 'ADEDOYIN', '', 'princess-olufunke-adedoyin', 'Female', '', NULL, 'uploads/avartars/333_avartar.jpg', 498, 0, 0, 1, 1, 'VqDTnLXDtGr7h27DS9WUapJA9s4Mmsjl3rP22hW7', 4, NULL, '2015-09-07 17:14:09', '2015-09-15 02:42:29'),
(334, '$2y$10$.M9i/XpGoGNDd/el4k7EvOTzwyboTaX9ExtHi8.syQVcuuyQK1tIS', 'aliyu.pategi@gmail.com', 'ALIYU', 'PATEGI', NULL, 'aliyu-pategi', 'Male', NULL, NULL, 'uploads/avartars/334_avartar.jpg', 0, NULL, NULL, 1, 1, 'inAKXD1D0WzXUoEqXIgLxeVDfKoOfyOEGy9adD4D', 4, NULL, '2015-09-07 17:14:49', '2015-09-15 18:58:22'),
(335, '$2y$10$wqDxUql8bK9/WSTc.7PpROqyDEufEOUQ22iQ9kY1rosRSzRFIQlti', 'tope.olayonu@gmail.com', 'TOPE', 'OLAYONU', NULL, 'tope-olayonu', 'Male', NULL, NULL, 'uploads/avartars/335_avartar.jpg', 0, NULL, NULL, 1, 1, 'utlFUuKSTSmAj1dzOGgMXQzx4XhsRwQID5OoCS4v', 4, NULL, '2015-09-07 17:15:27', '2015-09-17 22:12:51'),
(336, '$2y$10$nDY/o0Qx/II1bSSyPmv2.eRS/lH0OSOUZ6iEYA8qgdj/utV5Bz5iS', 'abubakar.garba@gmail.com', 'ABUBAKAR', 'GARBA', NULL, 'abubakar-garba', 'Male', NULL, NULL, 'uploads/avartars/336_avartar.jpg', 0, NULL, NULL, 1, 1, 'iCDEiMVc3zyfM1nGodpfkMbQ9RpcJcjIo9UZb4FO', 4, NULL, '2015-09-07 17:16:16', '2015-09-17 21:45:46'),
(337, '$2y$10$WH0wlfikxLN3B7Go86pRc.klKBLAIFLfQm/fu.mW6c/BIZCGlVtY6', 'mohammed.zakari@gmail.com', 'MOHAMMED', 'ZAKARI', NULL, 'mohammed-zakari', 'Male', NULL, NULL, 'uploads/avartars/337_avartar.jpg', 0, NULL, NULL, 1, 1, 'SKbi7EQ3pD8WwDgQrCnIucFVUCFDf2DLac4G4oMn', 4, NULL, '2015-09-07 17:16:51', '2015-09-17 21:35:50'),
(338, '$2y$10$kpJIz9LclcL6Srrgv8bCEOeSn4nf.TUukeZehBgmCN8CXEgtl9Me2', 'diya.babafemi@gmail.com', 'DIYA', 'BABAFEMI', NULL, 'diya-babafemi', 'Male', NULL, NULL, NULL, 0, NULL, NULL, 1, 1, 'To6GTbkwjmDr8jKzNwcgZSza9rmr8GVW5Kg4TmZ6', 4, NULL, '2015-09-07 17:17:25', '2015-09-07 17:17:25'),
(339, '$2y$10$IPsIABEJbcOLwcml5o6spekfHJukFDlMXpc7aI/nMFRoqYxJ9rpWS', 'olufemi.adebanjo@gmail.com', 'OLUFEMI', 'ADEBANJO', NULL, 'olufemi-adebanjo', 'Male', NULL, NULL, 'uploads/avartars/339_avartar.jpg', 0, NULL, NULL, 1, 1, '5RlG65JvKexLoJSzYbttd31xsUU7tqwfLBef85qd', 4, NULL, '2015-09-07 17:18:13', '2015-09-17 22:48:51'),
(340, '$2y$10$kfD3kzvkygy2edJNYi2rDeY5/yfqDX2y9bAxvAlxgtLwpHiNdwbZW', 'joseph.ayodeji@gmail.com', 'JOSEPH', 'AYODEJI', NULL, 'joseph-ayodeji', 'Male', NULL, NULL, 'uploads/avartars/340_avartar.jpg', 0, NULL, NULL, 1, 1, 'wmqieEm90qrnrubVPaoZxXa9A97z9e3QLjXcIYqk', 4, NULL, '2015-09-07 17:19:12', '2015-09-16 14:51:50'),
(341, '$2y$10$TTY4sqZdLsZmt.MiC7ToROROGkNrEVG.SLMn2qW6tDyuxXdvdoaFG', 'abayomi.are@gmail.com', 'ABAYOMI', 'ARE', NULL, 'abayomi-are', 'Male', NULL, NULL, 'uploads/avartars/341_avartar.jpg', 0, NULL, NULL, 1, 1, 'KgkkRaAvYg6GIgyG2K0MdPTtvffQ0SEO4jPADegI', 4, NULL, '2015-09-07 17:20:02', '2015-09-17 23:49:07'),
(342, '$2y$10$N8xjaQnXVO0QJb6STu3OzOt677zPibHJ258Gr8RY63Y4SHZ1jPqYu', 'bolaji.ayinla@gmail.com', 'BOLAJI', 'AYINLA', NULL, 'bolaji-ayinla', 'Male', NULL, NULL, 'uploads/avartars/342_avartar.jpg', 0, NULL, NULL, 1, 1, 'SA3xjcEJTKiD405jc0hXEk0nwqUc8GvXjG0SKaK7', 4, NULL, '2015-09-07 17:20:34', '2015-09-17 23:59:08'),
(343, '$2y$10$ECM4.IK0HchSnPUu0.zRO.sKeMptgsJXJ5FSES63VTiVrRuzA7G6O', 'akinloye.hazeez@gmail.com', 'AKINLOYE', 'BABAJIDE', 'HAZEEZ', 'akinloye-babajide', 'Male', '', NULL, 'uploads/avartars/343_avartar.jpg', 513, 9, 0, 1, 1, 'T2KCpWHp2pHO2ZIy36bn5gbLdtVv81dyxk8oO9aa', 4, NULL, '2015-09-07 17:21:10', '2015-09-15 00:52:30'),
(344, '$2y$10$hXgo3FTtBuK4m209WFaKieGSxMbOiqiLIgc9yR/ZQXG21Rvf1ta3.', 'joseph.bamgbose@gmail.com', 'JOSEPH', 'BAMGBOSE', NULL, 'joseph-bamgbose', 'Male', NULL, NULL, 'uploads/avartars/344_avartar.jpg', 0, NULL, NULL, 1, 1, 'aXtKfnyNMEuDrWGrNCTt0DdL3NfQyo0n8jAq805r', 4, NULL, '2015-09-07 17:21:57', '2015-09-17 22:57:33'),
(345, '$2y$10$2HaVlQI9DblJNg0cIKBMweWwczymtoZ92tRw2wSEm5vUi34vDmfmO', 'otunba.abdulkabir@gmail.com', 'OTUNBA', 'ABDULKABIR', NULL, 'otunba-abdulkabir', 'Male', NULL, NULL, 'uploads/avartars/345_avartar.jpg', 0, NULL, NULL, 1, 1, '51DvR6pF2MXhKFnPWG4DrXqBzg6WWWP7MguHdxke', 4, NULL, '2015-09-07 17:22:56', '2015-09-17 23:06:22'),
(346, '$2y$10$6qqGmJQTLTdRmrH1YP59Dug90SxVU.NNHeohVEkpNtSK87suyXehC', 'oghene.egoh@gmail.com', 'OGHENE', 'EGOH', NULL, 'oghene-egoh', 'Male', NULL, NULL, 'uploads/avartars/346_avartar.jpeg', 0, NULL, NULL, 1, 1, 'FYbLTrMM0bnnBfPJT0syAh1qoAs4qujP0ndla5ti', 4, NULL, '2015-09-07 17:23:29', '2015-09-18 04:05:21'),
(347, '$2y$10$YoiqCOIH0rhe0lhHjwLf6usGVQBRyG9D1iCsSm0RWUtIaczp18fuu', 'enitan.bau@gmail.com', 'ENITAN', 'BAU', NULL, 'enitan-bau', 'Male', NULL, NULL, NULL, 0, NULL, NULL, 1, 1, 'SMmdr6OjRQHut9HCpgNFNHmHkvAMEqIlNCACh68g', 4, NULL, '2015-09-07 17:23:59', '2015-09-07 17:23:59'),
(348, '$2y$10$zn9JT6.tO6OSa7IFNhI46uejg7X1JTFY8gxy/PqyacWRuRZDdPB9O', 'jimoh.olajide@gmail.com', 'JIMOH', 'OLAJIDE', NULL, 'jimoh-olajide', 'Male', NULL, NULL, 'uploads/avartars/348_avartar.jpg', 0, NULL, NULL, 1, 1, 'WORtvcrgHVU24lctOlpjt5MeGMB5N0wVjCDdzdgO', 4, NULL, '2015-09-07 17:24:30', '2015-09-17 23:44:27'),
(349, '$2y$10$pz2/qQWFQpw6Pz9LOEvl6ePHayOYOfij8zS.EimOxtSX.W5mG9AxC', 'olufemi.gbajabiamila@gmail.com', 'OLUFEMI', 'GBAJABIAMILA', '', 'olufemi-gbajabiamila', 'Male', '', NULL, 'uploads/avartars/349_avartar.jpg', 525, 9, 0, 1, 1, 'H0cgdFfIfxheRiIP9bdUwnsYXkWXdGjzbhyV7OkT', 4, NULL, '2015-09-07 17:25:13', '2015-09-14 22:57:17'),
(350, '$2y$10$DEnAuVwQjRgCH5BKWilm/OGifjr9IbyakWKlFwoK14ukgsOXXw47G', 'olatunji.soyinka@gmail.com', 'OLATUNJI', 'SOYINKA', NULL, 'olatunji-soyinka', 'Male', NULL, NULL, NULL, 0, NULL, NULL, 1, 1, '1bXjSq25zel6ZVzZr6OOMWVnjjmaRMJo2EJpX1vo', 4, NULL, '2015-09-07 17:25:54', '2015-09-07 17:25:54'),
(351, '$2y$10$50OCDCmLbn.2vSihPnJIFO86isJJKML9SoGFWIwTtdGBE81W93W42', 'balogun.abiodun@gmail.com', 'BALOGUN', 'ABIODUN', NULL, 'balogun-abiodun', 'Male', NULL, NULL, 'uploads/avartars/351_avartar.jpg', 0, NULL, NULL, 1, 1, 'fyqxOIRRbp3MZA5MN7tQVirswBSmhfpbxQx8Yf0j', 4, NULL, '2015-09-07 17:26:30', '2015-09-17 23:41:37'),
(352, '$2y$10$lGmA24EX/9HFOWCKQO6qleg2JJoR0Xvb08RjOogI.x77taoYQblSq', 'shadimu.mutiu@gmail.com', 'SHADIMU', 'MUTIU', NULL, 'shadimu-mutiu', 'Male', NULL, NULL, NULL, 0, NULL, NULL, 1, 1, 'vsbUQ7QwtyKNV2OjEKW6NrCwXKU4Zcsl873peunv', 4, NULL, '2015-09-07 17:27:09', '2015-09-07 17:27:09'),
(353, '$2y$10$eurEIKSd1i9oZ96MV9uH2uzQUmW7JD0rPY8jzBeTism6JnBpBXHW6', 'chinedu.nwulu@gmail.com', 'CHINEDU', 'NWULU', NULL, 'chinedu-nwulu', 'Male', NULL, NULL, 'uploads/avartars/353_avartar.jpg', 0, NULL, NULL, 1, 1, 'RoM3kcl56qujnHiRac3sRWYnPH0Gs7BuLoCjFxw0', 4, NULL, '2015-09-07 17:28:03', '2015-09-18 15:35:00'),
(354, '$2y$10$pwZbBVVXKTxhm0SyJnEUmOJOn8xfsKLroRAVs6DUjgxycyflLN.Dm', 'rita.orji@gmail.com', 'RITA', 'ORJI', '', 'rita-orji', 'Female', '', NULL, 'uploads/avartars/354_avartar.jpg', 507, 7, 4, 1, 1, 'GHcS8b2lfbLCaIVPQmnZCnps0DNUPzm4iYYQGCG0', 4, NULL, '2015-09-07 17:28:30', '2015-09-15 02:51:25'),
(355, '$2y$10$YZFo8KycwvvT3dHA5qJwZ.bUs7F9IReR1doehO9DqhbeCBK8g8Kbi', 'james.faleke@gmail.com', 'JAMES', 'FALEKE', NULL, 'james-faleke', 'Male', NULL, NULL, 'uploads/avartars/355_avartar.jpg', 0, NULL, NULL, 1, 1, 'jYUcnuUeXXO9iWEtMSa315Vp74X6kNMT8QLAIDuj', 4, NULL, '2015-09-07 17:29:07', '2015-09-17 23:33:09'),
(356, '$2y$10$5RaFpej5.xZ8XxmUK.UaCOd/59ZHPAVdM05/K4Ca4LFVPUcVuo.R.', 'babajinmi.benson@gmail.com', 'BABAJINMI', 'BENSON', NULL, 'babajinmi-benson', 'Male', NULL, NULL, 'uploads/avartars/356_avartar.jpg', 0, NULL, NULL, 1, 1, 'CZxhFj7JkMygKTHvBvBdsQfHEWoA6ixnX5OaFJCk', 4, NULL, '2015-09-07 17:29:40', '2015-09-17 23:35:39'),
(357, '$2y$10$XSGg9w9JQAAenq8fZkg9SefAGpLw8cuwMTy3M67bTXF/lC34k5Y.u', 'elijah.adewale@gmail.com', 'ELIJAH', 'ADEWALE', NULL, 'elijah-adewale', 'Male', NULL, NULL, 'uploads/avartars/357_avartar.jpg', 0, NULL, NULL, 1, 1, 'rbyu6g5b4OktpEvN1L7QtFM2l8EFjlZiqSL3wuWC', 4, NULL, '2015-09-07 17:30:18', '2015-09-17 22:46:02'),
(358, '$2y$10$CCryzqtZ2O4CJv6nsVXgq.tL4iera3SMzX/d/CjnaKuikecOfSdYG', 'abiodun.adaranijo@gmail.com', 'ABIODUN', 'ADARANIJO', NULL, 'abiodun-adaranijo', 'Male', NULL, NULL, 'uploads/avartars/358_avartar.jpg', 0, NULL, NULL, 1, 1, 'TbIyknEFXnjqP5QapyDe2kten2y0USoXpAcCdVeu', 4, NULL, '2015-09-07 17:31:02', '2015-09-17 22:22:12'),
(359, '$2y$10$aRSaGpfNZL/wnzvbDBUuF.exsGNOH32zeKX3SE.fiwWB3xsQUF48G', 'agunsoye.ojo@gmail.com', 'AGUNSOYE', 'OJO', NULL, 'agunsoye-ojo', 'Male', NULL, NULL, 'uploads/avartars/359_avartar.jpg', 0, NULL, NULL, 1, 1, 'qxjOaKJlgFrinLuPccdUL2zd4ygLh8h95N1QSukL', 4, NULL, '2015-09-07 17:31:40', '2015-09-18 15:53:29'),
(360, '$2y$10$ptQnFZzhIJgICtMhQLllnu7O4.ngrp3O5tonMZPzeK3KZMGquIewa', 'obasa.tajudeen@gmail.com', 'OBASA', 'TAJUDEEN', NULL, 'obasa-tajudeen', 'Male', NULL, NULL, 'uploads/avartars/360_avartar.jpg', 0, NULL, NULL, 1, 1, '5fMgBEAGJk9LmR5P1obfEawypap5uHVl3TrNeZdT', 4, NULL, '2015-09-07 17:32:53', '2015-09-18 04:11:41'),
(361, '$2y$10$njt3EcYxjZAiuk7kQ5XvJ.VQth0TitZesOqlWM3pDrOJo64vAbwD.', 'tasir.raji@gmail.com', 'TASIR', 'RAJI', 'Olawale', 'tasir-raji', 'Male', '', NULL, 'uploads/avartars/361_avartar.jpg', 512, 0, 0, 1, 1, 'eryttxGfvXwvS5Hcg1jfNm3GteSYADSwodY5xltj', 4, NULL, '2015-09-07 17:33:32', '2015-09-14 23:27:34'),
(362, '$2y$10$laf9rz/kG/3f5foHsstbBeh9/8WJtbAoLURGqmTwnJ6ihNoP/nfMi', 'abubakar.dahiru@gmail.com', 'ABUBAKAR', 'DAHIRU', NULL, 'abubakar-dahiru', 'Male', NULL, NULL, 'uploads/avartars/362_avartar.jpg', 0, NULL, NULL, 1, 1, 'nZSLdQj3IxbE3EINPpP01p9V2Pj88CCXcD1b0AlY', 4, NULL, '2015-09-07 17:34:06', '2015-09-16 19:53:42'),
(363, '$2y$10$q2b.sd9J110JUO6QgQNOu.F2OSafx/iolZMWjF2XjqDSkTxmNWhMK', 'musa.onwana@gmail.com', 'MUSA', 'ONWANA', NULL, 'musa-onwana', 'Male', NULL, NULL, 'uploads/avartars/363_avartar.jpg', 0, NULL, NULL, 1, 1, 'Bh8lTH3RSv1Ycukd14A0kDQj4bnhO8WgSq4u0JAT', 4, NULL, '2015-09-07 17:34:44', '2015-09-18 16:20:01'),
(364, '$2y$10$YJlZc22aZBfvR32USOLbuOySBUsrxxBo4INQLZY7I.o/JxuXoBUly', 'emmanuel.ombugadu@gmail.com', 'EMMANUEL', 'OMBUGADU', NULL, 'emmanuel-ombugadu', 'Male', NULL, NULL, 'uploads/avartars/364_avartar.jpg', 0, NULL, NULL, 1, 1, 'yg6loCkufyxdYJrEtcShACTauBxRT958YgWT4583', 4, NULL, '2015-09-07 17:35:35', '2015-09-18 16:05:59'),
(365, '$2y$10$Xkhdzl8HzaSuiC1k6oyD4u/3dMD0Zji6Gzm6S2/DjilkLydGVTFQu', 'gaza.gbefwi@gmail.com', 'GAZA', 'GBEFWI', NULL, 'gaza-gbefwi', 'Male', NULL, NULL, 'uploads/avartars/365_avartar.jpg', 0, NULL, NULL, 1, 1, 'yfaP3GPXyGL5LYZg1rgfMwdSTlSXewQXDqnuEVxJ', 4, NULL, '2015-09-07 17:36:05', '2015-09-18 16:17:49'),
(366, '$2y$10$tAdPix1.0mJgl5lirUFli.ZVpQlQ4ndQLNtJx5DcqcAvVUvjaeohK', 'mohammed.onawo@gmail.com', 'MOHAMMED', 'ONAWO', NULL, 'mohammed-onawo', 'Male', NULL, NULL, 'uploads/avartars/366_avartar.jpg', 0, NULL, NULL, 1, 1, 'nAq19ZHbWnnvtm48tLTPOgJyvNwpmSHmz9m8N1Qq', 4, NULL, '2015-09-07 17:36:48', '2015-09-18 16:09:49'),
(367, '$2y$10$vSri0VoX/UF.YKCL/nm3tugCqULLXiL6BNUttrLZH8zfeyKC2tjrS', 'umar.rofia@gmail.com', 'UMAR', 'ROFIA', NULL, 'umar-rofia', 'Male', NULL, NULL, NULL, 0, NULL, NULL, 1, 1, '4s61kHG7qaKPPmNm2ZxoFXdPCjgu21KbZSpwRsSR', 4, NULL, '2015-09-07 17:37:27', '2015-09-07 17:37:27'),
(368, '$2y$10$y.562BQF4EaiT388GxezmeEfCMVDW1bWN22vtuQ1BqkAtsl1MsJPq', 'abubakar.adamu@gmail.com', 'ABUBAKAR', 'ADAMU', NULL, 'abubakar-adamu', 'Male', NULL, NULL, NULL, 0, NULL, NULL, 1, 1, 'qUBRAfgDSAdDoRNnd84LLCaUuE1fyUWAtuIXNYSr', 4, NULL, '2015-09-07 17:39:07', '2015-09-07 17:39:07'),
(369, '$2y$10$lkWeLN2scJfGdsKNX679luzrNQVoQchXKWVihZ5fyw9zmdTe42mQy', 'mohammed.mahmud@gmail.com', 'MOHAMMED', 'MAHMUD', NULL, 'mohammed-mahmud', 'Male', NULL, NULL, 'uploads/avartars/369_avartar.jpg', 0, NULL, NULL, 1, 1, 'xkpIk7fMQbtCDWepnrsiMTHbvJqHqtHBw3YnRb0r', 4, NULL, '2015-09-07 17:40:04', '2015-09-18 16:25:17'),
(370, '$2y$10$.43Bm5vs9PZSIQ7rbs8hxeSm885aW5sMo7gISDNqC80KQYHkXmXsG', 'salihu.shadafi@gmail.com', 'SALIHU', 'SHADAFI', NULL, 'salihu-shadafi', 'Male', NULL, NULL, NULL, 0, NULL, NULL, 1, 1, 'YgJjIqMw6fvgeRC5OL6TlKAp7rVmnos06QG1fHjz', 4, NULL, '2015-09-07 17:40:43', '2015-09-07 17:40:43'),
(371, '$2y$10$i8QpQ/4j7Da3MAfX/tqyYehsdVd/QJHJRDvIc8azHNXHLoXhIJvFy', 'muhammadu.faruq@gmail.com', 'MUHAMMADU', 'FARUQ', NULL, 'muhammadu-faruq', 'Male', NULL, NULL, NULL, 0, NULL, NULL, 1, 1, 'qPYmdddwnkHlij2liPwc1BBC5fpF1SX29uUhQgvZ', 4, NULL, '2015-09-07 17:44:44', '2015-09-07 17:44:44'),
(372, '$2y$10$2ZY3HJwg7qoWbsJit3cbb.HDOkn8s7OptdmkZSqK2nlp7VXw6sPv6', 'garba.abdullahi@gmail.com', 'GARBA', 'ABDULLAHI', NULL, 'garba-abdullahi', 'Male', NULL, NULL, 'uploads/avartars/372_avartar.jpg', 0, NULL, NULL, 1, 1, 'h713NVJiJvRyFcUUdr0i7jQhtXKqFblTZUUxZ2PA', 4, NULL, '2015-09-07 17:45:55', '2015-09-18 17:06:16'),
(373, '$2y$10$VYQIAx.01eodgzj56OHLPOjugvyq/FULllkEkeC1LJDrnO9/OgVca', 'mohammed.bago@gmail.com', 'MOHAMMED', 'BAGO', NULL, 'mohammed-bago', 'Male', NULL, NULL, 'uploads/avartars/373_avartar.jpg', 0, NULL, NULL, 1, 1, 'FtxSRbK7XpXP2onEzuEVOjhz0bHmucF6TsDQ9qk2', 4, NULL, '2015-09-07 17:46:46', '2015-09-18 16:36:19'),
(374, '$2y$10$D90miu3Nt/3VHW2.RQbk9.OSWb/cPv6dc7xKuFuHCanIrbOWZs.k.', 'shehu.saleh@gmail.com', 'SHEHU', 'SALEH', NULL, 'shehu-saleh', 'Male', NULL, NULL, NULL, 0, NULL, NULL, 1, 1, 'AvR64IexSREf3TDWLbJiUTYhhTAQiWyyjcpThvHO', 4, NULL, '2015-09-07 17:47:19', '2015-09-07 17:47:19'),
(375, '$2y$10$NDt0P0lDYeh/egjZRySEu.jKIra0I4qtLCCA1PDZhhduaV46FXrl6', 'ahmed.abu@gmail.com', 'AHMED', 'ABU', NULL, 'ahmed-abu', 'Male', NULL, NULL, 'uploads/avartars/375_avartar.jpg', 0, NULL, NULL, 1, 1, 'AoBuc4MPwqChBJTc91CFu8oi61DUPNPbUynpPdZf', 4, NULL, '2015-09-07 17:47:45', '2015-09-18 16:53:52'),
(376, '$2y$10$wIKf0g0M2FlYAlkXxlAIRuPFu.hACv0v6isSKa3.Z8oy8xVEj89ie', 'abubakar.abdullahi@gmail.com', 'ABUBAKAR', 'ABDULLAHI', NULL, 'abubakar-abdullahi', 'Male', NULL, NULL, 'uploads/avartars/376_avartar.jpg', 0, NULL, NULL, 1, 1, 'JU6zstaFcVajsB2sNmnRIYQBZepdTWQxWCMjKchB', 4, NULL, '2015-09-07 17:48:26', '2015-09-18 16:41:58'),
(377, '$2y$10$8Qq1ptv8YcZCBj/zMEMnmO00B7ufEI9QEYJzzZgLs43Y33BAOy5zi', 'mukaila.kazzim@gmail.com', 'MUKAILA', 'KAZZIM', NULL, 'mukaila-kazzim', 'Male', NULL, NULL, 'uploads/avartars/377_avartar.jpg', 0, NULL, NULL, 1, 1, 'aPOYwiDrzZCgSouXsezfmzYukCM0Go4Hvde6O0cY', 4, NULL, '2015-09-07 17:48:55', '2015-09-18 17:11:02'),
(378, '$2y$10$J01texrvBd5QmWPyBaV5UOa5VQrIw8UT48nrnxtjfRGGaYyci9FJu', 'samuel.williams@gmail.com', 'SAMUEL', 'WILLIAMS', NULL, 'samuel-williams', 'Male', NULL, NULL, 'uploads/avartars/378_avartar.jpg', 0, NULL, NULL, 1, 1, 'gMpEKWfdIgnDdMIjWAXdvvLFYs9RkXiKG57OO59s', 4, NULL, '2015-09-07 17:49:43', '2015-09-18 17:13:34'),
(379, '$2y$10$sW44sb87F0Hq/Z4pruJEguMLa1R8QhAnDeL5.izadJ263s5ECLXba', 'jimoh.ojugbele@gmail.com', 'JIMOH', 'OJUGBELE', NULL, 'jimoh-ojugbele', 'Male', NULL, NULL, 'uploads/avartars/379_avartar.jpg', 0, NULL, NULL, 1, 1, 'EdRQyEvTJJGpQc7LmKQk1Olt7ZKsfc1YRp3fYmIo', 4, NULL, '2015-09-07 17:50:12', '2015-09-18 17:15:57'),
(380, '$2y$10$VjWL/d34NaOmzkVeaJ06oujTyfT2RbicR.4Mnyjl0JxudTmJIDaGG', 'kayode.oladele@gmail.com', 'KAYODE', 'OLADELE', NULL, 'kayode-oladele', 'Male', NULL, NULL, 'uploads/avartars/380_avartar.png', 0, NULL, NULL, 1, 1, 'zmUqidFTYjU0bHWsVdprM86wExd6r3y7177hcPsj', 4, NULL, '2015-09-07 17:51:03', '2015-09-18 17:18:18'),
(382, '$2y$10$lkoeCbwFugtiAh3Bbj5ReOguC1WuoJulLJp7SGVrmyy9fzBXIbIny', 'adekunle.akinlade@gmail.com', 'ADEKUNLE', 'AKINLADE', NULL, 'adekunle-akinlade', 'Male', NULL, NULL, 'uploads/avartars/382_avartar.jpg', 0, NULL, NULL, 1, 1, 'L7QHCYHCt1YcLChM4AP8FiVJKzgIuEriRUn0ZQ5A', 4, NULL, '2015-09-07 17:52:00', '2015-09-18 17:21:40'),
(383, '$2y$10$kSk5tErz85LHmXAcKujJgeZUHaXj.Jrhx4HNgR1xEZ.FdZR.slHmW', 'isiaka.ibrahim@gmail.com', 'ISIAKA', 'IBRAHIM', NULL, 'isiaka-ibrahim', 'Male', NULL, NULL, NULL, 0, NULL, NULL, 1, 1, 'DyF45sNmsj3EixFJoJo94N9yIo6P2LbrvsntrhJj', 4, NULL, '2015-09-07 17:52:33', '2015-09-07 17:52:33'),
(384, '$2y$10$jkf.gJIluIMYYRDHDhXJ/edjKp.xkdiGtNExHulx0tdrNYx3kj/tq', 'adesegun.adekoya@gmail.com', 'ADESEGUN', 'ADEKOYA', NULL, 'adesegun-adekoya', 'Male', NULL, NULL, 'uploads/avartars/384_avartar.jpg', 0, NULL, NULL, 1, 1, 'm4A9BU0G0JikPza5PgQjDNbycGCIreqKI1FGueZf', 4, NULL, '2015-09-07 17:53:58', '2015-09-18 17:26:18'),
(385, '$2y$10$jAY1YID6ZJgDeeQCCZ/SfOYDstyY/xstOVd4Qcbu5LvsRdyIXEiU2', 'olusegun.odeneye@gmail.com', 'OLUSEGUN', 'ODENEYE', NULL, 'olusegun-odeneye', 'Male', NULL, NULL, 'uploads/avartars/385_avartar.jpg', 0, NULL, NULL, 1, 1, 'PqJq3Q4hs7NA0FSiNRwu4E43E98VcXtacVdxYKKO', 4, NULL, '2015-09-07 17:54:54', '2015-09-18 17:28:47'),
(386, '$2y$10$Ha2xhptCw3kGYIA2X5GMyOCxklFBLccMMY4u4Uvt91PB1AxlegsLK', 'adebutu.oladipupo@gmail.com', 'ADEBUTU', 'OLADIPUPO', NULL, 'adebutu-oladipupo', 'Male', NULL, NULL, 'uploads/avartars/386_avartar.jpg', 0, NULL, NULL, 1, 1, 'pJdcbAvHBJ5TbQmlSOOdeGvh3wX0lNELYvENPDdW', 4, NULL, '2015-09-07 17:55:39', '2015-09-18 17:41:23'),
(387, '$2y$10$93GQ/.nxem.pd6YbZsIpyubhJWb0WBQBhi/uhcl49QQrMYF3VFlzS', 'ayorinde.olabode@gmail.com', 'AYORINDE', 'OLABODE', NULL, 'ayorinde-olabode', 'Male', NULL, NULL, 'uploads/avartars/387_avartar.jpg', 0, NULL, NULL, 1, 1, '6lInDKNKemcrSl6rsOkQkzoSGXNl28SYCiaR7BnD', 4, NULL, '2015-09-07 17:56:16', '2015-09-18 18:30:58'),
(388, '$2y$10$uLkNEM5eEIg.TCasxB8OLuF7jKjWBYY8FIcQO4gUC5lruH784Utra', 'olowookere.ajisafe@gmail.com', 'OLOWOOKERE', 'AJISAFE', '', 'olowookere-ajisafe', 'Male', '', NULL, 'uploads/avartars/388_avartar.jpg', 588, 0, 0, 1, 1, 'vjV2wvtZ6MM9Z6i0VpLLqteGQ2e42b5FqQVs6hTB', 4, NULL, '2015-09-07 17:56:54', '2015-09-15 00:23:18'),
(389, '$2y$10$VGBB6mh5QP74Y007nTd0LeJy3GfZjQ4/l1w5fzMFhzppoANXG.exW', 'samson.baderinwa@gmail.com', 'SAMSON', 'BADERINWA', NULL, 'samson-baderinwa', 'Male', NULL, NULL, NULL, 0, NULL, NULL, 1, 1, 'WdgLaoq2xjCLr887w6pkfULfgq1Qop9PCdpbTPKw', 4, NULL, '2015-09-07 17:57:31', '2015-09-07 17:57:31'),
(390, '$2y$10$tiV7zxVOisXoQkMhvR9zyOTW7YgniZS/NsAfZgzJB.mQX6k6KQ58m', 'olajide.olatubosun@gmail.com', 'OLAJIDE', 'OLATUBOSUN', NULL, 'olajide-olatubosun', 'Male', NULL, NULL, NULL, 0, NULL, NULL, 1, 1, 'm2B3vEKyC0J3OArNIB4gZIqGGMnCXalUoFU5Bi62', 4, NULL, '2015-09-07 17:58:04', '2015-09-07 17:58:04'),
(391, '$2y$10$S35A6RQXTFqXZwu.kbtFcem.C64TXhh0lHHirhe1b6Yz.iuwiss/K', 'akinlaja.iranola@gmail.com', 'AKINLAJA', 'IRANOLA', NULL, 'akinlaja-iranola', 'Male', NULL, NULL, 'uploads/avartars/391_avartar.png', 0, NULL, NULL, 1, 1, 'CCrTLMpM93WlXlXIkODsW2mtGp1ABB9ftJIe9PbN', 4, NULL, '2015-09-07 17:58:50', '2015-09-18 18:29:18'),
(392, '$2y$10$qZ3fGpihbhnPByq05//fFel7s4KYN.jWOmRLvZwFtBhL6srTR1yPW', 'samuel.akinfolarin@gmail.com', 'SAMUEL', 'AKINFOLARIN', NULL, 'samuel-akinfolarin', 'Male', NULL, NULL, 'uploads/avartars/392_avartar.jpg', 0, NULL, NULL, 1, 1, 'LuP7Vte5SC7ZgtCrGRVz5HEQfNTIpW3IN2yiFEb3', 4, NULL, '2015-09-07 17:59:40', '2015-09-18 18:08:44'),
(393, '$2y$10$awiz3xYycazvqLg/8PU9Zu264LG/3Mz4bZm/4HDWvIS4tbwCT/LTm', 'macheal.omogbehin@gmail.com', 'MICHAEL', 'OMOGBEHIN', NULL, 'michael-omogbehin', 'Male', NULL, NULL, 'uploads/avartars/393_avartar.jpg', 0, NULL, NULL, 1, 1, 'k4BbezMDgDf2NXDcjDrm8Cmkuhp3LuwF7sSIZmI7', 4, NULL, '2015-09-07 18:00:11', '2015-09-18 18:12:00'),
(394, '$2y$10$V1MmdgA1kzFCIHx8n4yzaeBVHJU61DL2INkDHVUIhe/3xNOK/hglC', 'victor.akinjo@gmail.com', 'VICTOR', 'AKINJO', NULL, 'victor-akinjo', 'Male', NULL, NULL, 'uploads/avartars/394_avartar.jpg', 0, NULL, NULL, 1, 1, 'a37t9uDDTZU5R52Y7LPSRPQN2XhcmQHwWti8BzpH', 4, NULL, '2015-09-07 18:00:47', '2015-09-18 18:22:02'),
(395, '$2y$10$8UHSev9eeSUJIsj59cQK1.eq3SNZUun7r1RA7kl0CFVkSD/AiKrru', 'friday.olemija@gmail.com', 'FRIDAY', 'OLEMIJA', NULL, 'friday-olemija', 'Male', NULL, NULL, NULL, 0, NULL, NULL, 1, 1, 'GSw5dQzBcbo2dtHZHDpMmG1wdfMPDuLP7DjFfOWC', 4, NULL, '2015-09-07 18:01:20', '2015-09-07 18:01:20'),
(396, '$2y$10$XgWOugdFqmFoqYXLjH.Bzu.UdROjihUDhXjgFG.R7P0GtoKtjLnK.', 'babatunde.kolawole@gmail.com', 'BABATUNDE', 'KOLAWOLE', NULL, 'babatunde-kolawole', 'Male', NULL, NULL, 'uploads/avartars/396_avartar.jpg', 0, NULL, NULL, 1, 1, 'CFxahqXFlkgpqsZEz3xm0N5hCx0waRPPGeZnwJmw', 4, NULL, '2015-09-07 18:02:09', '2015-09-18 17:48:32'),
(397, '$2y$10$WYiD/gMA.ZBDfaFLAXuSs.w1Z6YnRS74P/toga35QUfAscuW4QQ3G', 'yussuff.lasun@gmail.com', 'YUSUF', 'LASUN', 'Sulaimon', 'yusuf-lasun', 'Male', '', NULL, 'uploads/avartars/397_avartar.jpg', 621, 0, 0, 1, 1, '5BrPyrZDVoLEQmsZ0GzhDcxI0YnvEUHW7xH0cuY8', 4, NULL, '2015-09-07 18:02:46', '2015-09-14 23:01:27'),
(398, '$2y$10$.IfQwF/OvrHS8Z40H9K69eZD3lKkOpMKsBSKl3QbD3tjqLXLN.CIe', 'adeyinka.ajayi@gmail.com', 'ADEYINKA', 'AJAYI', NULL, 'adeyinka-ajayi', 'Male', NULL, NULL, 'uploads/avartars/398_avartar.jpg', 0, NULL, NULL, 1, 1, 'A1nbnBZFqwN7LYmtw0reFxb9yZCyaK1K3ZJR56lT', 4, NULL, '2015-09-07 18:03:20', '2015-09-17 22:27:44'),
(399, '$2y$10$n6TZG79TYfGfuiTFbVr3BuuzIfnZIS.Cr6eIEfdjDmrcCbZ/6dbDq', 'olufemi.fakeye@gmail.com', 'OLUFEMI', 'FAKEYE', NULL, 'olufemi-fakeye', 'Male', NULL, NULL, 'uploads/avartars/399_avartar.jpg', 0, NULL, NULL, 1, 1, 'ICG1xxHG0wW5hXgdPU8aWhoAlGBX0AxQ4F8iWCc9', 4, NULL, '2015-09-07 18:04:40', '2015-09-18 18:33:00'),
(400, '$2y$10$lgWJKjM8Rr0K9h19Oxl/eOnhFoDXl1P5PQzPnrQmLGN5vCbub1GUa', 'ayo.omidiran@gmail.com', 'AYO', 'OMIDIRAN', 'HULAYAT', 'ayo-omidiran', 'Female', '', NULL, 'uploads/avartars/400_avartar.jpg', 604, 4, 2, 1, 1, 'iUdq1H1w4hmj15uHMDQDKIxTeGN6nKESXA3E9UUI', 4, NULL, '2015-09-07 18:07:27', '2015-09-15 02:46:51'),
(401, '$2y$10$pSxr2mZT.6Zm6i6YdDAhguR4ebhqC7tMYNOis2JJm4XvDa2TrDKMu', 'moyeed.alabi@gmail.com', 'MOYEED', 'ALABI', NULL, 'moyeed-alabi', 'Male', NULL, NULL, 'uploads/avartars/401_avartar.jpg', 0, NULL, NULL, 1, 1, 'KSFDkUZD9q89fkeUDZMmRtsg1JxtflHq5V65EsvZ', 4, NULL, '2015-09-07 18:08:10', '2015-09-18 18:49:40'),
(402, '$2y$10$7rX.vGKF7FaDwGcl35CIRuwbG3JaiGji65mPVxFeoRZqcA7NTRPe2', 'akintayo.amere@gmail.com', 'AKINTAYO', 'AMERE', NULL, 'akintayo-amere', 'Male', NULL, NULL, 'uploads/avartars/402_avartar.jpg', 0, NULL, NULL, 1, 1, 'LCldTZRA0Ag3ik2ojBRNeefI9AfkFtE1SUUfsUcj', 4, NULL, '2015-09-07 18:08:54', '2015-09-18 18:47:03'),
(403, '$2y$10$Xzodr0cR2j9OWMYXneYJU.flwxyPB1Y8MCG2hDyp8axfeAtQ7Om26', 'ajibola.famurewa@gmail.com', 'AJIBOLA', 'FAMUREWA', NULL, 'ajibola-famurewa', 'Male', NULL, NULL, 'uploads/avartars/403_avartar.jpg', 0, NULL, NULL, 1, 1, 'Pvdk84gziyCIEmRjn7kzMgQ7KphFVIza18ClINwK', 4, NULL, '2015-09-07 18:09:29', '2015-09-18 18:36:20'),
(404, '$2y$10$Sd9u72qLUXxKc8sl3ep29OI9XlmtnY6PxvEBwq1j8G5tzdgS/h.Ny', 'busayo.oke@gmail.com', 'BUSAYO', 'OKE', NULL, 'busayo-oke', 'Male', NULL, NULL, 'uploads/avartars/404_avartar.jpg', 0, NULL, NULL, 1, 1, 'UD34zQaklQ0JpXyLLsql31jIrOnHKdV9uWLuee1g', 4, NULL, '2015-09-07 18:09:54', '2015-09-18 18:42:00'),
(405, '$2y$10$4uplpeuMOtKpQXRmcFt/BuD2YwDdzLFU6jdExFGHaYaxHZkxuzksK', 'albert.adeogun@gmail.com', 'ALBERT', 'ADEOGUN', NULL, 'albert-adeogun', 'Male', NULL, NULL, 'uploads/avartars/405_avartar.jpg', 0, NULL, NULL, 1, 1, 'vE5MwcnXgDxLBy0ZnDLOAk3F9JhdLREGtQiRYmpE', 4, NULL, '2015-09-07 18:10:21', '2015-09-18 18:44:53'),
(406, '$2y$10$yxW9cCaDBf2KWLkSbb7MoO4fz8pdX.YQqaIYvJnBmsO/zJIGAMtnS', 'abiodun.awoleye@gmail.com', 'ABIODUN', 'AWOLEYE', NULL, 'abiodun-awoleye', 'Male', NULL, NULL, 'uploads/avartars/406_avartar.jpg', 0, NULL, NULL, 1, 1, 'HytuF9lHATXRjogWGisPDTeT7JWxAYnDHONsJs2y', 4, NULL, '2015-09-07 18:11:15', '2015-09-18 19:33:10'),
(407, '$2y$10$kLEaACnHu4lcabh/pE4fzuiuybwUr1nHbFqEptNC3hhf4Dr2niA9S', 'segun.ogunwuyi@gmail.com', 'SEGUN', 'OGUNWUYI', NULL, 'segun-ogunwuyi', 'Male', NULL, NULL, 'uploads/avartars/407_avartar.jpg', 0, NULL, NULL, 1, 1, 'krYqrbRd8kIlalc96eKQp2maLtujwe49bi8BIvii', 4, NULL, '2015-09-07 18:11:47', '2015-09-17 18:15:15'),
(408, '$2y$10$v2F0H5dFBkq4UJ.AZVCsJ.dYUli7PwxmNF9AeaSfFZk4ZsPegArQa', 'olasupo.adeola@gmail.com', 'OLASUPO', 'ADEOLA', NULL, 'olasupo-adeola', 'Male', NULL, NULL, 'uploads/avartars/408_avartar.jpg', 0, NULL, NULL, 1, 1, 'hUCE0qZlcgawJsicgbn85wFF6RQTZYBMj8zTrl0d', 4, NULL, '2015-09-07 18:12:15', '2015-09-18 19:20:56'),
(409, '$2y$10$y0JMtqZP8GSzBT31hGJT5u9N9WjHybAlRwS7AnOWHgAZ/P01ZXA6a', 'odebunmi.dokun@gmail.com', 'ODEBUNMI', 'DOKUN', NULL, 'odebunmi-dokun', 'Male', NULL, NULL, 'uploads/avartars/409_avartar.jpg', 0, NULL, NULL, 1, 1, 'UPo4byKNwwwECisiubcbrVBcZCaLscodose0xOr9', 4, NULL, '2015-09-07 18:12:42', '2015-09-18 19:23:32'),
(410, '$2y$10$Q6fV348GEnfJX./CNUpIJOkC8oXaT8zcYi2aZ0rPWfi9Jo29Ql8Du', 'samson.olugbeni@gmail.com', 'SAMSON', 'OLUGBENI', NULL, 'samson-olugbeni', 'Male', NULL, NULL, NULL, 0, NULL, NULL, 1, 1, 'lfDvEJX9p68XAtspH29svNksy6fGVGxQfTl4VIOD', 4, NULL, '2015-09-07 18:13:10', '2015-09-07 18:13:10'),
(411, '$2y$10$.GybB1eXF8uqDZmjjRq4aezyxZQ1ITZ0Z6o/l03K3jZs5gHlotkvC', 'micheal.akintola@gmail.com', 'MICHAEL', 'AKINTOLA', NULL, 'michael-akintola', 'Male', NULL, NULL, NULL, 0, NULL, NULL, 1, 1, 'BTJX819PrDYQgXvjLmo7ZW1DeTVgVX5FWNj39xMX', 4, NULL, '2015-09-07 18:13:41', '2015-09-07 18:13:41'),
(412, '$2y$10$KCSfBMww/kNfU3MM6.X8QeoTZJa1kLcBsbOC3aobXPp5eJgCtB4Ym', 'olatoye.sugar@gmail.com', 'OLATOYE', 'SUGAR', NULL, 'olatoye-sugar', 'Male', NULL, NULL, 'uploads/avartars/412_avartar.jpg', 0, NULL, NULL, 1, 1, '5S7ho4FvKsBggXg80sQwf3cg3IA6nr3lrH0G05qf', 4, NULL, '2015-09-07 18:14:23', '2015-09-18 19:05:14'),
(413, '$2y$10$QcEjQoIuXZjAD.BaCByHyekUUPZny5fP4mvLcPGW2OXLhfJayu6ey', 'ayoade.ojoawo@gmail.com', 'AYOADE', 'OJOAWO', NULL, 'ayoade-ojoawo', 'Male', NULL, NULL, NULL, 0, NULL, NULL, 1, 1, 'BGjF7v5ZPoz1SGPkOgRsXAzYc72ZX0YRwMaz8jDB', 4, NULL, '2015-09-07 18:14:51', '2015-09-07 18:14:51'),
(414, '$2y$10$xxKllEUo85LLj14Gy6r4IeAJTQF2P4ysS024Jy5ZR0lrJtdRAFJDC', 'adeyemi.adepoju@gmail.com', 'ADEYEMI', 'ADEPOJU', NULL, 'adeyemi-adepoju', 'Male', NULL, NULL, 'uploads/avartars/414_avartar.jpg', 0, NULL, NULL, 1, 1, 'c2EDP7pOeppFDIY8iRRrV8LDcXaKTWIcps2HJM5W', 4, NULL, '2015-09-07 18:15:24', '2015-09-18 19:13:52'),
(415, '$2y$10$iwZH9hu.jX8XfMPPGOKzHuOaSQ/WmmNVe0bo0YRUJwftOCGkhIvqq', 'saheed.fijabi@gmail.com', 'SAHEED', 'FIJABI', NULL, 'saheed-fijabi', 'Male', NULL, NULL, 'uploads/avartars/415_avartar.png', 0, NULL, NULL, 1, 1, 'jTpwq1zXuqA52uc7kLbjJKCVLsWfJ221TLA0lSku', 4, NULL, '2015-09-07 18:15:55', '2015-09-17 18:16:57'),
(416, '$2y$10$/XNB0n7vKtSw7dCvNwCKx.iD3N6cuKusX4C.h/wiFL0gPrFxJljj2', 'adedapo.lam@gmail.com', 'ADEDAPO', 'LAM-ADESINA', NULL, 'adedapo-lam-adesina', 'Male', NULL, NULL, 'uploads/avartars/416_avartar.jpg', 0, NULL, NULL, 1, 1, 'MHkBoLkRahBVghm8OmtIECv09pW44Mot5dJOtxma', 4, NULL, '2015-09-07 18:16:42', '2015-09-17 18:27:17'),
(417, '$2y$10$4DvCuVWMmFITvFbsKqA3nOk.0sdlVwtAdl2NK1uqF0ngatp7Z.CBm', 'akeem.adeyemi@gmail.com', 'PRINCE AKEEM', 'ADEYEMI', NULL, 'prince-akeem-adeyemi', 'Male', NULL, NULL, 'uploads/avartars/417_avartar.jpg', 0, NULL, NULL, 1, 1, 'LKmB2LFGRivYnPdOn3RUM4HB4oumgUvREmO48gfJ', 4, NULL, '2015-09-07 18:17:25', '2015-09-18 18:55:06'),
(418, '$2y$10$gdDqYkWOoFxpEX0C4ARoEukmbuapZ9eg0c0LL4ABNhRSSq5x5Plo2', 'oladele.olatunbosun@gmail.com', 'OLADELE', 'OLATUNBOSUN', NULL, 'oladele-olatunbosun', 'Male', NULL, NULL, NULL, 0, NULL, NULL, 1, 1, 'loqpXMwFchQ8joLyxfVYgF5jSzWFwOPWOmxKLx6p', 4, NULL, '2015-09-07 18:18:12', '2015-09-07 18:18:12'),
(419, '$2y$10$.JGe6ooAk2nEpwZPiKQtL.48afWjbV7A5ywNMYLVfavyynnyDa3jO', 'timothy.golu@gmail.com', 'TIMOTHY', 'GOLU', NULL, 'timothy-golu', 'Male', NULL, NULL, 'uploads/avartars/419_avartar.jpg', 0, NULL, NULL, 1, 1, '5iQEGBug8R3xkEUl0l1E8HpZpfTlWNeSF0IjecUI', 4, NULL, '2015-09-07 18:18:54', '2015-09-18 19:46:29'),
(420, '$2y$10$li8EMhnkW9fHC1kLqtVgi.m9JcQSuu2opV3vISnugMhmDD8KS6kl.', 'johnbull.shekarau@gmail.com', 'JOHNBULL', 'SHEKARAU', NULL, 'johnbull-shekarau', 'Male', NULL, NULL, 'uploads/avartars/420_avartar.jpg', 0, NULL, NULL, 1, 1, 'FortUEgGvuvIjz3JinKya5GQ2zqu6wwGXWfO4YeX', 4, NULL, '2015-09-07 18:19:34', '2015-09-15 16:53:43'),
(421, '$2y$10$XaJXss/p4Fa/D/6aaiAemeU/aVafbKStxQ94JI6DJhfxeuVfIkUY2', 'suleiman.kwande@gmail.com', 'SULEIMAN', 'KWANDE', NULL, 'suleiman-kwande', 'Male', NULL, NULL, 'uploads/avartars/421_avartar.jpg', 0, NULL, NULL, 1, 1, 'L3YuAPKLDZ414dlofx6UYz8h3GVunwYe5psXGBK1', 4, NULL, '2015-09-07 18:20:30', '2015-09-18 19:34:37'),
(422, '$2y$10$RtVzuftNxQXWdLVxryNKUOvo6wWDcsES.1vZcbbfUZ5BbTBmOpLqu', 'gyang.dung@gmail.com', 'ISTIFANUS', 'GYANG', 'DUNG', 'istifanus-gyang', 'Male', '', NULL, 'uploads/avartars/422_avartar.jpg', 666, 0, 0, 1, 1, 'hCn3f9mfX76qOQbr4RayHRPd6Jpd2Vcx4tPOkah7', 4, NULL, '2015-09-07 18:21:23', '2015-09-18 19:40:50'),
(423, '$2y$10$SOz5dg8BW0KW2nqrk9elG.2.67btt4Vz1Jw.jlk6S8f8E4hmSu5qm', 'pwajok.gyang@gmail.com', 'PWAJOK', 'GYANG', NULL, 'pwajok-gyang', 'Male', NULL, NULL, 'uploads/avartars/423_avartar.jpg', 0, NULL, NULL, 1, 1, 'Gw6EnpxzmtwEiTrHhGIl8syP68gkLwB9MgaLSWjA', 4, NULL, '2015-09-07 18:22:12', '2015-09-18 19:38:40'),
(424, '$2y$10$DQiffXKULWiSzgkhppcUSu1y69cbrjYxV.MfL4rJuYVcv6asPovNq', 'solomon.maren@gmail.com', 'BULUS', 'SOLOMON', 'MAREN', 'bulus-solomon', 'Male', '', NULL, NULL, 675, 8, 0, 1, 1, 'rOI1B5vvwgaEkOm9OMdm8RWbAuv49f1mQfn7wbb3', 4, NULL, '2015-09-07 18:22:41', '2015-09-15 03:02:49'),
(425, '$2y$10$G.rNc893JODUFA3yJeT38.MrEgZAPcDg0HWsasf9e3EjN67YGkr4e', 'ahmed.idiris@gmail.com', 'AHMED', 'IDRIS', NULL, 'ahmed-idris', 'Male', NULL, NULL, 'uploads/avartars/425_avartar.jpg', 0, NULL, NULL, 1, 1, 'Wh3h20IFa6kexmOSPDQmHgAaAOvI8qerwRlll9ei', 4, NULL, '2015-09-07 18:23:09', '2015-09-18 19:48:32'),
(426, '$2y$10$MDwicMFudb20QPxDzawbBuILEIaSP/rJ3emI1VapRtv7dwJLG8qlW', 'beni.lar@gmail.com', 'BENI', 'LAR', 'BUTMAK', 'beni-lar', 'Female', '', NULL, 'uploads/avartars/426_avartar.jpg', 674, 11, 4, 1, 1, 'v5EKmEdJ96Lv0F8SFKtZD2kUcGQFNfGedXjfaPQd', 4, NULL, '2015-09-07 18:23:44', '2015-09-15 03:00:55'),
(427, '$2y$10$7vR6AqhR1FbwQOplhZabAeIv8SYuR4Ljq1gjpidlyrx9nh3XSClQy', 'betty.apiafi@gmail.com', 'BETTY', 'APIAFI', NULL, 'betty-apiafi', 'Female', NULL, NULL, 'uploads/avartars/427_avartar.jpg', 0, NULL, NULL, 1, 1, 'kGJtAlNI20GDl2B39710dfSC4KgSPgZ8O7kljKMZ', 4, NULL, '2015-09-07 18:24:21', '2015-09-18 19:50:45'),
(428, '$2y$10$ycyUqwzaivmuRwK8SqXTsuJw6I3VV8uJNioP/9oBii1qnO2uXjrOS', 'uche.obi@gmail.com', 'UCHE', 'OBI', NULL, 'uche-obi', 'Male', NULL, NULL, NULL, 0, NULL, NULL, 1, 1, 'PBRYtKb6Iazxn1jK9SFsQWMQAcDcCASO3XFrzTNi', 4, NULL, '2015-09-07 18:24:58', '2015-09-07 18:24:58'),
(429, '$2y$10$LD05z/O4EzP6f2ZyQRJRI.rWaqE1gDPPwruLPj6iShQhuaMiPAFD.', 'jacobson.nbina@gmail.com', 'JACOBSON', 'NBINA', NULL, 'jacobson-nbina', 'Male', NULL, NULL, 'uploads/avartars/429_avartar.jpg', 0, NULL, NULL, 1, 1, 'MJeoqZEujxKB9am5wIZjUNieo65YrpWiefrN87nv', 4, NULL, '2015-09-07 18:25:40', '2015-09-18 20:03:20'),
(430, '$2y$10$K7mLOZ80PSg.wkf5Gh6diun6wPYWGKmR9um0YzGbLdXGVTkkxLnvG', 'kingsley.chinda@gmail.com', 'KINGSLEY', 'CHINDA', NULL, 'kingsley-chinda', 'Male', NULL, NULL, 'uploads/avartars/430_avartar.jpg', 0, NULL, NULL, 1, 1, 'hIVBYIGkFfLJhTUbh53f2PLjxHZSw7BnX8Twr59i', 4, NULL, '2015-09-07 18:26:18', '2015-09-18 20:15:14'),
(431, '$2y$10$gU43pSNrYC.yWHbPdZ44NuSwibrAfmozDEUTt9HUB891xwyqdLeS.', 'awaji.abiante@gmail.com', 'AWAJI', 'ABIANTE', NULL, 'awaji-abiante', 'Male', NULL, NULL, NULL, 0, NULL, NULL, 1, 1, 'hQwqxcK0ANubAeIxSZrG1EDBtMgiHZyeI7OIu2Rb', 4, NULL, '2015-09-07 18:27:00', '2015-09-07 18:27:00'),
(432, '$2y$10$LfUaUE28BDdDERsrWl6vSeEAEHfJLtRAHBUxk3pUF4EVA2mMaEc6a', 'randolph.brown@gmail.com', 'RANDOLPH', 'BROWN', NULL, 'randolph-brown', 'Male', NULL, NULL, NULL, 0, NULL, NULL, 1, 1, 'Pb4Zcvo0cJSJMxmmIC1aGVC7nB6akDGsv4thGG4U', 4, NULL, '2015-09-07 18:27:28', '2015-09-07 18:27:28'),
(433, '$2y$10$6U/zaJV9TwUA5KSIYfxQqODHBTgrcPehYs0CSZ/E2h.4ik8tOVzyK', 'boma.godhead@gmail.com', 'BOMA', 'GODHEAD', NULL, 'boma-godhead', 'Male', NULL, NULL, NULL, 0, NULL, NULL, 1, 1, 'FZTko2gFDsA3m21UBV8oiqE1bDpU9zVaeN4OAG8c', 4, NULL, '2015-09-08 19:17:07', '2015-09-08 19:17:07'),
(434, '$2y$10$oNPkO20rnftWuicvS/GJEeKECi/iFpuDNN.ZKnMFYQkGwcizl4O4a', 'kenneth.chikere@gmail.com', 'KENNETH', 'CHIKERE', NULL, 'kenneth-chikere', 'Male', NULL, NULL, 'uploads/avartars/434_avartar.jpg', 0, NULL, NULL, 1, 1, 'lknFfR0BNyUQsXFDfglUTEjOQkc8V8MNbAhmgebJ', 4, NULL, '2015-09-08 19:18:18', '2015-09-18 20:19:14'),
(435, '$2y$10$cMPgIvtpqGQPjl25U0PvGuZqU2O7LaGI6aPEK6Ar9S00/eEfIaxsq', 'blessing.nsiegbe@gmail.com', 'BLESSING', 'NSIEGBE', NULL, 'blessing-nsiegbe', 'Female', NULL, NULL, 'uploads/avartars/435_avartar.jpg', 0, NULL, NULL, 1, 1, 'U2RqcVuiGLH6MyRtMFoqFJtjWGDF7BEqM4R8LxWG', 4, NULL, '2015-09-08 19:24:55', '2015-09-18 20:21:16'),
(436, '$2y$10$4f03.FSQy5Ns1gcMOEe6KemKpwkuMo9fNgk6Jfqr.5Hk78Dxdp.lq', 'dumna.deekor@gmail.com', 'DEEKOR', 'DUMNAMENE', '', 'deekor-dumnamene', 'Male', '', NULL, 'uploads/avartars/436_avartar.jpg', 695, 0, 0, 1, 1, 'Da6LERIZnGu90OMS6w0RtbgcwOiLB7qHHixckDiy', 4, NULL, '2015-09-08 19:26:06', '2015-09-18 20:06:47'),
(437, '$2y$10$FKriC5w.hwavjA322CoFTuJsCfa7gLZu8BST9yIYB4ZXTX2F.aTMq', 'boniface.emekengwa@gmail.com', 'BONIFACE', 'EMEKENGWA', NULL, 'boniface-emekengwa', 'Male', NULL, NULL, NULL, 0, NULL, NULL, 1, 1, 'OqTd1hhNPgUTEPCtCIaDV3jmF07q0dhhTQygvhI5', 4, NULL, '2015-09-08 19:26:56', '2015-09-08 19:26:56'),
(438, '$2y$10$biHdytWtwhiFmjmGnfEYROGZMKgLWfL2RqiC.q1VE8JzZZo4HDTKC', 'jerome.eke@gmail.com', 'CHIEF JEROME', 'EKE', NULL, 'chief-jerome-eke', 'Male', NULL, NULL, NULL, 0, NULL, NULL, 1, 1, 'k9EemSyBcA1ts5XbNkHlEBTlZ4F0qigGPeD0cWIj', 4, NULL, '2015-09-08 19:27:55', '2015-09-08 19:27:55'),
(439, '$2y$10$DXpf0UMuuY54iCXuTopIPuUiG5ut4FlHiFtDEXjP71lO1csXBB.s.', 'gogo.tamuno@gmail.com', 'GOGO', 'TAMUNO', NULL, 'gogo-tamuno', 'Male', NULL, NULL, 'uploads/avartars/439_avartar.jpg', 0, NULL, NULL, 1, 1, 'yI39udWuGuFHVJR5chWVp2ytn0wY6w6WFZENGvhr', 4, NULL, '2015-09-08 19:28:36', '2015-09-18 20:00:18'),
(440, '$2y$10$I0MPnUogDyEmD75.XBZg2./D1bUkje87ZNSCtWkQDeN4o5iLoFjJK', 'aminu.isa@gmail.com', 'AMINU', 'ISA', NULL, 'aminu-isa', 'Male', NULL, NULL, NULL, 0, NULL, NULL, 1, 1, 'z3iSOiUuMQeNAZL5PP8eNyvVl4V7Xg0mvJ8SPzL6', 4, NULL, '2015-09-08 19:29:11', '2015-09-08 19:29:11'),
(441, '$2y$10$cSmL0qPbFSVZEQ7wLdM/7eNj8PnVpkKqgpikanwOrxgKHp9JLKiR2', 'isah.bashir@gmail.com', 'ISAH', 'BASHIR', NULL, 'isah-bashir', 'Male', NULL, NULL, 'uploads/avartars/441_avartar.jpg', 0, NULL, NULL, 1, 1, '9AIQDxJVrcJWOihZKvjr2glNwPcC47e7JbyrqL0B', 4, NULL, '2015-09-08 19:29:40', '2015-09-18 22:05:35'),
(442, '$2y$10$TCbDjdPIcllf4/0BDDZf2.QJZHj8uWigrpdtJ6RQtqeNi5nVqTs92', 'abdullahi.wamakko@gmail.com', 'ABDULLAHI', 'WAMAKKO', NULL, 'abdullahi-wamakko', 'Male', NULL, NULL, 'uploads/avartars/442_avartar.jpg', 0, NULL, NULL, 1, 1, 'lKVoaar39XiXNkTNHS8jbpJDzVnBKdHXi9nlBtaD', 4, NULL, '2015-09-08 19:30:38', '2015-09-18 22:13:09'),
(443, '$2y$10$QxPsalVL5/gsHAX3BKyMp.NxjpGHPctUYYKlTy1A5ANvlXiHsKCue', 'aliyu.shehu@gmail.com', 'ALIYU', 'SHEHU', NULL, 'aliyu-shehu', 'Male', NULL, NULL, 'uploads/avartars/443_avartar.jpg', 0, NULL, NULL, 1, 1, 'Y8Eq2hB4K5ydAEKv2QhA611rqyfXVhfcs3nbcADg', 4, NULL, '2015-09-08 19:31:19', '2015-09-15 19:00:24'),
(444, '$2y$10$r2wD8cft.lK/VwW9bp8YeO2GW1owwEXyXZeymSP2PT3cNyDlO7aES', 'saadu.nabunkari@gmail.com', 'SAADU', 'NABUNKARI', NULL, 'saadu-nabunkari', 'Male', NULL, NULL, 'uploads/avartars/444_avartar.jpg', 0, NULL, NULL, 1, 1, 'y1MvbDIbLl92yFeaWcIvlOtXcnYFOx6pDR4ezAtm', 4, NULL, '2015-09-08 19:31:59', '2015-09-18 22:10:32'),
(445, '$2y$10$SoAfyz8J4itvzyP5F.Wt6et1Y25FnnE2n0p0sa/VJYbNXQLLdyK1i', 'abdussamad.dasuki@gmail.com', 'ABDUSSAMAD', 'DASUKI', NULL, 'abdussamad-dasuki', 'Male', NULL, NULL, 'uploads/avartars/445_avartar.jpg', 0, NULL, NULL, 1, 1, 've50WNzDAhSC8QSIrpY8Pruix8E0aEmp44FHftTa', 4, NULL, '2015-09-08 19:32:36', '2015-09-17 18:23:38'),
(446, '$2y$10$U5j9qSoX706QXXRK/5Dp4ea2PytcNk.7IcbnFZdyz/uNz/K3rzuh6', 'abdullahi.salame@gmail.com', 'ABDULLAHI', 'SALAME', NULL, 'abdullahi-salame', 'Male', NULL, NULL, 'uploads/avartars/446_avartar.jpg', 0, NULL, NULL, 1, 1, 'cJYBhJcaZ6Bb6uW0nMEMq5UaoKGSkLAjYNAgL7ZG', 4, NULL, '2015-09-08 19:33:03', '2015-09-18 22:01:26'),
(447, '$2y$10$h4/TWbp83FpRhflvcrs7bORgfOnhxf4SRd8q2zp82a9scjfb9bQLK', 'kabiru.achida@gmail.com', 'KABIRU', 'ACHIDA', NULL, 'kabiru-achida', 'Male', NULL, NULL, 'uploads/avartars/447_avartar.jpg', 0, NULL, NULL, 1, 1, '6WkeskGd9E7lApB1oS5UvNNvG5dOZHz94jBa6M9m', 4, NULL, '2015-09-08 19:33:39', '2015-09-18 21:57:07'),
(448, '$2y$10$R4YEB9N64rm9qb9WR774Y.KkkOzJz20dszIxt2AavTgqC/cCl9aH2', 'hassan.abubakar@gmail.com', 'HASSAN', 'ABUBAKAR', NULL, 'hassan-abubakar', 'Male', NULL, NULL, NULL, 0, NULL, NULL, 1, 1, '9I3A16axOWhaWgJCz6sCMVrDu44fsxuLBRLKbO0c', 4, NULL, '2015-09-08 19:34:22', '2015-09-08 19:34:22'),
(449, '$2y$10$jrZ8R/JvTUhB6/2ai9XLteFdbtn33quFgF.0AG7WV8RO3Hc20iaZu', 'aminu.shagari@gmail.com', 'AMINU', 'SHAGARI', NULL, 'aminu-shagari', 'Male', NULL, NULL, 'uploads/avartars/449_avartar.jpg', 0, NULL, NULL, 1, 1, 'YrC37Nk2LCRGiN8cMWZqPDaGMSmUHZD6MHEcp8If', 4, NULL, '2015-09-08 19:35:04', '2015-09-18 22:50:56'),
(450, '$2y$10$nKFpJyXS8NS/jE67/wA8pu43xe48O7Bbuou23fDJADpoyeYelKTgy', 'musa.kaffe@gmail.com', 'MUSA', 'KAFFE', NULL, 'musa-kaffe', 'Male', NULL, NULL, 'uploads/avartars/450_avartar.jpg', 0, NULL, NULL, 1, 1, 'vxETsijH1LCqxmzH3vtgf4sua0q8qC8RQDAHZpfA', 4, NULL, '2015-09-08 19:35:37', '2015-09-17 15:35:29'),
(451, '$2y$10$UUUTZF7i1I3eOGYbq4nso.pCblkd2i4HJT1gAVkWyplpX9syMj9Qy', 'rima.kwewum@gmail.com', 'RIMA', 'KWEWUM', NULL, 'rima-kwewum', 'Male', NULL, NULL, 'uploads/avartars/451_avartar.jpg', 0, NULL, NULL, 1, 1, 'sfX1nvg0OciTG1YgPWSjhfr87VVQtRtCT6WGup4N', 4, NULL, '2015-09-08 19:36:28', '2015-09-18 22:59:36'),
(452, '$2y$10$14BcNER0Abs/mu5U3Ipeb.WU5kUAxtXSBjpWKL8.HJOa0.jWW2OLu', 'shiddi.danjuma@gmail.com', 'SHIDDI', 'DANJUMA', NULL, 'shiddi-danjuma', 'Male', NULL, NULL, 'uploads/avartars/452_avartar.jpg', 0, NULL, NULL, 1, 1, 'Ds38RFFhShNtGMI4VLVV9TXHdO4I1GBXZL15U0PP', 4, NULL, '2015-09-08 19:37:03', '2015-09-18 23:20:27'),
(453, '$2y$10$6I4B2GYhrMje8m0zf5YxnONpSmgQ7BqLJkOXW7gsTK7wT2TsFwowK', 'aminu.malle@gmail.com', 'AMINU', 'MALLE', NULL, 'aminu-malle', 'Male', NULL, NULL, 'uploads/avartars/453_avartar.jpg', 0, NULL, NULL, 1, 1, 'o4kUcfkbFBtLfcBB765bu6bXfSyyRCwR38P91KKu', 4, NULL, '2015-09-08 19:37:39', '2015-09-18 23:44:11'),
(454, '$2y$10$d7QaABlbsQpA1jlmKKnRTePkR8cwUCTgitQguE1Mu5hQZtYHJWt96', 'baido.tijos@gmail.com', 'BAIDO', 'TIJOS', NULL, 'baido-tijos', 'Male', NULL, NULL, 'uploads/avartars/454_avartar.jpg', 0, NULL, NULL, 1, 1, 'Qndx5JINsOFFkzo9PYbc7NfmkVJMCg4hzM3aIoOh', 4, NULL, '2015-09-08 19:38:22', '2015-09-18 23:50:05'),
(455, '$2y$10$Zl9Adghswi9XoM1NsBjXO.OhEy2D0CcZhoiKiBRIZ5uTdSR1fjkWm', 'garba.chede@gmail.com', 'GARBA', 'CHEDE', NULL, 'garba-chede', 'Male', NULL, NULL, NULL, 0, NULL, NULL, 1, 1, 'kVSA5Wxtv0ohIhHIg4sdWbl1DMDGd9uYjdHofqO4', 4, NULL, '2015-09-08 19:39:09', '2015-09-08 19:39:09'),
(456, '$2y$10$hnggawW9V6E7xWMmKPb.3.Yd88DAcDRnKpP23ctOpL6Ey43tPzsGW', 'danasabe.hosea@gmail.com', 'DANASABE', 'HOSEA', NULL, 'danasabe-hosea', 'Male', NULL, NULL, NULL, 0, NULL, NULL, 1, 1, 'CTWBPF2GfCYkQMiLNwx95vluVXroKdnLjpZSCccT', 4, NULL, '2015-09-08 19:39:35', '2015-09-08 19:39:35'),
(457, '$2y$10$lYmDi4V7VGpzTRrPv0UJlu3b9hLTukuq/Osv72D4awAqd.e2p55eK', 'sidi.yakubu@gmail.com', 'SIDI', 'YAKUBU', NULL, 'sidi-yakubu', 'Male', NULL, NULL, NULL, 0, NULL, NULL, 1, 1, '9i2E9S6JJpksTejH8BdohsKEvO0GwJDDrvjMnw0L', 4, NULL, '2015-09-08 19:40:03', '2015-09-08 19:40:03'),
(458, '$2y$10$H3iscvz/kTB7K8.QWAr9x.RjrzX8SlFS0NELbCcb6S.piUpNdw95y', 'khadija.ibrahim@gmail.com', 'KHADIJA', 'BUKAR', 'IBRAHIM', 'khadija-bukar', 'Female', '', NULL, 'uploads/avartars/458_avartar.jpg', 746, 4, 0, 1, 1, 'iEMLNcEeuiypC198zuHzGVyJQJfe4TdKKEqH9fzA', 4, NULL, '2015-09-08 19:40:59', '2015-09-15 03:07:13'),
(459, '$2y$10$HSqdo3ZnxaqAZqIcG7oKYebzggJ58n31Xe73g/c5q0ihJQcSU4vpS', 'zakariyau.galadima@gmail.com', 'ZAKARIYAÚ', 'GALADIMA', NULL, 'zakariyaú-galadima', 'Male', NULL, NULL, NULL, 0, NULL, NULL, 1, 1, 'OLXNsiY0bBr44W10XBmhsrRQ72hUIgjWH8Q9ZCJp', 4, NULL, '2015-09-08 19:41:45', '2015-09-08 19:41:45'),
(460, '$2y$10$oxuXBI0c75XelwWCkNMRF..m.Bk16nYPJtWHELv2WrtcOtf7PkAUG', 'sabo.garba@gmail.com', 'ALH SABO', 'GARBA', NULL, 'alh-sabo-garba', 'Male', NULL, NULL, 'uploads/avartars/460_avartar.jpg', 0, NULL, NULL, 1, 1, 'pg9hNWdVj0Olg3NwyOo9eo59sP2dCAtAC9UrwtNH', 4, NULL, '2015-09-08 19:42:13', '2015-09-18 23:58:35'),
(461, '$2y$10$UtjfqxHM4rvu0nehUyhrIu.t7JX.wbqFzD.i2KIOIJiIeZts7hMeq', 'goni.lawan@gmail.com', 'GONI', 'LAWAN', NULL, 'goni-lawan', 'Male', NULL, NULL, 'uploads/avartars/461_avartar.jpg', 0, NULL, NULL, 1, 1, 'CCYgzG5661h4qktrntGefy12KE8jCOdAoPQkRR3m', 4, NULL, '2015-09-08 19:42:46', '2015-09-18 23:53:16'),
(462, '$2y$10$I.kJr2xc9lGFY9qKMCAyZeZQJAjXl7TsZpm4wh6U9zZGlwuoWEJtu', 'ismail.gadaka@gmail.com', 'ISMAILA', 'GADAKA', '', 'ismaila-gadaka', 'Male', '', NULL, 'uploads/avartars/462_avartar.jpg', 747, 0, 0, 1, 1, 'H9iqnpbif80YaneBx7Is27A4AT62aiuhJ3FISVJj', 4, NULL, '2015-09-08 19:43:20', '2015-09-14 23:51:18'),
(463, '$2y$10$molUn1v8l/xXScxbYtZWV.FEti.dUsOzk2iJz/uEIbuiTUko8uiiS', 'lawali.anka@gmail.com', 'LAWALI', 'HASSAN', 'ANKA', 'lawali-hassan', 'Male', '', NULL, 'uploads/avartars/463_avartar.jpg', 761, 0, 0, 1, 1, 'GIa1SEgq5FHHiyA904vo5X07hWvoEPxNaVsnbSW2', 4, NULL, '2015-09-08 19:43:49', '2015-09-14 23:25:59'),
(464, '$2y$10$DB1lXi2Xlbp6Hzwr2e4/YejS.H/qeRzGztCS/akTDDHaRt7GEgh5S', 'abdulmalik.bungudu@gmail.com', 'ABDULMALIK', 'ZUBAIRU', 'BUNGUDU', 'abdulmalik-zubairu', 'Male', '', NULL, 'uploads/avartars/464_avartar.jpg', 765, 0, 0, 1, 1, 'fu6xhXButT7y6xtmTkmQYH9jjeRhI5HMkhQDQtFA', 4, NULL, '2015-09-08 19:44:24', '2015-09-16 20:53:10'),
(465, '$2y$10$DnmA2y/a2VxChitunDxdhem9CTHtZZbbiD0egcgkFLvcxZiwB9ACK', 'aminu.jaji@gmail.com', 'AMINU', 'JAJI', NULL, 'aminu-jaji', 'Male', NULL, NULL, 'uploads/avartars/465_avartar.jpeg', 0, NULL, NULL, 1, 1, 'mTadAj6jtaIy7DNEAGqcqCIy1TsI1ErU55KVbflb', 4, NULL, '2015-09-08 19:44:52', '2015-09-17 18:25:01'),
(466, '$2y$10$KVTxmFx9Iw.MxhPoSDn0Cuo9MPE5Jfe6FJSgi12kqLkyDa1P9Pj5C', 'isah.ibrahim@gmail.com', 'ISAH', 'IBRAHIM', NULL, 'isah-ibrahim', 'Male', NULL, NULL, NULL, 0, NULL, NULL, 1, 1, '5ivsi7e2OoSCKJb5ZQlxjbidGcsB2AO25lBZdjaI', 4, NULL, '2015-09-08 19:45:24', '2015-09-08 19:45:24'),
(467, '$2y$10$tuGBXfb/dKDGtAGaHtyfuuO/32.F9jfxfvC4Vd62vewFnxz8NBaNW', 'abubakar.moriki@gmail.com', 'ABUBAKAR', 'MORIKI', NULL, 'abubakar-moriki', 'Male', NULL, NULL, NULL, 0, NULL, NULL, 1, 1, 'CacLmgN5YpS0eYl24Es05gavx37M15WvTRS8pxO6', 4, NULL, '2015-09-08 19:45:53', '2015-09-08 19:45:53'),
(468, '$2y$10$PZujO0GXeSzzmQsa/kGpNejXGAC39vyJYbydLHyv5aiXPcBiVMKNi', 'muazu.lawal@gmail.com', 'LAWAL', 'B/TUDU', 'MUAZU', 'lawal-b-tudu', 'Male', '', NULL, 'uploads/avartars/468_avartar.jpg', 766, 0, 0, 1, 1, 'duI7oyrPQuljySP7sJFUzcMRpX2S2I4R12Jl4rPd', 4, NULL, '2015-09-08 19:46:50', '2015-09-17 03:17:51'),
(469, '$2y$10$vfjaFrR4Onk91vXpEGXUbuVWz7Z11rQEIyd0LVc5cmR7vqNRTvR3C', 'yahaya.gora@gmail.com', 'YAHAYA', 'GORA', NULL, 'yahaya-gora', 'Male', NULL, NULL, NULL, 0, NULL, NULL, 1, 1, 'IMAYsJ3CSuF794LTgWXPrzOpHlCwXi9sSHFSjIeQ', 4, NULL, '2015-09-08 19:47:18', '2015-09-08 19:47:18'),
(470, '$2y$10$kdeGM.BS6zkN3z3Ye8nUgOR2sCa5sQmZ.cEPOLCAt9QbxEchg8OJe', 'zakari.angulu@gmail.com', 'ZAKARI', 'ANGULU', NULL, 'zakari-angulu', 'Male', NULL, NULL, NULL, 0, NULL, NULL, 1, 1, 'CV7OFKt4fR5tzSCuBjyFGxC3Fb4j7dX9amvXjWTV', 4, NULL, '2015-09-08 19:47:51', '2015-09-08 19:47:51'),
(471, '$2y$10$wlT42FY5.uKkqEPgUhLU6OTlqz4AULvstIHTRLU0DC1MVPAoeRyb6', 'jisalo.zaphania@gmail.com', 'JISALO', 'ZAPHANIA', NULL, 'jisalo-zaphania', 'Male', NULL, NULL, 'uploads/avartars/471_avartar.jpg', 0, NULL, NULL, 1, 1, 'E7bgJTGsDv7hUaGONEhOHoCafLvMz5zKzuedms1R', 4, NULL, '2015-09-08 19:48:22', '2015-09-19 00:11:35'),
(472, '$2y$10$trbiYVVA0GlXSUynVWRgPuVVbpTVgdfjHqIX88kmONi6ldwObqT2K', 'obinna.onwubuaria@gmail.com', 'OBINNA', 'ONWUBUARIRI', '', 'obinna-onwubuariri', 'Male', '', NULL, 'uploads/avartars/472_avartar.jpg', 311, 0, 0, 1, 1, 'jBRYBU09vJ6OA3Ol64GDSJR14Tny5QGda44NOOoW', 4, NULL, '2015-09-10 04:08:21', '2015-09-16 22:51:12'),
(473, '$2y$10$O1H30OThSjPtQXtWiaZDSumkCvYYJA8oIustS82PxfuAW7x5dI.4a', 'victor.ikpeazu@gmail.com', 'Dr Victor', 'Ikpeazu', '', 'dr-victor-ikpeazu', 'Male', '', NULL, 'uploads/avartars/473_avartar.jpg', 9, 0, 1, 1, 1, '1H6MMkYhD2etZtVWQWyYGVarHOWquHNLtCU58Iai', 2, NULL, '2015-09-19 20:00:20', '2015-09-19 23:10:32'),
(474, '$2y$10$ElrEIUVQVnsdVDhoD8SkJu6OfvhwF6PU2diRFgxnX3xEtdP1oHVTi', 'jibrilla.jindow@gmail.com', 'Jibrilla', 'Bindow', '', 'jibrilla-bindow', 'Male', '', NULL, 'uploads/avartars/474_avartar.jpg', 31, 11, 2, 1, 1, 'ASqXuiCKwfxibaW2jZdlVowMEChHPlW7SDvvI7iD', 2, NULL, '2015-09-19 20:02:52', '2015-09-19 23:24:38'),
(475, '$2y$10$7NWF2Zse9jyE0xZk4F2Lx.bSJKXsojPsDlma52Ha60t6yKGBrEmPC', 'emmanuel.udom@gmail.com', 'Emmanuel', 'Udom', '', 'emmanuel-udom', 'Male', '', NULL, 'uploads/avartars/475_avartar.jpg', 62, 5, 1, 1, 1, 'eOia756sUlwnFbsSwogEdoBsgt6OHlG7aDZhJFhL', 2, NULL, '2015-09-19 20:04:15', '2015-09-19 23:29:30'),
(476, '$2y$10$WIwdEE0tWHFI7cF216ipf.CZGNXvzVITkjPkU6swcW/ieMWNBZ0xC', 'mohammed.abubakar@gmail.com', 'Barrister Mohammed', 'Abubakar', '', 'barrister-mohammed-abubakar', 'Male', '', NULL, 'uploads/avartars/476_avartar.png', 92, 0, 0, 1, 1, 'CcU5XGwsov8UWa8oj5mhAhyV9UE2h2Pnpjsihs5u', 2, NULL, '2015-09-19 20:04:46', '2015-09-20 00:06:53'),
(477, '$2y$10$yaULh4fuxzTInXlMGu6QF.shZyd6gdxbsGHh8/F.ypdYdFRk2Xc2W', 'willie.obiano@gmail.com', 'Willie', 'Obiano', '', 'willie-obiano', 'Male', '', NULL, 'uploads/avartars/477_avartar.jpg', 90, 0, 0, 1, 1, 'vAeZWin4MPutU8HNt06fsDQTejoEyoOQsBjnfSAO', 2, 'z1vUXDSfHAEWNvzJVQO49R0cMRGsaUEQqGvpc6ZJOoAdXdcdR4GLTkcN9Thh', '2015-09-19 20:05:25', '2015-09-24 18:58:10'),
(478, '$2y$10$fbbsu9ARV2.1E0sYgwvzd.dSvrXL9PWW3aHyTCFTFAVfK8XyRHpa6', 'samuel.ortom@gmail.com', 'Samuel', 'Ortom', NULL, 'samuel-ortom', 'Male', NULL, NULL, 'uploads/avartars/478_avartar.jpg', 0, NULL, NULL, 1, 1, 'iNUV6jnDrhC5gbF3rvPiAXdbSqA5s0BFzTqkND6f', 2, NULL, '2015-09-19 20:06:31', '2015-09-21 23:26:45'),
(479, '$2y$10$x3drg6juGU/4tzD/8xP5bubtSDlBDGXd9fNOpGDhCDi0zPpsDbbYa', 'kashim.shettima@gmail.com', 'Kashim', 'Shettima', NULL, 'kashim-shettima', 'Male', NULL, NULL, 'uploads/avartars/479_avartar.jpg', 0, NULL, NULL, 1, 1, 'lW1dIiwyF5MZJMeje50gZqEaDMvBFoE4v5GDyJBF', 2, NULL, '2015-09-19 20:08:49', '2015-09-21 23:27:58'),
(480, '$2y$10$waenynvyUucOZN7eB5kAjO9m3b1VyiRRTMdWewynwUfK1AICWDXBq', 'henry.dickson@gmail.com', 'Henry', 'Dickson', NULL, 'henry-dickson', 'Male', NULL, NULL, 'uploads/avartars/480_avartar.jpg', 0, NULL, NULL, 1, 1, '2WCkAz6XmOHzxlbceXcVE53iXHjK9WMLRDHAnAvW', 2, NULL, '2015-09-19 20:09:31', '2015-09-21 23:25:49');
INSERT INTO `users` (`user_id`, `password`, `email`, `first_name`, `last_name`, `middle_name`, `slug`, `gender`, `phone_no`, `dob`, `avatar`, `lga_id`, `salutation_id`, `political_party_id`, `verified`, `status`, `verification_code`, `user_type_id`, `remember_token`, `created_at`, `updated_at`) VALUES
(481, '$2y$10$.iMLmuC4/1VyDVxMAzzBI.Nm1OMLvcvUra6KNZ2CfBz7rjazXS7Ae', 'benedict.ayade@gmail.com', 'Prof. Benedict', 'Ayade', NULL, 'prof-benedict-ayade', 'Male', NULL, NULL, 'uploads/avartars/481_avartar.jpg', 0, NULL, NULL, 1, 1, '05dQAxfP0N7PsmikrgnNLPXd55lJy8iPWfMMbs3K', 2, NULL, '2015-09-19 20:10:25', '2015-09-21 23:29:02'),
(482, '$2y$10$.WiHbE.tP5agRVf3chb6qOSCIbQrtsAuOQsyJX4msnNjqlfENRCDu', 'ifeanyi.okowa@gmail.com', 'Ifeanyi', 'Okowa', NULL, 'ifeanyi-okowa', 'Male', NULL, NULL, 'uploads/avartars/482_avartar.jpg', 0, NULL, NULL, 1, 1, 'WaHhYENY4f4sXtHp5WQAkb69xxsP50H8jW58yeXd', 2, NULL, '2015-09-19 20:11:11', '2015-09-21 23:35:16'),
(483, '$2y$10$vLP0IizqyYr12lhnD0GS5uHT3N5uR13Sdkiq3m7Y.7izkzE6a4PBa', 'dave.umahi@gmail.com', 'Dave', 'Umahi', NULL, 'dave-umahi', 'Male', NULL, NULL, 'uploads/avartars/483_avartar.jpg', 0, NULL, NULL, 1, 1, 'Tm6Bq4dYtJ0quuIEtLiMyJJsBwICWbOOxYX4IZyH', 2, NULL, '2015-09-19 20:11:47', '2015-09-21 23:36:53'),
(484, '$2y$10$b4ghs7M5Ghsa3G64wBIjvOARmiTttB7FbLPRlw1WDEkr1eRFzmz.G', 'adams.oshiomhole@gmail.com', 'Adams', 'Oshiomhole', NULL, 'adams-oshiomhole', 'Male', NULL, NULL, 'uploads/avartars/484_avartar.jpg', 0, NULL, NULL, 1, 1, 'Jqsb7hr3eoyvbJxqgqf3z7VqNf3nfx6pdx9Fm0n0', 2, NULL, '2015-09-19 20:14:13', '2015-09-21 23:37:58'),
(485, '$2y$10$zjuZyn23vwkPn0TABpHesew4nxcd3NjJ4QdzR2dP/C4kAi9a2QDAa', 'ayo.fayose@gmail.com', 'Ayo', 'Fayose', NULL, 'ayo-fayose', 'Male', NULL, NULL, 'uploads/avartars/485_avartar.jpg', 0, NULL, NULL, 1, 1, 'jbIi0bys7ePYUTDi2rGPyKB90CH4oDtYI7hY6Pie', 2, NULL, '2015-09-19 20:14:45', '2015-09-21 23:38:52'),
(486, '$2y$10$4hD0Gx/XCaQYsSENbYoIQ.P32qjv8LjNILp9r1nNSmRGtBL6Sc8d2', 'ifeanyi.ugwuanyi@gmail.com', 'Ifeanyi', 'Ugwuanyi', NULL, 'ifeanyi-ugwuanyi', 'Male', NULL, NULL, 'uploads/avartars/486_avartar.gif', 0, NULL, NULL, 1, 1, '0xiVNkHtOqdVHkdyV6dRt8bYLKw1pNgdqdWlcURF', 2, NULL, '2015-09-19 20:15:39', '2015-09-21 23:40:42'),
(487, '$2y$10$8L5TgmJZTqv2rCByA8wqnuT3VslQlzY0hleNtGk6JShWjyrn80mXq', 'ibrahim.dankwambo@gmail.com', 'Ibrahim', 'Dankwambo', NULL, 'ibrahim-dankwambo', 'Male', NULL, NULL, 'uploads/avartars/487_avartar.jpg', 0, NULL, NULL, 1, 1, 'fTK4YeTtE8YXyZTvjEdtLaNrfD4ne8zvvCCIT0Mv', 2, NULL, '2015-09-19 20:16:21', '2015-09-21 23:41:43'),
(488, '$2y$10$od2iMTX0EOzcOmiVMSkCzORwexIfxCKpuj36Kfj6gLgoor3yj15U.', 'rochas.okorocha@gmail.com', 'Rochas', 'Okorocha', NULL, 'rochas-okorocha', 'Male', NULL, NULL, 'uploads/avartars/488_avartar.jpg', 0, NULL, NULL, 1, 1, 'GhHRqWWGd2toTWj9aaNJ8wEsYUJtvFYYr3ARfDUY', 2, NULL, '2015-09-19 20:17:31', '2015-09-21 23:42:50'),
(489, '$2y$10$k01dla5vcREJTfR3a.HE5uUHnO7sAA5l98Y2h2VE/RinBgR40bJs6', 'badaru.abubakar@gmail.com', 'Badaru', 'Abubakar', NULL, 'badaru-abubakar', 'Male', NULL, NULL, 'uploads/avartars/489_avartar.jpg', 0, NULL, NULL, 1, 1, 'DYqWzSTvAFTSfRsULPGJi8napc4AqUpQuX9ZLxH8', 2, NULL, '2015-09-19 20:18:25', '2015-09-21 23:43:35'),
(490, '$2y$10$CNSj70pg5K9yR3Y32hC4r.S527uztddzB7RNop8v0YJgGZliJ9G5q', 'nasir.el-rufai@gmail.com', 'Nasir', 'el-Rufai', NULL, 'nasir-el-rufai', 'Male', NULL, NULL, 'uploads/avartars/490_avartar.jpg', 0, NULL, NULL, 1, 1, 'f1bENFTziL9UOtCOQwI7GEzMq7LSuNXNOTF5HImL', 2, NULL, '2015-09-19 20:19:14', '2015-09-21 23:44:28'),
(491, '$2y$10$L1ImDyRZ9DTq9n6s55odNubEWtuTaOs85WgFLumt8jbYOqz1Rxc6.', 'abdullahi.ganduje@gmail.com', 'Abdullahi', 'Ganduje', NULL, 'abdullahi-ganduje', 'Male', NULL, NULL, 'uploads/avartars/491_avartar.jpg', 0, NULL, NULL, 1, 1, 'FCJDN4v3mGtjcVkSmX44u68HdPBlrxmcOvdUfm8J', 2, NULL, '2015-09-19 20:20:45', '2015-09-21 23:45:48'),
(492, '$2y$10$qn62BU57edSXyrDMfhcJJuFrN4uA2.VETl2KdlkPHv4m3tFn2gOCS', 'aminu.masari@gmail.com', 'Aminu', 'Masari', NULL, 'aminu-masari', 'Male', NULL, NULL, 'uploads/avartars/492_avartar.jpg', 0, NULL, NULL, 1, 1, 'U6HE9MS1L3pBNN92lJxei4zo0d682gHUDl4tYhGO', 2, NULL, '2015-09-19 20:21:36', '2015-09-21 23:46:38'),
(493, '$2y$10$DQgnRWVcrAW9vADn9o8zGO82vFuSB7PE6.5KApn2V3pc89tfZGhqe', 'abubakar.bagudu@gmail.com', 'Abubakar', 'Bagudu', NULL, 'abubakar-bagudu', 'Male', NULL, NULL, 'uploads/avartars/493_avartar.jpg', 0, NULL, NULL, 1, 1, 'jdBkr7KwLn2uwkljplWqjlyiqjdv5Q2RyZM4LjmE', 2, NULL, '2015-09-19 20:22:07', '2015-09-21 23:47:24'),
(494, '$2y$10$ZRc1rz/zXmFUJENyfmrwp.RluB0gdqKQYPG/abExhph99x/eNHsl6', 'idris.wada@gmail.com', 'Idris', 'Wada', NULL, 'idris-wada', 'Male', NULL, NULL, 'uploads/avartars/494_avartar.jpg', 0, NULL, NULL, 1, 1, 'z8TcAKVvNyGKrRqdgNKQRXrA3IGeAZUFwE4e6RVL', 2, NULL, '2015-09-19 20:22:40', '2015-09-21 23:48:15'),
(495, '$2y$10$IGngNeYAEb1602RYvzpWH.Zy9Z9POxJZ6495nmzIBBlJdqEDGpNUi', 'abdulfatah.ahmed@gmail.com', 'Abdulfatah', 'Ahmed', 'Funsho', 'abdulfatah-ahmed', 'Male', '08045327865', '1976-02-10', 'uploads/avartars/495_avartar.jpg', 494, 11, 2, 1, 1, 'wRUVd834pIMOKr1MhJ3dHB0hiVqhDVyL163D3SyK', 2, NULL, '2015-09-19 20:23:25', '2015-10-26 17:14:42'),
(496, '$2y$10$VDtSGHBq11iQ66nnqqIDveVWP4UZ9wKsg55DzbrpEZTfYtkuFbKQK', 'akinwunmi.ambode@gmail.com', 'Akinwunmi', 'Ambode', NULL, 'akinwunmi-ambode', 'Male', NULL, NULL, 'uploads/avartars/496_avartar.jpg', 0, NULL, NULL, 1, 1, 'KUWMHt9ySMZ0l20z0XCyNR9aLOZIygFGVGMUuATj', 2, NULL, '2015-09-19 20:24:11', '2015-09-21 23:50:29'),
(497, '$2y$10$eFeYEGz3XHRZEdEHhMZZxObli3nPMkDEK1j89.fHMgk8AQmq1irMC', 'umaru.al-makura@gmail.com', 'Umaru', 'Al-Makura', NULL, 'umaru-al-makura', 'Male', NULL, NULL, 'uploads/avartars/497_avartar.jpg', 0, NULL, NULL, 1, 1, '9TwOmNudZ9mLAFmkOKB06KaBdwlo2PhugNdJR76Z', 2, NULL, '2015-09-19 20:25:00', '2015-09-21 23:51:40'),
(498, '$2y$10$Tn/4dhqud8slnMfiGLFW9uNPguQel0Rl/y4kAb24vg5GI1PS6CRrG', 'abubakar.bello@gmail.com', 'Abubakar', 'Bello', NULL, 'abubakar-bello', 'Male', NULL, NULL, 'uploads/avartars/498_avartar.jpg', 0, NULL, NULL, 1, 1, '0uhYcHFgmlxwab7whTOGGZw9e1766eXvx6bThPwI', 2, NULL, '2015-09-19 20:25:38', '2015-09-21 23:52:28'),
(499, '$2y$10$Fxim80bpvCfsWJpQVuqfe.R0fkgDhX.uo7mkr4ApyHlX4R18XCZ/K', 'ibikunle.amosun@gmail.com', 'Ibikunle', 'Amosun', NULL, 'ibikunle-amosun', 'Male', NULL, NULL, 'uploads/avartars/499_avartar.jpg', 0, NULL, NULL, 1, 1, 'SWxElayTYbKF781Wt7OKeTe5SaHwzKL2KD1KNzrJ', 2, NULL, '2015-09-19 20:26:27', '2015-09-21 23:53:18'),
(500, '$2y$10$5QrXeGkQ4Kc0tQCujIvyk.m/g4a65OznXlGct.HbVMF7yEDthpuWO', 'olusegun.mimiko@gmail.com', 'Olusegun', 'Mimiko', NULL, 'olusegun-mimiko', 'Male', NULL, NULL, 'uploads/avartars/500_avartar.jpg', 0, NULL, NULL, 1, 1, 'kEKBzPAV9bAe0VKn5gQKa2xJH6qgBCGk9BmnIgZg', 2, NULL, '2015-09-19 20:27:10', '2015-09-21 23:54:13'),
(501, '$2y$10$T.A49p1MDCmlhhAa2DJTXexDo8tfjMiaGB0FoJi5pOkGsuY38azZi', 'rauf.aregbesola@gmail.com', 'Rauf', 'Aregbesola', NULL, 'rauf-aregbesola', 'Male', NULL, NULL, 'uploads/avartars/501_avartar.jpg', 0, NULL, NULL, 1, 1, 'yOI7RBlg4ObAmx7Xmm3O0JcjVGbVQV9EQg19ww6X', 2, NULL, '2015-09-19 20:27:51', '2015-09-21 23:56:39'),
(502, '$2y$10$vlEZ7VbGglosTEi3CJNs7euUTV9eQgbnqy3SkZjilWMsZE5bwkbIK', 'isiaka.ajimobi@gmail.com', 'Isiaka', 'Ajimobi', NULL, 'isiaka-ajimobi', 'Male', NULL, NULL, 'uploads/avartars/502_avartar.jpg', 0, NULL, NULL, 1, 1, 'xv5M7nQYjBr1MI32799lbYMjZGK0ZywKmoX5goBu', 2, NULL, '2015-09-19 20:28:42', '2015-09-21 23:57:35'),
(503, '$2y$10$AASkSAojT.xWCvo/b801LufovfnZ.vJPsQwAjxMiF/gfD9MnY2Oey', 'simon.lalong@gmail.com', 'Simon', 'Lalong', NULL, 'simon-lalong', 'Male', NULL, NULL, 'uploads/avartars/503_avartar.jpg', 0, NULL, NULL, 1, 1, 'tphV4DNiFbRpXX3nTv8jcVxfoKNyq0DfngwTZBGQ', 2, NULL, '2015-09-19 20:29:27', '2015-09-21 23:58:37'),
(504, '$2y$10$QrNKDhljYrjgpog05FQly.i/tGvFoYDXSac/23Ibfcsr7YCzSr5eq', 'nyesom.wike@gmail.com', 'Nyesom', 'Wike', NULL, 'nyesom-wike', 'Male', NULL, NULL, 'uploads/avartars/504_avartar.jpg', 0, NULL, NULL, 1, 1, 'kE74ngWhunDPvw1Sq6q5bYnGkoNWpw3wY2EPes8i', 2, NULL, '2015-09-19 20:30:15', '2015-09-21 23:59:30'),
(505, '$2y$10$fGAZcVeLE4UfBsVbqx8DQejUSAjNLrn2E8x3YAF/4LaoSHoP7iWRu', 'aminu.tambuwal@gmail.com', 'Aminu', 'Tambuwal', NULL, 'aminu-tambuwal', 'Male', NULL, NULL, 'uploads/avartars/505_avartar.jpg', 0, NULL, NULL, 1, 1, 'iAFH9PO9nH6satz0RzVatp0WyG7d5P0kTstVQqpD', 2, NULL, '2015-09-19 20:31:35', '2015-09-22 00:00:13'),
(506, '$2y$10$5Wdojx4nyPNX0fdjWKiMCOWKRV3ywsCn7EC4VGSoct2a8LihfUs0u', 'darius.ishaku@gmail.com', 'Darius', 'Ishaku', NULL, 'darius-ishaku', 'Male', NULL, NULL, 'uploads/avartars/506_avartar.jpg', 0, NULL, NULL, 1, 1, 'y12Yagf1H2PJRmU1aCBJJoHVBtpPeImT3d3hpUpk', 2, NULL, '2015-09-19 20:32:20', '2015-09-22 00:00:55'),
(507, '$2y$10$pLSCW64WtcseMwask6Fss.zho0IgIk5SjPa0WCjkyYqGz6UvuZGti', 'ibrahim.geidam@gmail.com', 'Ibrahim', 'Geidam', NULL, 'ibrahim-geidam', 'Male', NULL, NULL, 'uploads/avartars/507_avartar.jpg', 0, NULL, NULL, 1, 1, 'DNuXM3oEJK0QS0OT8pSmXCNoLOFms4sOJeWzCzvl', 2, NULL, '2015-09-19 20:32:53', '2015-09-22 00:02:14'),
(508, '$2y$10$gRaPyF49tlS2nnlAq1zw1OSDr7jctgQVFH8DmRmkJOkXR7HxohDHy', 'abdul-aziz.abubakar@gmail.com', 'Abdul-Aziz', 'Abubakar', NULL, 'abdul-aziz-abubakar', 'Male', NULL, NULL, 'uploads/avartars/508_avartar.jpg', 0, NULL, NULL, 1, 1, 'CuQ8lNqsVBBRoUMHXKxmC68e5a74qbXezP7xoyhg', 2, NULL, '2015-09-19 20:33:46', '2015-09-22 00:03:28'),
(509, '$2y$10$0G9hL.ibsqh0CAo41oTahOIolLpX2o0dLJxeZpQkaqFsUvHu8IA0m', 'muhammadu.buhari@gmail.com', 'Muhammadu', 'Buhari', NULL, 'muhammadu-buhari', 'Male', NULL, NULL, 'uploads/avartars/509_avartar.jpg', 0, NULL, NULL, 1, 1, 'EadhRg6MeblfU2f4GUmH4phAYQ6vovRcqxGGTKTd', 1, 'QyvWcAnFkP0WRYQykPfzTvezt0FUOtrg3HyXBOVUKhobsJzJSewaGh9TAQou', '2015-09-19 20:36:50', '2015-09-24 19:10:49'),
(510, '$2y$10$NdNjfMnSMM6XbCPDRNqTWeRQOuFwxTwbJiJiOFpcigVUY.BFzZRqO', 'yemi.osibanjo@gmail.com', 'Yemi', 'Osibajo', NULL, 'yemi-osibajo', 'Male', NULL, NULL, 'uploads/avartars/510_avartar.jpg', 0, NULL, NULL, 1, 1, 'CG9jxK90OrUqW9YFICv9XWLM3rXW9ypElXWnJlWm', 7, NULL, '2015-09-21 16:27:51', '2015-09-21 17:46:58'),
(511, '$2y$10$40xpjOuLn.dBEtwy1MTJceUyiO5T33hfk7o6RU6ecahZgtaoEFOAS', 'ude.okochukwu@gmail.com', 'Ude', 'Okochukwu', NULL, 'ude-okochukwu', 'Male', NULL, NULL, 'uploads/avartars/511_avartar.jpg', 0, NULL, NULL, 1, 1, 'j6uG9ANSF7sb3pBpOlSqCehf2Le73UTHyoe4mIZC', 6, NULL, '2015-09-22 16:46:02', '2015-09-22 16:47:47'),
(512, '$2y$10$QqXhD4Lc15k8jEJxoTy1EuaxT.v.lwJTdfjai.Dm1QGuRH0.znKBe', 'james.ngilari@gmail.com', 'James', 'Ngilari', NULL, 'james-ngilari', 'Male', NULL, NULL, NULL, 0, NULL, NULL, 1, 1, 'F4bBsny71JnbgPXpaSuSq05r28PIBs3SZ0wIirmz', 6, NULL, '2015-09-22 16:54:05', '2015-09-22 16:54:05'),
(513, '$2y$10$GEijWILJLhEGF15UBVQETuwuBuD5Wp44WjsoN5SVWwy2Nr7.R5t2S', 'moses.ekpo@gmail.com', 'Moses', 'Ekpo', NULL, 'moses-ekpo', 'Male', NULL, NULL, 'uploads/avartars/513_avartar.jpg', 0, NULL, NULL, 1, 1, 'N619wbNRs6iPnKxEUbuxz0Iciz988MwyS3BzY0a5', 6, NULL, '2015-09-22 16:57:54', '2015-09-22 16:59:22'),
(514, '$2y$10$Kiaco6NakJekI0Ld124aNe4oCVocT5wxWGkE3ScuJPIb0.eI7oU1S', 'nkem.okeke@gmail.com', 'Nkem ', 'Okeke', NULL, 'nkem-okeke', 'Male', NULL, NULL, 'uploads/avartars/514_avartar.jpg', 0, NULL, NULL, 1, 1, 'z7Jk9qiUljSkj3JYk9Gt7NfDmINUKJdzOUDoaNjy', 6, NULL, '2015-09-22 17:04:02', '2015-09-22 17:04:57'),
(515, '$2y$10$XNykN369CBOIq5I5Ey.avOBwOffbgwok.KZMIyekjfPggEc2wSmXS', 'nuhu.gidado@gmail.com', 'Nuhu', 'Gidado', NULL, 'nuhu-gidado', 'Male', NULL, NULL, 'uploads/avartars/515_avartar.png', 0, NULL, NULL, 1, 1, 'EuQs2wCppQ16u7yYPaxqkZFzKSgwhxrujskMg8GG', 6, NULL, '2015-09-22 17:31:52', '2015-09-22 17:32:32'),
(516, '$2y$10$WFJ/Y7kIlGr2ujwu1InNWOQTlJES1tHNyqm3SVOQXFIIFchUBVMBm', 'admiral.jonah@gmail.com', 'Admiral', 'Jonah', NULL, 'admiral-jonah', 'Male', NULL, NULL, 'uploads/avartars/516_avartar.jpg', 0, NULL, NULL, 1, 1, 'hERxKGguwGBq9x6sE7KbvbQFJ7uonR3GSTId0mnn', 6, NULL, '2015-09-22 17:45:08', '2015-09-22 17:46:05'),
(517, '$2y$10$06TXrt9IEhWF5MppDOQKG.6CmMzJxGUSEFcPVtKNK6UGPu9WD3576', 'benson.abounu@gmail.com', 'Benson', 'Abounu', NULL, 'benson-abounu', 'Male', NULL, NULL, 'uploads/avartars/517_avartar.jpg', 0, NULL, NULL, 1, 1, 'w8oa1fw51yc0vxl4DzSUcBJHpRU8OQxGDSRtjnsZ', 6, NULL, '2015-09-22 17:49:55', '2015-09-22 17:54:10'),
(518, '$2y$10$VaKn9qjJUmye2r/0YjkfbeXE6MuUG4/MCiSJARx9bRfDKL6eL0QnK', 'ivara.esu@gmail.com', 'Ivara', 'Esu', NULL, 'ivara-esu', 'Male', NULL, NULL, 'uploads/avartars/518_avartar.jpg', 0, NULL, NULL, 1, 1, 'ChuE7qFvX3NsbDYSZGZb3iSZrg05P0OHETgn1iMF', 6, NULL, '2015-09-22 18:00:42', '2015-09-22 18:01:14'),
(519, '$2y$10$PDaDq8L2dw6VDJuDeXXY9.4wHfeudcTVvHl5Y5tGFi59yCXzeJ3K6', 'kingsley.otuaro@gmail.com', 'Kingsley', 'Otuaro', NULL, 'kingsley-otuaro', 'Male', NULL, NULL, 'uploads/avartars/519_avartar.jpg', 0, NULL, NULL, 1, 1, 'howkMNwBf9K1qTRZ2tDV2ZwSrXQujEvnQ66BDD6y', 6, NULL, '2015-09-22 18:09:41', '2015-09-22 18:10:19'),
(520, '$2y$10$5aaAI/gxPZwBDlEkLKpnRuTKVvcoZn4VYxd1N3.6kpAUlilK167yG', 'kelechi.igwe@gmail.com', 'Kelechi', 'Igwe', NULL, 'kelechi-igwe', 'Male', NULL, NULL, 'uploads/avartars/520_avartar.png', 0, NULL, NULL, 1, 1, '1XxuoIhf3MDRMWo7UNx7B0z0Zac7j5z6PawZ9duI', 6, NULL, '2015-09-22 18:37:27', '2015-09-22 18:45:24'),
(521, '$2y$10$jnkm/TCQ1ueqIQDd7LORperZxPxwjKqOb.wedjgwc8YkkdFBqKGBm', 'pius.odubu@gmail.com', 'Pius', 'Odubu', NULL, 'pius-odubu', 'Male', NULL, NULL, 'uploads/avartars/521_avartar.jpg', 0, NULL, NULL, 1, 1, 'D05pQETB7qi01YXQNAByEh57JcKZpECWLodvp5IV', 6, NULL, '2015-09-22 18:53:52', '2015-09-22 18:54:33'),
(522, '$2y$10$Y63WbR6eaR5.5zrXFSUxWeC2gN2G4xmV/dvQO3bT2rVgFLxXRLL9C', 'kolapo.olusola@gmail.com', 'Kolapo', 'Olusola', NULL, 'kolapo-olusola', 'Male', NULL, NULL, 'uploads/avartars/522_avartar.jpg', 0, NULL, NULL, 1, 1, 'dRBAYo4N1czr8fZpy6mtPXpPueMEXOSuSB1bTb2k', 6, NULL, '2015-09-22 19:03:58', '2015-09-22 19:09:29'),
(523, '$2y$10$xFb0eRV9I6YfvfEEdLQAweuNjgEspSfW.mHxP0QiODwWasObjffTW', 'cecilia.ezeilo@gmail.com', 'Cecilia', 'Ezeilo', '', 'cecilia-ezeilo', 'Female', '', '1966-01-01', 'uploads/avartars/523_avartar.jpg', 264, 0, 1, 1, 1, 'ozNzjR6VJypUSKGAiYPRIrshqHRBKhy3l4TGj1sv', 6, NULL, '2015-09-22 21:33:44', '2015-09-22 23:11:21'),
(524, '$2y$10$2kHFMUr6lryy30iS17F4cuHTC2Dwod/avJHTgN9ap7PCUefZbiaEW', 'tha''anda.rubainu@gmail.com', 'Tha''anda', 'Rubainu', NULL, 'tha-anda-rubainu', 'Male', NULL, NULL, 'uploads/avartars/524_avartar.jpg', 0, NULL, NULL, 1, 1, 'vu0Ucy9bs9FwJ1WGszJ3xlJcyJ3R82sdNyLFZCPo', 6, NULL, '2015-09-22 22:16:35', '2015-09-22 22:18:13'),
(525, '$2y$10$9.gD/TKGRlRGEMoO6eoCXemtUFwms5MYxDmMGHejyn0vZlkt7DZMS', 'ezeakonobi.madumere@gmail.com', 'Ezeakonobi', 'Madumere', NULL, 'ezeakonobi-madumere', 'Male', NULL, NULL, 'uploads/avartars/525_avartar.jpg', 0, NULL, NULL, 1, 1, 'coxkyhRYhYnG5iTaaRFh2lATwek0j6zYZr6bX4qF', 6, NULL, '2015-09-22 22:25:35', '2015-09-22 22:27:47'),
(526, '$2y$10$sEarMLcwrWOJtcouHeHmyekYirKqdLxVquNVYvEJK6JWcXSrgz4ji', 'ibrahim.hadejia@gmail.com', 'Ibrahim', 'Hadejia', NULL, 'ibrahim-hadejia', 'Male', NULL, NULL, 'uploads/avartars/526_avartar.png', 0, NULL, NULL, 1, 1, 'q5Q9eczg0qu7on2IpK4z54MZkBhqBSGswM36Yk8B', 6, NULL, '2015-09-22 22:48:17', '2015-09-22 22:49:21'),
(527, '$2y$10$OMkjd5i/XSivE4Fnm/0Da.Ws4OidRrszGakYBW6dfkoR361L4Qwoe', 'barnabas.bantex@gmail.com', 'Barnabas', 'Bantex', NULL, 'barnabas-bantex', 'Male', NULL, NULL, 'uploads/avartars/527_avartar.jpg', 0, NULL, NULL, 1, 1, 'Lz0lzSWTha3IV8ZxyE8Z5N12NuJquUlybrkLK0GM', 6, NULL, '2015-09-22 23:04:46', '2015-09-22 23:08:53'),
(528, '$2y$10$gCiUEBtCN06pp2XUPQn8Nua87S632hA0vK5oTdZqVTr20tz49j0Ca', 'hafiz.abubakar@gmail.com', 'Hafiz', 'Abubakar', NULL, 'hafiz-abubakar', 'Male', NULL, NULL, 'uploads/avartars/528_avartar.jpg', 0, NULL, NULL, 1, 1, '9Hhrd7ZOWok7CLOuYN8khXkvpMA0dZm3JyKXAWRl', 6, NULL, '2015-09-22 23:08:17', '2015-09-22 23:13:56'),
(529, '$2y$10$wHomrkMBqwXUctFR7ONJYO1Ac2OGfrPNCsrR9tYGGg6kY9aGsod1m', 'rawoseyin@gmail.com', 'Richard', 'Awoseyin', NULL, 'richard-awoseyin', 'Male', NULL, NULL, NULL, 0, NULL, NULL, 1, 1, 'KlPUJ9I4L7S4gMvinYOSTsb1nJxKzdYiSLlQhead', 18, NULL, '2015-09-23 14:27:18', '2015-09-23 14:27:18'),
(530, '$2y$10$zwrZ9VVx5bR.esvyPhwNFuYf1muA9fBh7mRmx.fo8l2A1coeBJW7a', 'samaila.yombe@gmail.com', 'Samaila', 'Yombe', NULL, 'samaila-yombe', 'Male', NULL, NULL, NULL, 0, NULL, NULL, 1, 1, 'Z2krZwSsln8mRmTIgM7e0bKm0BVrmvIyViZzVayR', 6, NULL, '2015-09-23 17:41:01', '2015-09-23 17:41:01'),
(531, '$2y$10$/OnSZS1XnOzNnfKkVgnFQe9TRYb4Iep5WjQf9A/vlbAhOdxpIZp8W', 'yomi.awoniyi@gmail.com', 'Yomi', 'Awoniyi', NULL, 'yomi-awoniyi', 'Male', NULL, NULL, NULL, 0, NULL, NULL, 1, 1, 'KY08R7p7ppys5XtYf6gmoVQOg0HvL7AVECh6aPW0', 6, NULL, '2015-09-23 17:55:39', '2015-09-23 17:55:39'),
(532, '$2y$10$lnkO2xU9pn2YBUZhu65nUeaDf6JjWl76V8khUdZsX1xm9gXT489JS', 'peter.kisira@gmail.com', 'Peter', 'Kisira', NULL, 'peter-kisira', 'Male', NULL, NULL, NULL, 0, NULL, NULL, 1, 1, '3ebTO6cFGzPjkBSmoAnQdytuMeht9QgwuXz1U6hQ', 6, NULL, '2015-09-23 18:05:55', '2015-09-23 18:05:55'),
(533, '$2y$10$dkvoAA3gpaGR/cN.IY7siuo/U6HJrQgJslG8N3v.guxXmJgbtJLc2', 'idiat.adebule@gmail.com', 'Idiat', 'Adebule', NULL, 'idiat-adebule', 'Female', NULL, NULL, NULL, 0, NULL, NULL, 1, 1, 'QMQozbTOzWwJFPmS8l5zYobZubR3ilK6Pz15hOs9', 6, NULL, '2015-09-23 18:14:03', '2015-09-23 18:14:03'),
(534, '$2y$10$q/VJ2F.8gC/z1jSrZBqBgOQ7kwaV90ZZnOtxpXdOrlg5PBlw1kuza', 'silas.agara@gmail.com', 'Silas', 'Agara', NULL, 'silas-agara', 'Male', NULL, NULL, NULL, 0, NULL, NULL, 1, 1, 'PBlvS6RXBGDrdQZskJvB2p55qVLmUaY4FcdID25R', 6, NULL, '2015-09-23 18:19:29', '2015-09-23 18:19:29'),
(535, '$2y$10$.JHjnijh0bOkMQkg8B6zXuSN9lKmHNnh6ndacZHSDDekGdwBsn0ga', 'yetunde.onanuga@gmail.com', 'Yetunde ', 'Onanuga', '', 'yetunde-onanuga', 'Female', '', '1960-09-01', NULL, 572, 0, 2, 1, 1, 'oATJUg2bq9MhUREeQCh04otinWESdrP9mHeSTJBt', 6, NULL, '2015-09-23 19:53:17', '2015-09-23 20:09:43'),
(536, '$2y$10$QVLf0qeu1w4LVS4qqqzUZugJAebnMxo4T1OOLE3ZjnSAtrs8DDVq6', 'ipalibo.banigo@gmail.com', 'Ipalibo', 'Banigo', NULL, 'ipalibo-banigo', 'Female', NULL, NULL, NULL, 0, NULL, NULL, 1, 1, 'ejyYfBECUphDHzxgkcTDjWssyNxYNVicOeURO3Km', 6, NULL, '2015-09-23 20:26:21', '2015-09-23 20:26:21'),
(537, '$2y$10$35iaM7oNH/LmS1lU4Ma8s..6rsAM52zqrG.Rn2oFiQdfgivl9IxWe', 'lasisi.oluboyo@gmail.com', 'Lasisi', 'Oluboyo', NULL, 'lasisi-oluboyo', 'Male', NULL, NULL, NULL, 0, NULL, NULL, 1, 1, 'MWODrw1dc7omElK267ANbXwjify6XLjzHwPGqzPp', 6, NULL, '2015-09-23 20:29:23', '2015-09-23 20:29:23'),
(538, '$2y$10$jQKys0aOOduUf.jsEJ82PuGukvB4YsGxVbyqJxfilDEwn18VH3BNK', 'grace.laoye-tomori@gmail.com', 'Grace', 'Laoye-Tomori', NULL, 'grace-laoye-tomori', 'Female', NULL, NULL, NULL, 0, NULL, NULL, 1, 1, 'Av4Ul7y7NHdTFnRTjLpvhUA7FhOQRggdkXUlf8hg', 6, NULL, '2015-09-23 20:37:19', '2015-09-23 20:37:19'),
(539, '$2y$10$nW8AHnyaVYE5ZTdShTVVQuFBVMhPCpbUAAUhnUtWW2FbMJLXuZRnm', 'moses.adeyemo@gmail.com', 'Moses', 'Adeyemo', NULL, 'moses-adeyemo', 'Male', NULL, NULL, NULL, 0, NULL, NULL, 1, 1, 'POfxIxgCfPnKcjUZXZaUcrsnnaaZHBmRbfizw1QK', 6, NULL, '2015-09-23 20:48:33', '2015-09-23 20:48:33'),
(540, '$2y$10$F9jVAonxgpfsCE/Xm3tevOOQQVQjpmS65WPOhYm4c9R7VihseL4MO', 'sonni.tyoden@gmail.com', 'Sonni', 'Tyoden', NULL, 'sonni-tyoden', 'Male', NULL, NULL, NULL, 0, NULL, NULL, 1, 1, 'B7XSyRIMKBOmf52lcoWw0Ts0AHOisSvmhvr300GF', 6, NULL, '2015-09-23 21:31:14', '2015-09-23 21:31:14'),
(541, '$2y$10$pS3G.tnyXYIjOpu0rdCoQ.fTpTDQybxw/yAehAPMCfYeISfTUHV6a', 'ahmed.aliyu@gmail.com', 'Ahmed', 'Aliyu', NULL, 'ahmed-aliyu', 'Male', NULL, NULL, NULL, 0, NULL, NULL, 1, 1, 'ZQtM4ZdkAr2jSbtXH2PxE1iQ18m50CKdOi8Y4YS3', 6, NULL, '2015-09-23 21:33:49', '2015-09-23 21:33:49'),
(542, '$2y$10$V/FrnbYMiOXli7ORazFERu.1CJIcndIjP20SUlCmXAm9x74eQRlGC', 'abubakar.ali@gmail.com', 'Abubakar', 'Ali', NULL, 'abubakar-ali', 'Male', NULL, NULL, NULL, 0, NULL, NULL, 1, 1, 'ses11iLgYl06dr0wOP52WhUkdzokbBObrBOLi5pf', 6, '9aBfE5pu3CfWWgkwEbyVR3N8ARREuP4IW8yIdbzhVlgGFowgLXaVoC3JYpL3', '2015-09-23 21:49:34', '2015-09-24 19:05:20'),
(543, '$2y$10$8y396SdnwXPZ0IlXk6BPPukZqJQlikG2cv47e5fxoC3a.AtgYYICG', 'rawoseyin@yahoo.com', 'Richard', 'Awoseyin', NULL, 'richard-awoseyin-1', 'Male', '08087876655', NULL, NULL, 0, NULL, NULL, 0, 1, 'qmUCUQy7XV8SJRIh9XFYp7GePGKbhKTsjzhyrwJx', 17, NULL, '2015-09-24 13:36:28', '2015-09-24 13:36:28'),
(544, '$2y$10$2r0hv8P4lSlLncz9SSxU3uxw0sfdqQGazPNhXxa0dLTSHRQDD8ym.', 'abdul@gmail.com', 'Johnson', 'AbdulFatah', NULL, 'johnson-abdulfatah', NULL, '08076765543', NULL, NULL, 0, NULL, NULL, 0, 1, 'AmWkFK8g2AQapXCUQ2vjbCOzyW0eNv3YsrqeBinN', 18, NULL, '2015-09-29 00:51:24', '2015-09-29 00:51:24'),
(545, '$2y$10$/TB6jf7ikRCx2KHtcAIFdeTjFpnQMEkzkDrA.BryJHwmm8cH11PDm', 'akinwale@yahoo.com', 'Richard ', 'Akinwale', NULL, 'richard-akinwale', 'Male', '08098997765', NULL, NULL, 0, NULL, NULL, 0, 1, 'fc4zyWtnk7Vphzg1doclaQY94A648Q3N43jQpfe8', 17, NULL, '2015-09-29 11:40:13', '2015-09-29 11:40:13'),
(546, '$2y$10$SztP1KPcFB6nNb02Dx8iPOeLRP5QbpNbGjCTQX989DK3KWt1sYbf.', 'edu@yahoo.com', 'Oluwole ', 'Johnson', NULL, 'oluwole-johnson', 'Male', '08098997766', NULL, NULL, 0, NULL, NULL, 0, 1, 'wYr2yNB3qbKog2Cc9jg90Se83aVKFrgOfBLcI5ac', 17, NULL, '2015-09-29 21:15:47', '2015-09-29 21:15:47'),
(547, '$2y$10$wwaN4AXdd8n57Lpoyxso4.SD4RBKKzBstRCss8ahdtBaIjVo4L4N2', 'mosh@yahoo.com', 'Mohood', 'Bakare', '', 'mohood-bakare', 'Male', '', NULL, NULL, 494, 11, 2, 1, 1, 'L23yeLkSZO3DNTyfsctXypw3u7g2StcQwyWLYefG', 5, NULL, '2015-09-30 00:27:33', '2015-09-30 00:29:51'),
(548, '$2y$10$d6UMlfsNNaultyxTp.Qxne0ZSLSGVI5q77bUanAhAJi0ranz8yPha', 'saheed@yahoo.com', 'Saheed', 'Popoola', '', 'saheed-popoola', 'Male', '08076765543', '2015-10-06', NULL, 502, 0, 2, 1, 1, 'qvyqznEeQlq4nTycaF6jiwCf3RRL30opVLdsWGw8', 5, NULL, '2015-10-27 16:15:55', '2015-10-27 16:19:00');

-- --------------------------------------------------------

--
-- Table structure for table `votes_proceeding_roll_calls`
--

CREATE TABLE IF NOT EXISTS `votes_proceeding_roll_calls` (
  `votes_proceeding_id` int(10) unsigned NOT NULL,
  `user_id` int(10) unsigned NOT NULL,
  KEY `votes_proceeding_roll_calls_votes_proceeding_id_index` (`votes_proceeding_id`),
  KEY `votes_proceeding_roll_calls_user_id_index` (`user_id`)
) ENGINE=InnoDB DEFAULT CHARSET=utf8 COLLATE=utf8_unicode_ci;

-- --------------------------------------------------------

--
-- Table structure for table `votes_proceedings`
--

CREATE TABLE IF NOT EXISTS `votes_proceedings` (
  `votes_proceeding_id` int(10) unsigned NOT NULL AUTO_INCREMENT,
  `volume` int(10) unsigned NOT NULL,
  `number` int(10) unsigned NOT NULL,
  `date` timestamp NOT NULL DEFAULT '0000-00-00 00:00:00',
  `session` varchar(255) COLLATE utf8_unicode_ci NOT NULL,
  `upload_url` varchar(255) COLLATE utf8_unicode_ci NOT NULL,
  `house_id` int(10) unsigned NOT NULL,
  `user_id` int(10) unsigned NOT NULL,
  `created_at` timestamp NOT NULL DEFAULT '0000-00-00 00:00:00',
  `updated_at` timestamp NOT NULL DEFAULT '0000-00-00 00:00:00',
  PRIMARY KEY (`votes_proceeding_id`),
  KEY `votes_proceedings_house_id_index` (`house_id`),
  KEY `votes_proceedings_user_id_index` (`user_id`)
) ENGINE=InnoDB DEFAULT CHARSET=utf8 COLLATE=utf8_unicode_ci AUTO_INCREMENT=1 ;

--
-- Constraints for dumped tables
--

--
-- Constraints for table `bills_sponsors`
--
ALTER TABLE `bills_sponsors`
  ADD CONSTRAINT `bills_sponsors_bill_id_foreign` FOREIGN KEY (`bill_id`) REFERENCES `bills` (`bill_id`) ON DELETE CASCADE,
  ADD CONSTRAINT `bills_sponsors_user_id_foreign` FOREIGN KEY (`user_id`) REFERENCES `users` (`user_id`) ON DELETE CASCADE;

--
-- Constraints for table `committee_members`
--
ALTER TABLE `committee_members`
  ADD CONSTRAINT `committee_members_committee_detail_id_foreign` FOREIGN KEY (`committee_detail_id`) REFERENCES `committee_details` (`committee_detail_id`) ON DELETE CASCADE,
  ADD CONSTRAINT `committee_members_user_id_foreign` FOREIGN KEY (`user_id`) REFERENCES `users` (`user_id`) ON DELETE CASCADE;

--
-- Constraints for table `hansard_roll_calls`
--
ALTER TABLE `hansard_roll_calls`
  ADD CONSTRAINT `hansard_roll_calls_hansard_id_foreign` FOREIGN KEY (`hansard_id`) REFERENCES `hansards` (`hansard_id`) ON DELETE CASCADE,
  ADD CONSTRAINT `hansard_roll_calls_user_id_foreign` FOREIGN KEY (`user_id`) REFERENCES `users` (`user_id`) ON DELETE CASCADE;

--
-- Constraints for table `organisations`
--
ALTER TABLE `organisations`
  ADD CONSTRAINT `organisation_types_organisation_type_id_foreign` FOREIGN KEY (`organisation_type_id`) REFERENCES `organisation_types` (`organisation_type_id`) ON DELETE CASCADE;

--
-- Constraints for table `permission_role`
--
ALTER TABLE `permission_role`
  ADD CONSTRAINT `permission_role_permission_id_foreign` FOREIGN KEY (`permission_id`) REFERENCES `permissions` (`permission_id`) ON DELETE CASCADE ON UPDATE CASCADE,
  ADD CONSTRAINT `permission_role_role_id_foreign` FOREIGN KEY (`role_id`) REFERENCES `roles` (`role_id`) ON DELETE CASCADE ON UPDATE CASCADE;

--
-- Constraints for table `press_statement_galleries`
--
ALTER TABLE `press_statement_galleries`
  ADD CONSTRAINT `press_statement_galleries_photo_gallery_id_foreign` FOREIGN KEY (`photo_gallery_id`) REFERENCES `photo_galleries` (`photo_gallery_id`) ON DELETE CASCADE,
  ADD CONSTRAINT `press_statement_galleries_press_statement_id_foreign` FOREIGN KEY (`press_statement_id`) REFERENCES `press_statements` (`press_statement_id`) ON DELETE CASCADE;

--
-- Constraints for table `project_sector`
--
ALTER TABLE `project_sector`
  ADD CONSTRAINT `project_sector_project_id_foreign` FOREIGN KEY (`project_id`) REFERENCES `projects` (`project_id`) ON DELETE CASCADE,
  ADD CONSTRAINT `project_sector_sector_id_foreign` FOREIGN KEY (`sector_id`) REFERENCES `sectors` (`sector_id`) ON DELETE CASCADE;

--
-- Constraints for table `project_supervisors`
--
ALTER TABLE `project_supervisors`
  ADD CONSTRAINT `project_supervisors_project_id_foreign` FOREIGN KEY (`project_id`) REFERENCES `projects` (`project_id`) ON DELETE CASCADE,
  ADD CONSTRAINT `project_supervisors_supervisor_id_foreign` FOREIGN KEY (`supervisor_id`) REFERENCES `users` (`user_id`) ON DELETE CASCADE;

--
-- Constraints for table `role_user`
--
ALTER TABLE `role_user`
  ADD CONSTRAINT `role_user_role_id_foreign` FOREIGN KEY (`role_id`) REFERENCES `roles` (`role_id`) ON DELETE CASCADE ON UPDATE CASCADE,
  ADD CONSTRAINT `role_user_user_id_foreign` FOREIGN KEY (`user_id`) REFERENCES `users` (`user_id`) ON DELETE CASCADE ON UPDATE CASCADE;

--
-- Constraints for table `roles_menu_items`
--
ALTER TABLE `roles_menu_items`
  ADD CONSTRAINT `roles_menu_items_menu_item_id_foreign` FOREIGN KEY (`menu_item_id`) REFERENCES `menu_items` (`menu_item_id`) ON DELETE CASCADE,
  ADD CONSTRAINT `roles_menu_items_role_id_foreign` FOREIGN KEY (`role_id`) REFERENCES `roles` (`role_id`) ON DELETE CASCADE;

--
-- Constraints for table `roles_menus`
--
ALTER TABLE `roles_menus`
  ADD CONSTRAINT `roles_menus_menu_id_foreign` FOREIGN KEY (`menu_id`) REFERENCES `menus` (`menu_id`) ON DELETE CASCADE,
  ADD CONSTRAINT `roles_menus_role_id_foreign` FOREIGN KEY (`role_id`) REFERENCES `roles` (`role_id`) ON DELETE CASCADE;

--
-- Constraints for table `roles_sub_menu_items`
--
ALTER TABLE `roles_sub_menu_items`
  ADD CONSTRAINT `roles_sub_menu_items_role_id_foreign` FOREIGN KEY (`role_id`) REFERENCES `roles` (`role_id`) ON DELETE CASCADE,
  ADD CONSTRAINT `roles_sub_menu_items_sub_menu_item_id_foreign` FOREIGN KEY (`sub_menu_item_id`) REFERENCES `sub_menu_items` (`sub_menu_item_id`) ON DELETE CASCADE;

--
-- Constraints for table `votes_proceeding_roll_calls`
--
ALTER TABLE `votes_proceeding_roll_calls`
  ADD CONSTRAINT `votes_proceeding_roll_calls_user_id_foreign` FOREIGN KEY (`user_id`) REFERENCES `users` (`user_id`) ON DELETE CASCADE,
  ADD CONSTRAINT `votes_proceeding_roll_calls_votes_proceeding_id_foreign` FOREIGN KEY (`votes_proceeding_id`) REFERENCES `votes_proceedings` (`votes_proceeding_id`) ON DELETE CASCADE;
--
-- Database: `rcecilee_pleg`
--

-- --------------------------------------------------------

--
-- Table structure for table `api_keys`
--

CREATE TABLE IF NOT EXISTS `api_keys` (
  `api_key_id` int(10) unsigned NOT NULL AUTO_INCREMENT,
  `api_id` varchar(255) COLLATE utf8_unicode_ci NOT NULL,
  `api_key` varchar(255) COLLATE utf8_unicode_ci NOT NULL,
  `created_at` timestamp NOT NULL DEFAULT '0000-00-00 00:00:00',
  `updated_at` timestamp NOT NULL DEFAULT '0000-00-00 00:00:00',
  PRIMARY KEY (`api_key_id`),
  UNIQUE KEY `api_keys_api_id_unique` (`api_id`),
  UNIQUE KEY `api_keys_api_key_unique` (`api_key`)
) ENGINE=InnoDB  DEFAULT CHARSET=utf8 COLLATE=utf8_unicode_ci AUTO_INCREMENT=6 ;

--
-- Dumping data for table `api_keys`
--

INSERT INTO `api_keys` (`api_key_id`, `api_id`, `api_key`, `created_at`, `updated_at`) VALUES
(1, '0e53de90-6e98-11e5-b4d7-41ee18f69fff', '5be4aa1d-0d21-44e8-805e-9aa51f6f5f32', '2015-10-09 23:18:00', '2015-10-09 23:18:05'),
(2, '0e54a1e0-6e98-11e5-b4d7-41ee18f69fff', '4b745156-1751-448b-bebe-f808ab4ee122', '2015-10-09 23:20:15', '2015-10-09 23:20:20'),
(3, '0e54c8f0-6e98-11e5-b4d7-41ee18f69fff', 'e141fecd-eae2-404b-a07f-02b9261db618', '2015-10-09 23:21:13', '2015-10-02 23:21:17'),
(4, '0e54f000-6e98-11e5-b4d7-41ee18f69fff', '90ab773a-8439-4cdf-be72-c7fcf10e2668', '2015-10-09 23:22:08', '2015-10-09 23:22:12'),
(5, '0e54f001-6e98-11e5-b4d7-41ee18f69fff', '294281e7-1069-4f13-a284-dbd2ba70d470', '2015-10-09 23:25:19', '2015-10-02 23:25:23');

-- --------------------------------------------------------

--
-- Table structure for table `government_reports`
--

CREATE TABLE IF NOT EXISTS `government_reports` (
  `government_report_id` int(10) unsigned NOT NULL AUTO_INCREMENT,
  `report_id` int(10) unsigned NOT NULL,
  `executive_status` int(10) unsigned NOT NULL DEFAULT '0',
  `legislator_status` int(10) unsigned NOT NULL DEFAULT '0',
  `executive_notification` int(10) unsigned NOT NULL DEFAULT '0',
  `legislator_notification` int(10) unsigned NOT NULL DEFAULT '0',
  `created_at` timestamp NOT NULL DEFAULT '0000-00-00 00:00:00',
  `updated_at` timestamp NOT NULL DEFAULT '0000-00-00 00:00:00',
  PRIMARY KEY (`government_report_id`),
  KEY `government_reports_report_id_index` (`report_id`),
  KEY `government_reports_executive_status_index` (`executive_status`),
  KEY `government_reports_legislator_status_index` (`legislator_status`),
  KEY `executive_notification` (`executive_notification`,`legislator_notification`)
) ENGINE=InnoDB  DEFAULT CHARSET=utf8 COLLATE=utf8_unicode_ci AUTO_INCREMENT=8 ;

--
-- Dumping data for table `government_reports`
--

INSERT INTO `government_reports` (`government_report_id`, `report_id`, `executive_status`, `legislator_status`, `executive_notification`, `legislator_notification`, `created_at`, `updated_at`) VALUES
(1, 1, 0, 0, 0, 0, '2015-10-19 08:56:36', '2015-10-21 10:10:19'),
(2, 2, 3, 0, 0, 0, '2015-10-19 08:56:36', '2015-10-21 08:33:35'),
(3, 4, 1, 1, 0, 0, '2015-10-19 11:33:59', '2015-10-21 11:41:34'),
(4, 5, 2, 0, 1, 0, '2015-10-19 15:39:44', '2015-10-22 06:58:36'),
(5, 3, 0, 2, 0, 0, '2015-10-22 06:57:48', '2015-10-22 08:20:07'),
(6, 12, 0, 0, 0, 0, '2015-10-22 07:18:48', '2015-10-22 07:18:48'),
(7, 6, 0, 0, 0, 0, '2015-10-22 08:18:29', '2015-10-22 08:18:29');

-- --------------------------------------------------------

--
-- Table structure for table `lgas`
--

CREATE TABLE IF NOT EXISTS `lgas` (
  `lga_id` int(10) unsigned NOT NULL AUTO_INCREMENT,
  `lga` varchar(255) COLLATE utf8_unicode_ci NOT NULL,
  `state_id` int(10) unsigned NOT NULL,
  `created_at` timestamp NOT NULL DEFAULT '0000-00-00 00:00:00',
  `updated_at` timestamp NOT NULL DEFAULT '0000-00-00 00:00:00',
  PRIMARY KEY (`lga_id`),
  KEY `lgas_state_id_index` (`state_id`)
) ENGINE=InnoDB  DEFAULT CHARSET=utf8 COLLATE=utf8_unicode_ci AUTO_INCREMENT=775 ;

--
-- Dumping data for table `lgas`
--

INSERT INTO `lgas` (`lga_id`, `lga`, `state_id`, `created_at`, `updated_at`) VALUES
(1, 'Aba North', 1, '0000-00-00 00:00:00', '0000-00-00 00:00:00'),
(2, 'Aba South', 1, '0000-00-00 00:00:00', '0000-00-00 00:00:00'),
(3, 'Arochukwu', 1, '0000-00-00 00:00:00', '0000-00-00 00:00:00'),
(4, 'Bende', 1, '0000-00-00 00:00:00', '0000-00-00 00:00:00'),
(5, 'Ikwuano', 1, '0000-00-00 00:00:00', '0000-00-00 00:00:00'),
(6, 'Isiala Ngwa North', 1, '0000-00-00 00:00:00', '0000-00-00 00:00:00'),
(7, 'Isiala Ngwa South', 1, '0000-00-00 00:00:00', '0000-00-00 00:00:00'),
(8, 'Isuikwuato', 1, '0000-00-00 00:00:00', '0000-00-00 00:00:00'),
(9, 'Obi Ngwa', 1, '0000-00-00 00:00:00', '0000-00-00 00:00:00'),
(10, 'Ohafia', 1, '0000-00-00 00:00:00', '0000-00-00 00:00:00'),
(11, 'Osisioma', 1, '0000-00-00 00:00:00', '0000-00-00 00:00:00'),
(12, 'Ugwunagbo', 1, '0000-00-00 00:00:00', '0000-00-00 00:00:00'),
(13, 'Ukwa East', 1, '0000-00-00 00:00:00', '0000-00-00 00:00:00'),
(14, 'Ukwa West', 1, '0000-00-00 00:00:00', '0000-00-00 00:00:00'),
(15, 'Umuahia North', 1, '0000-00-00 00:00:00', '0000-00-00 00:00:00'),
(16, 'Umuahia South', 1, '0000-00-00 00:00:00', '0000-00-00 00:00:00'),
(17, 'Umu Nneochi', 1, '0000-00-00 00:00:00', '0000-00-00 00:00:00'),
(18, 'Demsa', 2, '0000-00-00 00:00:00', '0000-00-00 00:00:00'),
(19, 'Fufure', 2, '0000-00-00 00:00:00', '0000-00-00 00:00:00'),
(20, 'Ganye', 2, '0000-00-00 00:00:00', '0000-00-00 00:00:00'),
(21, 'Gayuk', 2, '0000-00-00 00:00:00', '0000-00-00 00:00:00'),
(22, 'Gombi', 2, '0000-00-00 00:00:00', '0000-00-00 00:00:00'),
(23, 'Grie', 2, '0000-00-00 00:00:00', '0000-00-00 00:00:00'),
(24, 'Hong', 2, '0000-00-00 00:00:00', '0000-00-00 00:00:00'),
(25, 'Jada', 2, '0000-00-00 00:00:00', '0000-00-00 00:00:00'),
(26, 'Larmurde', 2, '0000-00-00 00:00:00', '0000-00-00 00:00:00'),
(27, 'Madagali', 2, '0000-00-00 00:00:00', '0000-00-00 00:00:00'),
(28, 'Maiha', 2, '0000-00-00 00:00:00', '0000-00-00 00:00:00'),
(29, 'Mayo Belwa', 2, '0000-00-00 00:00:00', '0000-00-00 00:00:00'),
(30, 'Michika', 2, '0000-00-00 00:00:00', '0000-00-00 00:00:00'),
(31, 'Mubi North', 2, '0000-00-00 00:00:00', '0000-00-00 00:00:00'),
(32, 'Mubi South', 2, '0000-00-00 00:00:00', '0000-00-00 00:00:00'),
(33, 'Numan', 2, '0000-00-00 00:00:00', '0000-00-00 00:00:00'),
(34, 'Shelleng', 2, '0000-00-00 00:00:00', '0000-00-00 00:00:00'),
(35, 'Song', 2, '0000-00-00 00:00:00', '0000-00-00 00:00:00'),
(36, 'Toungo', 2, '0000-00-00 00:00:00', '0000-00-00 00:00:00'),
(37, 'Yola North', 2, '0000-00-00 00:00:00', '0000-00-00 00:00:00'),
(38, 'Yola South', 2, '0000-00-00 00:00:00', '0000-00-00 00:00:00'),
(39, 'Abak', 3, '0000-00-00 00:00:00', '0000-00-00 00:00:00'),
(40, 'Eastern Obolo', 3, '0000-00-00 00:00:00', '0000-00-00 00:00:00'),
(41, 'Eket', 3, '0000-00-00 00:00:00', '0000-00-00 00:00:00'),
(42, 'Esit Eket', 3, '0000-00-00 00:00:00', '0000-00-00 00:00:00'),
(43, 'Essien Udim', 3, '0000-00-00 00:00:00', '0000-00-00 00:00:00'),
(44, 'Etim Ekpo', 3, '0000-00-00 00:00:00', '0000-00-00 00:00:00'),
(45, 'Etinan', 3, '0000-00-00 00:00:00', '0000-00-00 00:00:00'),
(46, 'Ibeno', 3, '0000-00-00 00:00:00', '0000-00-00 00:00:00'),
(47, 'Ibesikpo Asutan', 3, '0000-00-00 00:00:00', '0000-00-00 00:00:00'),
(48, 'Ibiono-Ibom', 3, '0000-00-00 00:00:00', '0000-00-00 00:00:00'),
(49, 'Ika', 3, '0000-00-00 00:00:00', '0000-00-00 00:00:00'),
(50, 'Ikono', 3, '0000-00-00 00:00:00', '0000-00-00 00:00:00'),
(51, 'Ikot Abasi', 3, '0000-00-00 00:00:00', '0000-00-00 00:00:00'),
(52, 'Ikot Ekpene', 3, '0000-00-00 00:00:00', '0000-00-00 00:00:00'),
(53, 'Ini', 3, '0000-00-00 00:00:00', '0000-00-00 00:00:00'),
(54, 'Itu', 3, '0000-00-00 00:00:00', '0000-00-00 00:00:00'),
(55, 'Mbo', 3, '0000-00-00 00:00:00', '0000-00-00 00:00:00'),
(56, 'Mkpat-Enin', 3, '0000-00-00 00:00:00', '0000-00-00 00:00:00'),
(57, 'Nsit-Atai', 3, '0000-00-00 00:00:00', '0000-00-00 00:00:00'),
(58, 'Nsit-Ibom', 3, '0000-00-00 00:00:00', '0000-00-00 00:00:00'),
(59, 'Nsit-Ubium', 3, '0000-00-00 00:00:00', '0000-00-00 00:00:00'),
(60, 'Obot Akara', 3, '0000-00-00 00:00:00', '0000-00-00 00:00:00'),
(61, 'Okobo', 3, '0000-00-00 00:00:00', '0000-00-00 00:00:00'),
(62, 'Onna', 3, '0000-00-00 00:00:00', '0000-00-00 00:00:00'),
(63, 'Oron', 3, '0000-00-00 00:00:00', '0000-00-00 00:00:00'),
(64, 'Oruk Anam', 3, '0000-00-00 00:00:00', '0000-00-00 00:00:00'),
(65, 'Udung-Uko', 3, '0000-00-00 00:00:00', '0000-00-00 00:00:00'),
(66, 'Ukanafun', 3, '0000-00-00 00:00:00', '0000-00-00 00:00:00'),
(67, 'Uruan', 3, '0000-00-00 00:00:00', '0000-00-00 00:00:00'),
(68, 'Urue-Offong/Oruko', 3, '0000-00-00 00:00:00', '0000-00-00 00:00:00'),
(69, 'Uyo', 3, '0000-00-00 00:00:00', '0000-00-00 00:00:00'),
(70, 'Aguata', 4, '0000-00-00 00:00:00', '0000-00-00 00:00:00'),
(71, 'Anambra East', 4, '0000-00-00 00:00:00', '0000-00-00 00:00:00'),
(72, 'Anambra West', 4, '0000-00-00 00:00:00', '0000-00-00 00:00:00'),
(73, 'Anaocha', 4, '0000-00-00 00:00:00', '0000-00-00 00:00:00'),
(74, 'Awka North', 4, '0000-00-00 00:00:00', '0000-00-00 00:00:00'),
(75, 'Awka South', 4, '0000-00-00 00:00:00', '0000-00-00 00:00:00'),
(76, 'Ayamelum', 4, '0000-00-00 00:00:00', '0000-00-00 00:00:00'),
(77, 'Dunukofia', 4, '0000-00-00 00:00:00', '0000-00-00 00:00:00'),
(78, 'Ekwusigo', 4, '0000-00-00 00:00:00', '0000-00-00 00:00:00'),
(79, 'Idemili North', 4, '0000-00-00 00:00:00', '0000-00-00 00:00:00'),
(80, 'Idemili South', 4, '0000-00-00 00:00:00', '0000-00-00 00:00:00'),
(81, 'Ihiala', 4, '0000-00-00 00:00:00', '0000-00-00 00:00:00'),
(82, 'Njikoka', 4, '0000-00-00 00:00:00', '0000-00-00 00:00:00'),
(83, 'Nnewi North', 4, '0000-00-00 00:00:00', '0000-00-00 00:00:00'),
(84, 'Nnewi South', 4, '0000-00-00 00:00:00', '0000-00-00 00:00:00'),
(85, 'Ogbaru', 4, '0000-00-00 00:00:00', '0000-00-00 00:00:00'),
(86, 'Onitsha North', 4, '0000-00-00 00:00:00', '0000-00-00 00:00:00'),
(87, 'Onitsha South', 4, '0000-00-00 00:00:00', '0000-00-00 00:00:00'),
(88, 'Orumba North', 4, '0000-00-00 00:00:00', '0000-00-00 00:00:00'),
(89, 'Orumba South', 4, '0000-00-00 00:00:00', '0000-00-00 00:00:00'),
(90, 'Oyi', 4, '0000-00-00 00:00:00', '0000-00-00 00:00:00'),
(91, 'Alkaleri', 5, '0000-00-00 00:00:00', '0000-00-00 00:00:00'),
(92, 'Bauchi', 5, '0000-00-00 00:00:00', '0000-00-00 00:00:00'),
(93, 'Bogoro', 5, '0000-00-00 00:00:00', '0000-00-00 00:00:00'),
(94, 'Damban', 5, '0000-00-00 00:00:00', '0000-00-00 00:00:00'),
(95, 'Darazo', 5, '0000-00-00 00:00:00', '0000-00-00 00:00:00'),
(96, 'Dass', 5, '0000-00-00 00:00:00', '0000-00-00 00:00:00'),
(97, 'Gamawa', 5, '0000-00-00 00:00:00', '0000-00-00 00:00:00'),
(98, 'Ganjuwa', 5, '0000-00-00 00:00:00', '0000-00-00 00:00:00'),
(99, 'Giade', 5, '0000-00-00 00:00:00', '0000-00-00 00:00:00'),
(100, 'Itas/Gadau', 5, '0000-00-00 00:00:00', '0000-00-00 00:00:00'),
(101, 'Jama''are', 5, '0000-00-00 00:00:00', '0000-00-00 00:00:00'),
(102, 'Katagum', 5, '0000-00-00 00:00:00', '0000-00-00 00:00:00'),
(103, 'Kirfi', 5, '0000-00-00 00:00:00', '0000-00-00 00:00:00'),
(104, 'Misau', 5, '0000-00-00 00:00:00', '0000-00-00 00:00:00'),
(105, 'Ningi', 5, '0000-00-00 00:00:00', '0000-00-00 00:00:00'),
(106, 'Shira', 5, '0000-00-00 00:00:00', '0000-00-00 00:00:00'),
(107, 'Tafawa Balewa', 5, '0000-00-00 00:00:00', '0000-00-00 00:00:00'),
(108, 'Toro', 5, '0000-00-00 00:00:00', '0000-00-00 00:00:00'),
(109, 'Warji', 5, '0000-00-00 00:00:00', '0000-00-00 00:00:00'),
(110, 'Zaki', 5, '0000-00-00 00:00:00', '0000-00-00 00:00:00'),
(111, 'Brass', 6, '0000-00-00 00:00:00', '0000-00-00 00:00:00'),
(112, 'Ekeremor', 6, '0000-00-00 00:00:00', '0000-00-00 00:00:00'),
(113, 'Kolokuma/Opokuma', 6, '0000-00-00 00:00:00', '0000-00-00 00:00:00'),
(114, 'Nembe', 6, '0000-00-00 00:00:00', '0000-00-00 00:00:00'),
(115, 'Ogbia', 6, '0000-00-00 00:00:00', '0000-00-00 00:00:00'),
(116, 'Sagbama', 6, '0000-00-00 00:00:00', '0000-00-00 00:00:00'),
(117, 'Southern Ijaw', 6, '0000-00-00 00:00:00', '0000-00-00 00:00:00'),
(118, 'Yenagoa', 6, '0000-00-00 00:00:00', '0000-00-00 00:00:00'),
(119, 'Agatu', 7, '0000-00-00 00:00:00', '0000-00-00 00:00:00'),
(120, 'Apa', 7, '0000-00-00 00:00:00', '0000-00-00 00:00:00'),
(121, 'Ado', 7, '0000-00-00 00:00:00', '0000-00-00 00:00:00'),
(122, 'Buruku', 7, '0000-00-00 00:00:00', '0000-00-00 00:00:00'),
(123, 'Gboko', 7, '0000-00-00 00:00:00', '0000-00-00 00:00:00'),
(124, 'Guma', 7, '0000-00-00 00:00:00', '0000-00-00 00:00:00'),
(125, 'Gwer East', 7, '0000-00-00 00:00:00', '0000-00-00 00:00:00'),
(126, 'Gwer West', 7, '0000-00-00 00:00:00', '0000-00-00 00:00:00'),
(127, 'Katsina-Ala', 7, '0000-00-00 00:00:00', '0000-00-00 00:00:00'),
(128, 'Konshisha', 7, '0000-00-00 00:00:00', '0000-00-00 00:00:00'),
(129, 'Kwande', 7, '0000-00-00 00:00:00', '0000-00-00 00:00:00'),
(130, 'Logo', 7, '0000-00-00 00:00:00', '0000-00-00 00:00:00'),
(131, 'Makurdi', 7, '0000-00-00 00:00:00', '0000-00-00 00:00:00'),
(132, 'Obi', 7, '0000-00-00 00:00:00', '0000-00-00 00:00:00'),
(133, 'Ogbadibo', 7, '0000-00-00 00:00:00', '0000-00-00 00:00:00'),
(134, 'Ohimini', 7, '0000-00-00 00:00:00', '0000-00-00 00:00:00'),
(135, 'Oju', 7, '0000-00-00 00:00:00', '0000-00-00 00:00:00'),
(136, 'Okpokwu', 7, '0000-00-00 00:00:00', '0000-00-00 00:00:00'),
(137, 'Oturkpo', 7, '0000-00-00 00:00:00', '0000-00-00 00:00:00'),
(138, 'Tarka', 7, '0000-00-00 00:00:00', '0000-00-00 00:00:00'),
(139, 'Ukum', 7, '0000-00-00 00:00:00', '0000-00-00 00:00:00'),
(140, 'Ushongo', 7, '0000-00-00 00:00:00', '0000-00-00 00:00:00'),
(141, 'Vandeikya', 7, '0000-00-00 00:00:00', '0000-00-00 00:00:00'),
(142, 'Abadam', 8, '0000-00-00 00:00:00', '0000-00-00 00:00:00'),
(143, 'Askira/Uba', 8, '0000-00-00 00:00:00', '0000-00-00 00:00:00'),
(144, 'Bama', 8, '0000-00-00 00:00:00', '0000-00-00 00:00:00'),
(145, 'Bayo', 8, '0000-00-00 00:00:00', '0000-00-00 00:00:00'),
(146, 'Biu', 8, '0000-00-00 00:00:00', '0000-00-00 00:00:00'),
(147, 'Chibok', 8, '0000-00-00 00:00:00', '0000-00-00 00:00:00'),
(148, 'Damboa', 8, '0000-00-00 00:00:00', '0000-00-00 00:00:00'),
(149, 'Dikwa', 8, '0000-00-00 00:00:00', '0000-00-00 00:00:00'),
(150, 'Gubio', 8, '0000-00-00 00:00:00', '0000-00-00 00:00:00'),
(151, 'Guzamala', 8, '0000-00-00 00:00:00', '0000-00-00 00:00:00'),
(152, 'Gwoza', 8, '0000-00-00 00:00:00', '0000-00-00 00:00:00'),
(153, 'Hawul', 8, '0000-00-00 00:00:00', '0000-00-00 00:00:00'),
(154, 'Jere', 8, '0000-00-00 00:00:00', '0000-00-00 00:00:00'),
(155, 'Kaga', 8, '0000-00-00 00:00:00', '0000-00-00 00:00:00'),
(156, 'Kala/Balge', 8, '0000-00-00 00:00:00', '0000-00-00 00:00:00'),
(157, 'Konduga', 8, '0000-00-00 00:00:00', '0000-00-00 00:00:00'),
(158, 'Kukawa', 8, '0000-00-00 00:00:00', '0000-00-00 00:00:00'),
(159, 'Kwaya Kusar', 8, '0000-00-00 00:00:00', '0000-00-00 00:00:00'),
(160, 'Mafa', 8, '0000-00-00 00:00:00', '0000-00-00 00:00:00'),
(161, 'Magumeri', 8, '0000-00-00 00:00:00', '0000-00-00 00:00:00'),
(162, 'Maiduguri', 8, '0000-00-00 00:00:00', '0000-00-00 00:00:00'),
(163, 'Marte', 8, '0000-00-00 00:00:00', '0000-00-00 00:00:00'),
(164, 'Mobbar', 8, '0000-00-00 00:00:00', '0000-00-00 00:00:00'),
(165, 'Monguno', 8, '0000-00-00 00:00:00', '0000-00-00 00:00:00'),
(166, 'Ngala', 8, '0000-00-00 00:00:00', '0000-00-00 00:00:00'),
(167, 'Nganzai', 8, '0000-00-00 00:00:00', '0000-00-00 00:00:00'),
(168, 'Shani', 8, '0000-00-00 00:00:00', '0000-00-00 00:00:00'),
(169, 'Abi', 9, '0000-00-00 00:00:00', '0000-00-00 00:00:00'),
(170, 'Akamkpa', 9, '0000-00-00 00:00:00', '0000-00-00 00:00:00'),
(171, 'Akpabuyo', 9, '0000-00-00 00:00:00', '0000-00-00 00:00:00'),
(172, 'Bakassi', 9, '0000-00-00 00:00:00', '0000-00-00 00:00:00'),
(173, 'Bekwarra', 9, '0000-00-00 00:00:00', '0000-00-00 00:00:00'),
(174, 'Biase', 9, '0000-00-00 00:00:00', '0000-00-00 00:00:00'),
(175, 'Boki', 9, '0000-00-00 00:00:00', '0000-00-00 00:00:00'),
(176, 'Calabar Municipal', 9, '0000-00-00 00:00:00', '0000-00-00 00:00:00'),
(177, 'Calabar South', 9, '0000-00-00 00:00:00', '0000-00-00 00:00:00'),
(178, 'Etung', 9, '0000-00-00 00:00:00', '0000-00-00 00:00:00'),
(179, 'Ikom', 9, '0000-00-00 00:00:00', '0000-00-00 00:00:00'),
(180, 'Obanliku', 9, '0000-00-00 00:00:00', '0000-00-00 00:00:00'),
(181, 'Obubra', 9, '0000-00-00 00:00:00', '0000-00-00 00:00:00'),
(182, 'Obudu', 9, '0000-00-00 00:00:00', '0000-00-00 00:00:00'),
(183, 'Odukpani', 9, '0000-00-00 00:00:00', '0000-00-00 00:00:00'),
(184, 'Ogoja', 9, '0000-00-00 00:00:00', '0000-00-00 00:00:00'),
(185, 'Yakuur', 9, '0000-00-00 00:00:00', '0000-00-00 00:00:00'),
(186, 'Yala', 9, '0000-00-00 00:00:00', '0000-00-00 00:00:00'),
(187, 'Aniocha North', 10, '0000-00-00 00:00:00', '0000-00-00 00:00:00'),
(188, 'Aniocha South', 10, '0000-00-00 00:00:00', '0000-00-00 00:00:00'),
(189, 'Bomadi', 10, '0000-00-00 00:00:00', '0000-00-00 00:00:00'),
(190, 'Burutu', 10, '0000-00-00 00:00:00', '0000-00-00 00:00:00'),
(191, 'Ethiope East', 10, '0000-00-00 00:00:00', '0000-00-00 00:00:00'),
(192, 'Ethiope West', 10, '0000-00-00 00:00:00', '0000-00-00 00:00:00'),
(193, 'Ika North East', 10, '0000-00-00 00:00:00', '0000-00-00 00:00:00'),
(194, 'Ika South', 10, '0000-00-00 00:00:00', '0000-00-00 00:00:00'),
(195, 'Isoko North', 10, '0000-00-00 00:00:00', '0000-00-00 00:00:00'),
(196, 'Isoko South', 10, '0000-00-00 00:00:00', '0000-00-00 00:00:00'),
(197, 'Ndokwa East', 10, '0000-00-00 00:00:00', '0000-00-00 00:00:00'),
(198, 'Ndokwa West', 10, '0000-00-00 00:00:00', '0000-00-00 00:00:00'),
(199, 'Okpe', 10, '0000-00-00 00:00:00', '0000-00-00 00:00:00'),
(200, 'Oshimili North', 10, '0000-00-00 00:00:00', '0000-00-00 00:00:00'),
(201, 'Oshimili South', 10, '0000-00-00 00:00:00', '0000-00-00 00:00:00'),
(202, 'Patani', 10, '0000-00-00 00:00:00', '0000-00-00 00:00:00'),
(203, 'Sapele, Delta', 10, '0000-00-00 00:00:00', '0000-00-00 00:00:00'),
(204, 'Udu', 10, '0000-00-00 00:00:00', '0000-00-00 00:00:00'),
(205, 'Ughelli North', 10, '0000-00-00 00:00:00', '0000-00-00 00:00:00'),
(206, 'Ughelli South', 10, '0000-00-00 00:00:00', '0000-00-00 00:00:00'),
(207, 'Ukwuani', 10, '0000-00-00 00:00:00', '0000-00-00 00:00:00'),
(208, 'Uvwie', 10, '0000-00-00 00:00:00', '0000-00-00 00:00:00'),
(209, 'Warri North', 10, '0000-00-00 00:00:00', '0000-00-00 00:00:00'),
(210, 'Warri South', 10, '0000-00-00 00:00:00', '0000-00-00 00:00:00'),
(211, 'Warri South West', 10, '0000-00-00 00:00:00', '0000-00-00 00:00:00'),
(212, 'Abakaliki', 11, '0000-00-00 00:00:00', '0000-00-00 00:00:00'),
(213, 'Afikpo North', 11, '0000-00-00 00:00:00', '0000-00-00 00:00:00'),
(214, 'Afikpo South', 11, '0000-00-00 00:00:00', '0000-00-00 00:00:00'),
(215, 'Ebonyi', 11, '0000-00-00 00:00:00', '0000-00-00 00:00:00'),
(216, 'Ezza North', 11, '0000-00-00 00:00:00', '0000-00-00 00:00:00'),
(217, 'Ezza South', 11, '0000-00-00 00:00:00', '0000-00-00 00:00:00'),
(218, 'Ikwo', 11, '0000-00-00 00:00:00', '0000-00-00 00:00:00'),
(219, 'Ishielu', 11, '0000-00-00 00:00:00', '0000-00-00 00:00:00'),
(220, 'Ivo', 11, '0000-00-00 00:00:00', '0000-00-00 00:00:00'),
(221, 'Izzi', 11, '0000-00-00 00:00:00', '0000-00-00 00:00:00'),
(222, 'Ohaozara', 11, '0000-00-00 00:00:00', '0000-00-00 00:00:00'),
(223, 'Ohaukwu', 11, '0000-00-00 00:00:00', '0000-00-00 00:00:00'),
(224, 'Onicha', 11, '0000-00-00 00:00:00', '0000-00-00 00:00:00'),
(225, 'Akoko-Edo', 12, '0000-00-00 00:00:00', '0000-00-00 00:00:00'),
(226, 'Egor', 12, '0000-00-00 00:00:00', '0000-00-00 00:00:00'),
(227, 'Esan Central', 12, '0000-00-00 00:00:00', '0000-00-00 00:00:00'),
(228, 'Esan North-East', 12, '0000-00-00 00:00:00', '0000-00-00 00:00:00'),
(229, 'Esan South-East', 12, '0000-00-00 00:00:00', '0000-00-00 00:00:00'),
(230, 'Esan West', 12, '0000-00-00 00:00:00', '0000-00-00 00:00:00'),
(231, 'Etsako Central', 12, '0000-00-00 00:00:00', '0000-00-00 00:00:00'),
(232, 'Etsako East', 12, '0000-00-00 00:00:00', '0000-00-00 00:00:00'),
(233, 'Etsako West', 12, '0000-00-00 00:00:00', '0000-00-00 00:00:00'),
(234, 'Igueben', 12, '0000-00-00 00:00:00', '0000-00-00 00:00:00'),
(235, 'Ikpoba Okha', 12, '0000-00-00 00:00:00', '0000-00-00 00:00:00'),
(236, 'Orhionmwon', 12, '0000-00-00 00:00:00', '0000-00-00 00:00:00'),
(237, 'Oredo', 12, '0000-00-00 00:00:00', '0000-00-00 00:00:00'),
(238, 'Ovia North-East', 12, '0000-00-00 00:00:00', '0000-00-00 00:00:00'),
(239, 'Ovia South-West', 12, '0000-00-00 00:00:00', '0000-00-00 00:00:00'),
(240, 'Owan East', 12, '0000-00-00 00:00:00', '0000-00-00 00:00:00'),
(241, 'Owan West', 12, '0000-00-00 00:00:00', '0000-00-00 00:00:00'),
(242, 'Uhunmwonde', 12, '0000-00-00 00:00:00', '0000-00-00 00:00:00'),
(243, 'Ado Ekiti', 13, '0000-00-00 00:00:00', '0000-00-00 00:00:00'),
(244, 'Efon', 13, '0000-00-00 00:00:00', '0000-00-00 00:00:00'),
(245, 'Ekiti East', 13, '0000-00-00 00:00:00', '0000-00-00 00:00:00'),
(246, 'Ekiti South-West', 13, '0000-00-00 00:00:00', '0000-00-00 00:00:00'),
(247, 'Ekiti West', 13, '0000-00-00 00:00:00', '0000-00-00 00:00:00'),
(248, 'Emure', 13, '0000-00-00 00:00:00', '0000-00-00 00:00:00'),
(249, 'Gbonyin', 13, '0000-00-00 00:00:00', '0000-00-00 00:00:00'),
(250, 'Ido Osi', 13, '0000-00-00 00:00:00', '0000-00-00 00:00:00'),
(251, 'Ijero', 13, '0000-00-00 00:00:00', '0000-00-00 00:00:00'),
(252, 'Ikere', 13, '0000-00-00 00:00:00', '0000-00-00 00:00:00'),
(253, 'Ikole', 13, '0000-00-00 00:00:00', '0000-00-00 00:00:00'),
(254, 'Ilejemeje', 13, '0000-00-00 00:00:00', '0000-00-00 00:00:00'),
(255, 'Irepodun/Ifelodun', 13, '0000-00-00 00:00:00', '0000-00-00 00:00:00'),
(256, 'Ise/Orun', 13, '0000-00-00 00:00:00', '0000-00-00 00:00:00'),
(257, 'Moba', 13, '0000-00-00 00:00:00', '0000-00-00 00:00:00'),
(258, 'Oye', 13, '0000-00-00 00:00:00', '0000-00-00 00:00:00'),
(259, 'Aninri', 14, '0000-00-00 00:00:00', '0000-00-00 00:00:00'),
(260, 'Awgu', 14, '0000-00-00 00:00:00', '0000-00-00 00:00:00'),
(261, 'Enugu East', 14, '0000-00-00 00:00:00', '0000-00-00 00:00:00'),
(262, 'Enugu North', 14, '0000-00-00 00:00:00', '0000-00-00 00:00:00'),
(263, 'Enugu South', 14, '0000-00-00 00:00:00', '0000-00-00 00:00:00'),
(264, 'Ezeagu', 14, '0000-00-00 00:00:00', '0000-00-00 00:00:00'),
(265, 'Igbo Etiti', 14, '0000-00-00 00:00:00', '0000-00-00 00:00:00'),
(266, 'Igbo Eze North', 14, '0000-00-00 00:00:00', '0000-00-00 00:00:00'),
(267, 'Igbo Eze South', 14, '0000-00-00 00:00:00', '0000-00-00 00:00:00'),
(268, 'Isi Uzo', 14, '0000-00-00 00:00:00', '0000-00-00 00:00:00'),
(269, 'Nkanu East', 14, '0000-00-00 00:00:00', '0000-00-00 00:00:00'),
(270, 'Nkanu West', 14, '0000-00-00 00:00:00', '0000-00-00 00:00:00'),
(271, 'Nsukka', 14, '0000-00-00 00:00:00', '0000-00-00 00:00:00'),
(272, 'Oji River', 14, '0000-00-00 00:00:00', '0000-00-00 00:00:00'),
(273, 'Udenu', 14, '0000-00-00 00:00:00', '0000-00-00 00:00:00'),
(274, 'Udi', 14, '0000-00-00 00:00:00', '0000-00-00 00:00:00'),
(275, 'Uzo Uwani', 14, '0000-00-00 00:00:00', '0000-00-00 00:00:00'),
(276, 'Abaji', 15, '0000-00-00 00:00:00', '0000-00-00 00:00:00'),
(277, 'Bwari', 15, '0000-00-00 00:00:00', '0000-00-00 00:00:00'),
(278, 'Gwagwalada', 15, '0000-00-00 00:00:00', '0000-00-00 00:00:00'),
(279, 'Kuje', 15, '0000-00-00 00:00:00', '0000-00-00 00:00:00'),
(280, 'Kwali', 15, '0000-00-00 00:00:00', '0000-00-00 00:00:00'),
(281, 'Municipal Area Council', 15, '0000-00-00 00:00:00', '0000-00-00 00:00:00'),
(282, 'Akko', 16, '0000-00-00 00:00:00', '0000-00-00 00:00:00'),
(283, 'Balanga', 16, '0000-00-00 00:00:00', '0000-00-00 00:00:00'),
(284, 'Billiri', 16, '0000-00-00 00:00:00', '0000-00-00 00:00:00'),
(285, 'Dukku', 16, '0000-00-00 00:00:00', '0000-00-00 00:00:00'),
(286, 'Funakaye', 16, '0000-00-00 00:00:00', '0000-00-00 00:00:00'),
(287, 'Gombe', 16, '0000-00-00 00:00:00', '0000-00-00 00:00:00'),
(288, 'Kaltungo', 16, '0000-00-00 00:00:00', '0000-00-00 00:00:00'),
(289, 'Kwami', 16, '0000-00-00 00:00:00', '0000-00-00 00:00:00'),
(290, 'Nafada', 16, '0000-00-00 00:00:00', '0000-00-00 00:00:00'),
(291, 'Shongom', 16, '0000-00-00 00:00:00', '0000-00-00 00:00:00'),
(292, 'Yamaltu/Deba', 16, '0000-00-00 00:00:00', '0000-00-00 00:00:00'),
(293, 'Aboh Mbaise', 17, '0000-00-00 00:00:00', '0000-00-00 00:00:00'),
(294, 'Ahiazu Mbaise', 17, '0000-00-00 00:00:00', '0000-00-00 00:00:00'),
(295, 'Ehime Mbano', 17, '0000-00-00 00:00:00', '0000-00-00 00:00:00'),
(296, 'Ezinihitte', 17, '0000-00-00 00:00:00', '0000-00-00 00:00:00'),
(297, 'Ideato North', 17, '0000-00-00 00:00:00', '0000-00-00 00:00:00'),
(298, 'Ideato South', 17, '0000-00-00 00:00:00', '0000-00-00 00:00:00'),
(299, 'Ihitte/Uboma', 17, '0000-00-00 00:00:00', '0000-00-00 00:00:00'),
(300, 'Ikeduru', 17, '0000-00-00 00:00:00', '0000-00-00 00:00:00'),
(301, 'Isiala Mbano', 17, '0000-00-00 00:00:00', '0000-00-00 00:00:00'),
(302, 'Isu', 17, '0000-00-00 00:00:00', '0000-00-00 00:00:00'),
(303, 'Mbaitoli', 17, '0000-00-00 00:00:00', '0000-00-00 00:00:00'),
(304, 'Ngor Okpala', 17, '0000-00-00 00:00:00', '0000-00-00 00:00:00'),
(305, 'Njaba', 17, '0000-00-00 00:00:00', '0000-00-00 00:00:00'),
(306, 'Nkwerre', 17, '0000-00-00 00:00:00', '0000-00-00 00:00:00'),
(307, 'Nwangele', 17, '0000-00-00 00:00:00', '0000-00-00 00:00:00'),
(308, 'Obowo', 17, '0000-00-00 00:00:00', '0000-00-00 00:00:00'),
(309, 'Oguta', 17, '0000-00-00 00:00:00', '0000-00-00 00:00:00'),
(310, 'Ohaji/Egbema', 17, '0000-00-00 00:00:00', '0000-00-00 00:00:00'),
(311, 'Okigwe', 17, '0000-00-00 00:00:00', '0000-00-00 00:00:00'),
(312, 'Orlu', 17, '0000-00-00 00:00:00', '0000-00-00 00:00:00'),
(313, 'Orsu', 17, '0000-00-00 00:00:00', '0000-00-00 00:00:00'),
(314, 'Oru East', 17, '0000-00-00 00:00:00', '0000-00-00 00:00:00'),
(315, 'Oru West', 17, '0000-00-00 00:00:00', '0000-00-00 00:00:00'),
(316, 'Owerri Municipal', 17, '0000-00-00 00:00:00', '0000-00-00 00:00:00'),
(317, 'Owerri North', 17, '0000-00-00 00:00:00', '0000-00-00 00:00:00'),
(318, 'Owerri West', 17, '0000-00-00 00:00:00', '0000-00-00 00:00:00'),
(319, 'Unuimo', 17, '0000-00-00 00:00:00', '0000-00-00 00:00:00'),
(320, 'Auyo', 18, '0000-00-00 00:00:00', '0000-00-00 00:00:00'),
(321, 'Babura', 18, '0000-00-00 00:00:00', '0000-00-00 00:00:00'),
(322, 'Biriniwa', 18, '0000-00-00 00:00:00', '0000-00-00 00:00:00'),
(323, 'Birnin Kudu', 18, '0000-00-00 00:00:00', '0000-00-00 00:00:00'),
(324, 'Buji', 18, '0000-00-00 00:00:00', '0000-00-00 00:00:00'),
(325, 'Dutse', 18, '0000-00-00 00:00:00', '0000-00-00 00:00:00'),
(326, 'Gagarawa', 18, '0000-00-00 00:00:00', '0000-00-00 00:00:00'),
(327, 'Garki', 18, '0000-00-00 00:00:00', '0000-00-00 00:00:00'),
(328, 'Gumel', 18, '0000-00-00 00:00:00', '0000-00-00 00:00:00'),
(329, 'Guri', 18, '0000-00-00 00:00:00', '0000-00-00 00:00:00'),
(330, 'Gwaram', 18, '0000-00-00 00:00:00', '0000-00-00 00:00:00'),
(331, 'Gwiwa', 18, '0000-00-00 00:00:00', '0000-00-00 00:00:00'),
(332, 'Hadejia', 18, '0000-00-00 00:00:00', '0000-00-00 00:00:00'),
(333, 'Jahun', 18, '0000-00-00 00:00:00', '0000-00-00 00:00:00'),
(334, 'Kafin Hausa', 18, '0000-00-00 00:00:00', '0000-00-00 00:00:00'),
(335, 'Kazaure', 18, '0000-00-00 00:00:00', '0000-00-00 00:00:00'),
(336, 'Kiri Kasama', 18, '0000-00-00 00:00:00', '0000-00-00 00:00:00'),
(337, 'Kiyawa', 18, '0000-00-00 00:00:00', '0000-00-00 00:00:00'),
(338, 'Kaugama', 18, '0000-00-00 00:00:00', '0000-00-00 00:00:00'),
(339, 'Maigatari', 18, '0000-00-00 00:00:00', '0000-00-00 00:00:00'),
(340, 'Malam Madori', 18, '0000-00-00 00:00:00', '0000-00-00 00:00:00'),
(341, 'Miga', 18, '0000-00-00 00:00:00', '0000-00-00 00:00:00'),
(342, 'Ringim', 18, '0000-00-00 00:00:00', '0000-00-00 00:00:00'),
(343, 'Roni', 18, '0000-00-00 00:00:00', '0000-00-00 00:00:00'),
(344, 'Sule Tankarkar', 18, '0000-00-00 00:00:00', '0000-00-00 00:00:00'),
(345, 'Taura', 18, '0000-00-00 00:00:00', '0000-00-00 00:00:00'),
(346, 'Yankwashi', 18, '0000-00-00 00:00:00', '0000-00-00 00:00:00'),
(347, 'Birnin Gwari', 19, '0000-00-00 00:00:00', '0000-00-00 00:00:00'),
(348, 'Chikun', 19, '0000-00-00 00:00:00', '0000-00-00 00:00:00'),
(349, 'Giwa', 19, '0000-00-00 00:00:00', '0000-00-00 00:00:00'),
(350, 'Igabi', 19, '0000-00-00 00:00:00', '0000-00-00 00:00:00'),
(351, 'Ikara', 19, '0000-00-00 00:00:00', '0000-00-00 00:00:00'),
(352, 'Jaba', 19, '0000-00-00 00:00:00', '0000-00-00 00:00:00'),
(353, 'Jema''a', 19, '0000-00-00 00:00:00', '0000-00-00 00:00:00'),
(354, 'Kachia', 19, '0000-00-00 00:00:00', '0000-00-00 00:00:00'),
(355, 'Kaduna North', 19, '0000-00-00 00:00:00', '0000-00-00 00:00:00'),
(356, 'Kaduna South', 19, '0000-00-00 00:00:00', '0000-00-00 00:00:00'),
(357, 'Kagarko', 19, '0000-00-00 00:00:00', '0000-00-00 00:00:00'),
(358, 'Kajuru', 19, '0000-00-00 00:00:00', '0000-00-00 00:00:00'),
(359, 'Kaura', 19, '0000-00-00 00:00:00', '0000-00-00 00:00:00'),
(360, 'Kauru', 19, '0000-00-00 00:00:00', '0000-00-00 00:00:00'),
(361, 'Kubau', 19, '0000-00-00 00:00:00', '0000-00-00 00:00:00'),
(362, 'Kudan', 19, '0000-00-00 00:00:00', '0000-00-00 00:00:00'),
(363, 'Lere', 19, '0000-00-00 00:00:00', '0000-00-00 00:00:00'),
(364, 'Makarfi', 19, '0000-00-00 00:00:00', '0000-00-00 00:00:00'),
(365, 'Sabon Gari', 19, '0000-00-00 00:00:00', '0000-00-00 00:00:00'),
(366, 'Sanga', 19, '0000-00-00 00:00:00', '0000-00-00 00:00:00'),
(367, 'Soba', 19, '0000-00-00 00:00:00', '0000-00-00 00:00:00'),
(368, 'Zangon Kataf', 19, '0000-00-00 00:00:00', '0000-00-00 00:00:00'),
(369, 'Zaria', 19, '0000-00-00 00:00:00', '0000-00-00 00:00:00'),
(370, 'Ajingi', 20, '0000-00-00 00:00:00', '0000-00-00 00:00:00'),
(371, 'Albasu', 20, '0000-00-00 00:00:00', '0000-00-00 00:00:00'),
(372, 'Bagwai', 20, '0000-00-00 00:00:00', '0000-00-00 00:00:00'),
(373, 'Bebeji', 20, '0000-00-00 00:00:00', '0000-00-00 00:00:00'),
(374, 'Bichi', 20, '0000-00-00 00:00:00', '0000-00-00 00:00:00'),
(375, 'Bunkure', 20, '0000-00-00 00:00:00', '0000-00-00 00:00:00'),
(376, 'Dala', 20, '0000-00-00 00:00:00', '0000-00-00 00:00:00'),
(377, 'Dambatta', 20, '0000-00-00 00:00:00', '0000-00-00 00:00:00'),
(378, 'Dawakin Kudu', 20, '0000-00-00 00:00:00', '0000-00-00 00:00:00'),
(379, 'Dawakin Tofa', 20, '0000-00-00 00:00:00', '0000-00-00 00:00:00'),
(380, 'Doguwa', 20, '0000-00-00 00:00:00', '0000-00-00 00:00:00'),
(381, 'Fagge', 20, '0000-00-00 00:00:00', '0000-00-00 00:00:00'),
(382, 'Gabasawa', 20, '0000-00-00 00:00:00', '0000-00-00 00:00:00'),
(383, 'Garko', 20, '0000-00-00 00:00:00', '0000-00-00 00:00:00'),
(384, 'Garun Mallam', 20, '0000-00-00 00:00:00', '0000-00-00 00:00:00'),
(385, 'Gaya', 20, '0000-00-00 00:00:00', '0000-00-00 00:00:00'),
(386, 'Gezawa', 20, '0000-00-00 00:00:00', '0000-00-00 00:00:00'),
(387, 'Gwale', 20, '0000-00-00 00:00:00', '0000-00-00 00:00:00'),
(388, 'Gwarzo', 20, '0000-00-00 00:00:00', '0000-00-00 00:00:00'),
(389, 'Kabo', 20, '0000-00-00 00:00:00', '0000-00-00 00:00:00'),
(390, 'Kano Municipal', 20, '0000-00-00 00:00:00', '0000-00-00 00:00:00'),
(391, 'Karaye', 20, '0000-00-00 00:00:00', '0000-00-00 00:00:00'),
(392, 'Kibiya', 20, '0000-00-00 00:00:00', '0000-00-00 00:00:00'),
(393, 'Kiru', 20, '0000-00-00 00:00:00', '0000-00-00 00:00:00'),
(394, 'Kumbotso', 20, '0000-00-00 00:00:00', '0000-00-00 00:00:00'),
(395, 'Kunchi', 20, '0000-00-00 00:00:00', '0000-00-00 00:00:00'),
(396, 'Kura', 20, '0000-00-00 00:00:00', '0000-00-00 00:00:00'),
(397, 'Madobi', 20, '0000-00-00 00:00:00', '0000-00-00 00:00:00'),
(398, 'Makoda', 20, '0000-00-00 00:00:00', '0000-00-00 00:00:00'),
(399, 'Minjibir', 20, '0000-00-00 00:00:00', '0000-00-00 00:00:00'),
(400, 'Nasarawa', 20, '0000-00-00 00:00:00', '0000-00-00 00:00:00'),
(401, 'Rano', 20, '0000-00-00 00:00:00', '0000-00-00 00:00:00'),
(402, 'Rimin Gado', 20, '0000-00-00 00:00:00', '0000-00-00 00:00:00'),
(403, 'Rogo', 20, '0000-00-00 00:00:00', '0000-00-00 00:00:00'),
(404, 'Shanono', 20, '0000-00-00 00:00:00', '0000-00-00 00:00:00'),
(405, 'Sumaila', 20, '0000-00-00 00:00:00', '0000-00-00 00:00:00'),
(406, 'Takai', 20, '0000-00-00 00:00:00', '0000-00-00 00:00:00'),
(407, 'Tarauni', 20, '0000-00-00 00:00:00', '0000-00-00 00:00:00'),
(408, 'Tofa', 20, '0000-00-00 00:00:00', '0000-00-00 00:00:00'),
(409, 'Tsanyawa', 20, '0000-00-00 00:00:00', '0000-00-00 00:00:00'),
(410, 'Tudun Wada', 20, '0000-00-00 00:00:00', '0000-00-00 00:00:00'),
(411, 'Ungogo', 20, '0000-00-00 00:00:00', '0000-00-00 00:00:00'),
(412, 'Warawa', 20, '0000-00-00 00:00:00', '0000-00-00 00:00:00'),
(413, 'Wudil', 20, '0000-00-00 00:00:00', '0000-00-00 00:00:00'),
(414, 'Bakori', 21, '0000-00-00 00:00:00', '0000-00-00 00:00:00'),
(415, 'Batagarawa', 21, '0000-00-00 00:00:00', '0000-00-00 00:00:00'),
(416, 'Batsari', 21, '0000-00-00 00:00:00', '0000-00-00 00:00:00'),
(417, 'Baure', 21, '0000-00-00 00:00:00', '0000-00-00 00:00:00'),
(418, 'Bindawa', 21, '0000-00-00 00:00:00', '0000-00-00 00:00:00'),
(419, 'Charanchi', 21, '0000-00-00 00:00:00', '0000-00-00 00:00:00'),
(420, 'Dandume', 21, '0000-00-00 00:00:00', '0000-00-00 00:00:00'),
(421, 'Danja', 21, '0000-00-00 00:00:00', '0000-00-00 00:00:00'),
(422, 'Dan Musa', 21, '0000-00-00 00:00:00', '0000-00-00 00:00:00'),
(423, 'Daura', 21, '0000-00-00 00:00:00', '0000-00-00 00:00:00'),
(424, 'Dutsi', 21, '0000-00-00 00:00:00', '0000-00-00 00:00:00'),
(425, 'Dutsin Ma', 21, '0000-00-00 00:00:00', '0000-00-00 00:00:00'),
(426, 'Faskari', 21, '0000-00-00 00:00:00', '0000-00-00 00:00:00'),
(427, 'Funtua', 21, '0000-00-00 00:00:00', '0000-00-00 00:00:00'),
(428, 'Ingawa', 21, '0000-00-00 00:00:00', '0000-00-00 00:00:00'),
(429, 'Jibia', 21, '0000-00-00 00:00:00', '0000-00-00 00:00:00'),
(430, 'Kafur', 21, '0000-00-00 00:00:00', '0000-00-00 00:00:00'),
(431, 'Kaita', 21, '0000-00-00 00:00:00', '0000-00-00 00:00:00'),
(432, 'Kankara', 21, '0000-00-00 00:00:00', '0000-00-00 00:00:00'),
(433, 'Kankia', 21, '0000-00-00 00:00:00', '0000-00-00 00:00:00'),
(434, 'Katsina', 21, '0000-00-00 00:00:00', '0000-00-00 00:00:00'),
(435, 'Kurfi', 21, '0000-00-00 00:00:00', '0000-00-00 00:00:00'),
(436, 'Kusada', 21, '0000-00-00 00:00:00', '0000-00-00 00:00:00'),
(437, 'Mai''Adua', 21, '0000-00-00 00:00:00', '0000-00-00 00:00:00'),
(438, 'Malumfashi', 21, '0000-00-00 00:00:00', '0000-00-00 00:00:00'),
(439, 'Mani', 21, '0000-00-00 00:00:00', '0000-00-00 00:00:00'),
(440, 'Mashi', 21, '0000-00-00 00:00:00', '0000-00-00 00:00:00'),
(441, 'Matazu', 21, '0000-00-00 00:00:00', '0000-00-00 00:00:00'),
(442, 'Musawa', 21, '0000-00-00 00:00:00', '0000-00-00 00:00:00'),
(443, 'Rimi', 21, '0000-00-00 00:00:00', '0000-00-00 00:00:00'),
(444, 'Sabuwa', 21, '0000-00-00 00:00:00', '0000-00-00 00:00:00'),
(445, 'Safana', 21, '0000-00-00 00:00:00', '0000-00-00 00:00:00'),
(446, 'Sandamu', 21, '0000-00-00 00:00:00', '0000-00-00 00:00:00'),
(447, 'Zango', 21, '0000-00-00 00:00:00', '0000-00-00 00:00:00'),
(448, 'Aleiro', 22, '0000-00-00 00:00:00', '0000-00-00 00:00:00'),
(449, 'Arewa Dandi', 22, '0000-00-00 00:00:00', '0000-00-00 00:00:00'),
(450, 'Argungu', 22, '0000-00-00 00:00:00', '0000-00-00 00:00:00'),
(451, 'Augie', 22, '0000-00-00 00:00:00', '0000-00-00 00:00:00'),
(452, 'Bagudo', 22, '0000-00-00 00:00:00', '0000-00-00 00:00:00'),
(453, 'Birnin Kebbi', 22, '0000-00-00 00:00:00', '0000-00-00 00:00:00'),
(454, 'Bunza', 22, '0000-00-00 00:00:00', '0000-00-00 00:00:00'),
(455, 'Dandi', 22, '0000-00-00 00:00:00', '0000-00-00 00:00:00'),
(456, 'Fakai', 22, '0000-00-00 00:00:00', '0000-00-00 00:00:00'),
(457, 'Gwandu', 22, '0000-00-00 00:00:00', '0000-00-00 00:00:00'),
(458, 'Jega', 22, '0000-00-00 00:00:00', '0000-00-00 00:00:00'),
(459, 'Kalgo', 22, '0000-00-00 00:00:00', '0000-00-00 00:00:00'),
(460, 'Koko/Besse', 22, '0000-00-00 00:00:00', '0000-00-00 00:00:00'),
(461, 'Maiyama', 22, '0000-00-00 00:00:00', '0000-00-00 00:00:00'),
(462, 'Ngaski', 22, '0000-00-00 00:00:00', '0000-00-00 00:00:00'),
(463, 'Sakaba', 22, '0000-00-00 00:00:00', '0000-00-00 00:00:00'),
(464, 'Shanga', 22, '0000-00-00 00:00:00', '0000-00-00 00:00:00'),
(465, 'Suru', 22, '0000-00-00 00:00:00', '0000-00-00 00:00:00'),
(466, 'Wasagu/Danko', 22, '0000-00-00 00:00:00', '0000-00-00 00:00:00'),
(467, 'Yauri', 22, '0000-00-00 00:00:00', '0000-00-00 00:00:00'),
(468, 'Zuru', 22, '0000-00-00 00:00:00', '0000-00-00 00:00:00'),
(469, 'Adavi', 23, '0000-00-00 00:00:00', '0000-00-00 00:00:00'),
(470, 'Ajaokuta', 23, '0000-00-00 00:00:00', '0000-00-00 00:00:00'),
(471, 'Ankpa', 23, '0000-00-00 00:00:00', '0000-00-00 00:00:00'),
(472, 'Bassa', 23, '0000-00-00 00:00:00', '0000-00-00 00:00:00'),
(473, 'Dekina', 23, '0000-00-00 00:00:00', '0000-00-00 00:00:00'),
(474, 'Ibaji', 23, '0000-00-00 00:00:00', '0000-00-00 00:00:00'),
(475, 'Idah', 23, '0000-00-00 00:00:00', '0000-00-00 00:00:00'),
(476, 'Igalamela Odolu', 23, '0000-00-00 00:00:00', '0000-00-00 00:00:00'),
(477, 'Ijumu', 23, '0000-00-00 00:00:00', '0000-00-00 00:00:00'),
(478, 'Kabba/Bunu', 23, '0000-00-00 00:00:00', '0000-00-00 00:00:00'),
(479, 'Kogi', 23, '0000-00-00 00:00:00', '0000-00-00 00:00:00'),
(480, 'Lokoja', 23, '0000-00-00 00:00:00', '0000-00-00 00:00:00'),
(481, 'Mopa Muro', 23, '0000-00-00 00:00:00', '0000-00-00 00:00:00'),
(482, 'Ofu', 23, '0000-00-00 00:00:00', '0000-00-00 00:00:00'),
(483, 'Ogori/Magongo', 23, '0000-00-00 00:00:00', '0000-00-00 00:00:00'),
(484, 'Okehi', 23, '0000-00-00 00:00:00', '0000-00-00 00:00:00'),
(485, 'Okene', 23, '0000-00-00 00:00:00', '0000-00-00 00:00:00'),
(486, 'Olamaboro', 23, '0000-00-00 00:00:00', '0000-00-00 00:00:00'),
(487, 'Omala', 23, '0000-00-00 00:00:00', '0000-00-00 00:00:00'),
(488, 'Yagba East', 23, '0000-00-00 00:00:00', '0000-00-00 00:00:00'),
(489, 'Yagba West', 23, '0000-00-00 00:00:00', '0000-00-00 00:00:00'),
(490, 'Asa', 24, '0000-00-00 00:00:00', '0000-00-00 00:00:00'),
(491, 'Baruten', 24, '0000-00-00 00:00:00', '0000-00-00 00:00:00'),
(492, 'Edu', 24, '0000-00-00 00:00:00', '0000-00-00 00:00:00'),
(493, 'Ekiti, Kwara State', 24, '0000-00-00 00:00:00', '0000-00-00 00:00:00'),
(494, 'Ifelodun', 24, '0000-00-00 00:00:00', '0000-00-00 00:00:00'),
(495, 'Ilorin East', 24, '0000-00-00 00:00:00', '0000-00-00 00:00:00'),
(496, 'Ilorin South', 24, '0000-00-00 00:00:00', '0000-00-00 00:00:00'),
(497, 'Ilorin West', 24, '0000-00-00 00:00:00', '0000-00-00 00:00:00'),
(498, 'Irepodun', 24, '0000-00-00 00:00:00', '0000-00-00 00:00:00'),
(499, 'Isin', 24, '0000-00-00 00:00:00', '0000-00-00 00:00:00'),
(500, 'Kaiama', 24, '0000-00-00 00:00:00', '0000-00-00 00:00:00'),
(501, 'Moro', 24, '0000-00-00 00:00:00', '0000-00-00 00:00:00'),
(502, 'Offa', 24, '0000-00-00 00:00:00', '0000-00-00 00:00:00'),
(503, 'Oke Ero', 24, '0000-00-00 00:00:00', '0000-00-00 00:00:00'),
(504, 'Oyun', 24, '0000-00-00 00:00:00', '0000-00-00 00:00:00'),
(505, 'Pategi', 24, '0000-00-00 00:00:00', '0000-00-00 00:00:00'),
(506, 'Agege', 25, '0000-00-00 00:00:00', '0000-00-00 00:00:00'),
(507, 'Ajeromi-Ifelodun', 25, '0000-00-00 00:00:00', '0000-00-00 00:00:00'),
(508, 'Alimosho', 25, '0000-00-00 00:00:00', '0000-00-00 00:00:00'),
(509, 'Amuwo-Odofin', 25, '0000-00-00 00:00:00', '0000-00-00 00:00:00'),
(510, 'Apapa', 25, '0000-00-00 00:00:00', '0000-00-00 00:00:00'),
(511, 'Badagry', 25, '0000-00-00 00:00:00', '0000-00-00 00:00:00'),
(512, 'Epe', 25, '0000-00-00 00:00:00', '0000-00-00 00:00:00'),
(513, 'Eti Osa', 25, '0000-00-00 00:00:00', '0000-00-00 00:00:00'),
(514, 'Ibeju-Lekki', 25, '0000-00-00 00:00:00', '0000-00-00 00:00:00'),
(515, 'Ifako-Ijaiye', 25, '0000-00-00 00:00:00', '0000-00-00 00:00:00'),
(516, 'Ikeja', 25, '0000-00-00 00:00:00', '0000-00-00 00:00:00'),
(517, 'Ikorodu', 25, '0000-00-00 00:00:00', '0000-00-00 00:00:00'),
(518, 'Kosofe', 25, '0000-00-00 00:00:00', '0000-00-00 00:00:00'),
(519, 'Lagos Island', 25, '0000-00-00 00:00:00', '0000-00-00 00:00:00'),
(520, 'Lagos Mainland', 25, '0000-00-00 00:00:00', '0000-00-00 00:00:00'),
(521, 'Mushin', 25, '0000-00-00 00:00:00', '0000-00-00 00:00:00'),
(522, 'Ojo', 25, '0000-00-00 00:00:00', '0000-00-00 00:00:00'),
(523, 'Oshodi-Isolo', 25, '0000-00-00 00:00:00', '0000-00-00 00:00:00'),
(524, 'Shomolu', 25, '0000-00-00 00:00:00', '0000-00-00 00:00:00'),
(525, 'Surulere, Lagos State', 25, '0000-00-00 00:00:00', '0000-00-00 00:00:00'),
(526, 'Akwanga', 26, '0000-00-00 00:00:00', '0000-00-00 00:00:00'),
(527, 'Awe', 26, '0000-00-00 00:00:00', '0000-00-00 00:00:00'),
(528, 'Doma', 26, '0000-00-00 00:00:00', '0000-00-00 00:00:00'),
(529, 'Karu', 26, '0000-00-00 00:00:00', '0000-00-00 00:00:00'),
(530, 'Keana', 26, '0000-00-00 00:00:00', '0000-00-00 00:00:00'),
(531, 'Keffi', 26, '0000-00-00 00:00:00', '0000-00-00 00:00:00'),
(532, 'Kokona', 26, '0000-00-00 00:00:00', '0000-00-00 00:00:00'),
(533, 'Lafia', 26, '0000-00-00 00:00:00', '0000-00-00 00:00:00'),
(534, 'Nasarawa', 26, '0000-00-00 00:00:00', '0000-00-00 00:00:00'),
(535, 'Nasarawa Egon', 26, '0000-00-00 00:00:00', '0000-00-00 00:00:00'),
(536, 'Obi', 26, '0000-00-00 00:00:00', '0000-00-00 00:00:00'),
(537, 'Toto', 26, '0000-00-00 00:00:00', '0000-00-00 00:00:00'),
(538, 'Wamba', 26, '0000-00-00 00:00:00', '0000-00-00 00:00:00'),
(539, 'Agaie', 27, '0000-00-00 00:00:00', '0000-00-00 00:00:00'),
(540, 'Agwara', 27, '0000-00-00 00:00:00', '0000-00-00 00:00:00'),
(541, 'Bida', 27, '0000-00-00 00:00:00', '0000-00-00 00:00:00'),
(542, 'Borgu', 27, '0000-00-00 00:00:00', '0000-00-00 00:00:00'),
(543, 'Bosso', 27, '0000-00-00 00:00:00', '0000-00-00 00:00:00'),
(544, 'Chanchaga', 27, '0000-00-00 00:00:00', '0000-00-00 00:00:00'),
(545, 'Edati', 27, '0000-00-00 00:00:00', '0000-00-00 00:00:00'),
(546, 'Gbako', 27, '0000-00-00 00:00:00', '0000-00-00 00:00:00'),
(547, 'Gurara', 27, '0000-00-00 00:00:00', '0000-00-00 00:00:00'),
(548, 'Katcha', 27, '0000-00-00 00:00:00', '0000-00-00 00:00:00'),
(549, 'Kontagora', 27, '0000-00-00 00:00:00', '0000-00-00 00:00:00'),
(550, 'Lapai', 27, '0000-00-00 00:00:00', '0000-00-00 00:00:00'),
(551, 'Lavun', 27, '0000-00-00 00:00:00', '0000-00-00 00:00:00'),
(552, 'Magama', 27, '0000-00-00 00:00:00', '0000-00-00 00:00:00'),
(553, 'Mariga', 27, '0000-00-00 00:00:00', '0000-00-00 00:00:00'),
(554, 'Mashegu', 27, '0000-00-00 00:00:00', '0000-00-00 00:00:00'),
(555, 'Mokwa', 27, '0000-00-00 00:00:00', '0000-00-00 00:00:00'),
(556, 'Moya', 27, '0000-00-00 00:00:00', '0000-00-00 00:00:00'),
(557, 'Paikoro', 27, '0000-00-00 00:00:00', '0000-00-00 00:00:00'),
(558, 'Rafi', 27, '0000-00-00 00:00:00', '0000-00-00 00:00:00'),
(559, 'Rijau', 27, '0000-00-00 00:00:00', '0000-00-00 00:00:00'),
(560, 'Shiroro', 27, '0000-00-00 00:00:00', '0000-00-00 00:00:00'),
(561, 'Suleja', 27, '0000-00-00 00:00:00', '0000-00-00 00:00:00'),
(562, 'Tafa', 27, '0000-00-00 00:00:00', '0000-00-00 00:00:00'),
(563, 'Wushishi', 27, '0000-00-00 00:00:00', '0000-00-00 00:00:00'),
(564, 'Abeokuta North', 28, '0000-00-00 00:00:00', '0000-00-00 00:00:00'),
(565, 'Abeokuta South', 28, '0000-00-00 00:00:00', '0000-00-00 00:00:00'),
(566, 'Ado-Odo/Ota', 28, '0000-00-00 00:00:00', '0000-00-00 00:00:00'),
(567, 'Egbado North', 28, '0000-00-00 00:00:00', '0000-00-00 00:00:00'),
(568, 'Egbado South', 28, '0000-00-00 00:00:00', '0000-00-00 00:00:00'),
(569, 'Ewekoro', 28, '0000-00-00 00:00:00', '0000-00-00 00:00:00'),
(570, 'Ifo', 28, '0000-00-00 00:00:00', '0000-00-00 00:00:00'),
(571, 'Ijebu East', 28, '0000-00-00 00:00:00', '0000-00-00 00:00:00'),
(572, 'Ijebu North', 28, '0000-00-00 00:00:00', '0000-00-00 00:00:00'),
(573, 'Ijebu North East', 28, '0000-00-00 00:00:00', '0000-00-00 00:00:00'),
(574, 'Ijebu Ode', 28, '0000-00-00 00:00:00', '0000-00-00 00:00:00'),
(575, 'Ikenne', 28, '0000-00-00 00:00:00', '0000-00-00 00:00:00'),
(576, 'Imeko Afon', 28, '0000-00-00 00:00:00', '0000-00-00 00:00:00'),
(577, 'Ipokia', 28, '0000-00-00 00:00:00', '0000-00-00 00:00:00'),
(578, 'Obafemi Owode', 28, '0000-00-00 00:00:00', '0000-00-00 00:00:00'),
(579, 'Odeda', 28, '0000-00-00 00:00:00', '0000-00-00 00:00:00'),
(580, 'Odogbolu', 28, '0000-00-00 00:00:00', '0000-00-00 00:00:00'),
(581, 'Ogun Waterside', 28, '0000-00-00 00:00:00', '0000-00-00 00:00:00'),
(582, 'Remo North', 28, '0000-00-00 00:00:00', '0000-00-00 00:00:00'),
(583, 'Shagamu', 28, '0000-00-00 00:00:00', '0000-00-00 00:00:00'),
(584, 'Akoko North-East', 29, '0000-00-00 00:00:00', '0000-00-00 00:00:00'),
(585, 'Akoko North-West', 29, '0000-00-00 00:00:00', '0000-00-00 00:00:00'),
(586, 'Akoko South-West', 29, '0000-00-00 00:00:00', '0000-00-00 00:00:00'),
(587, 'Akoko South-East', 29, '0000-00-00 00:00:00', '0000-00-00 00:00:00'),
(588, 'Akure North', 29, '0000-00-00 00:00:00', '0000-00-00 00:00:00'),
(589, 'Akure South', 29, '0000-00-00 00:00:00', '0000-00-00 00:00:00'),
(590, 'Ese Odo', 29, '0000-00-00 00:00:00', '0000-00-00 00:00:00'),
(591, 'Idanre', 29, '0000-00-00 00:00:00', '0000-00-00 00:00:00'),
(592, 'Ifedore', 29, '0000-00-00 00:00:00', '0000-00-00 00:00:00'),
(593, 'Ilaje', 29, '0000-00-00 00:00:00', '0000-00-00 00:00:00'),
(594, 'Ile Oluji/Okeigbo', 29, '0000-00-00 00:00:00', '0000-00-00 00:00:00'),
(595, 'Irele', 29, '0000-00-00 00:00:00', '0000-00-00 00:00:00'),
(596, 'Odigbo', 29, '0000-00-00 00:00:00', '0000-00-00 00:00:00'),
(597, 'Okitipupa', 29, '0000-00-00 00:00:00', '0000-00-00 00:00:00'),
(598, 'Ondo East', 29, '0000-00-00 00:00:00', '0000-00-00 00:00:00'),
(599, 'Ondo West', 29, '0000-00-00 00:00:00', '0000-00-00 00:00:00'),
(600, 'Ose', 29, '0000-00-00 00:00:00', '0000-00-00 00:00:00'),
(601, 'Owo', 29, '0000-00-00 00:00:00', '0000-00-00 00:00:00'),
(602, 'Atakunmosa East', 30, '0000-00-00 00:00:00', '0000-00-00 00:00:00'),
(603, 'Atakunmosa West', 30, '0000-00-00 00:00:00', '0000-00-00 00:00:00'),
(604, 'Aiyedaade', 30, '0000-00-00 00:00:00', '0000-00-00 00:00:00'),
(605, 'Aiyedire', 30, '0000-00-00 00:00:00', '0000-00-00 00:00:00'),
(606, 'Boluwaduro', 30, '0000-00-00 00:00:00', '0000-00-00 00:00:00'),
(607, 'Boripe', 30, '0000-00-00 00:00:00', '0000-00-00 00:00:00'),
(608, 'Ede North', 30, '0000-00-00 00:00:00', '0000-00-00 00:00:00'),
(609, 'Ede South', 30, '0000-00-00 00:00:00', '0000-00-00 00:00:00'),
(610, 'Ife Central', 30, '0000-00-00 00:00:00', '0000-00-00 00:00:00'),
(611, 'Ife East', 30, '0000-00-00 00:00:00', '0000-00-00 00:00:00'),
(612, 'Ife North', 30, '0000-00-00 00:00:00', '0000-00-00 00:00:00'),
(613, 'Ife South', 30, '0000-00-00 00:00:00', '0000-00-00 00:00:00'),
(614, 'Egbedore', 30, '0000-00-00 00:00:00', '0000-00-00 00:00:00'),
(615, 'Ejigbo', 30, '0000-00-00 00:00:00', '0000-00-00 00:00:00'),
(616, 'Ifedayo', 30, '0000-00-00 00:00:00', '0000-00-00 00:00:00'),
(617, 'Ifelodun', 30, '0000-00-00 00:00:00', '0000-00-00 00:00:00'),
(618, 'Ila', 30, '0000-00-00 00:00:00', '0000-00-00 00:00:00'),
(619, 'Ilesa East', 30, '0000-00-00 00:00:00', '0000-00-00 00:00:00'),
(620, 'Ilesa West', 30, '0000-00-00 00:00:00', '0000-00-00 00:00:00'),
(621, 'Irepodun', 30, '0000-00-00 00:00:00', '0000-00-00 00:00:00'),
(622, 'Irewole', 30, '0000-00-00 00:00:00', '0000-00-00 00:00:00'),
(623, 'Isokan', 30, '0000-00-00 00:00:00', '0000-00-00 00:00:00'),
(624, 'Iwo', 30, '0000-00-00 00:00:00', '0000-00-00 00:00:00'),
(625, 'Obokun', 30, '0000-00-00 00:00:00', '0000-00-00 00:00:00'),
(626, 'Odo Otin', 30, '0000-00-00 00:00:00', '0000-00-00 00:00:00'),
(627, 'Ola Oluwa', 30, '0000-00-00 00:00:00', '0000-00-00 00:00:00'),
(628, 'Olorunda', 30, '0000-00-00 00:00:00', '0000-00-00 00:00:00'),
(629, 'Oriade', 30, '0000-00-00 00:00:00', '0000-00-00 00:00:00'),
(630, 'Orolu', 30, '0000-00-00 00:00:00', '0000-00-00 00:00:00'),
(631, 'Osogbo', 30, '0000-00-00 00:00:00', '0000-00-00 00:00:00'),
(632, 'Afijio', 31, '0000-00-00 00:00:00', '0000-00-00 00:00:00'),
(633, 'Akinyele', 31, '0000-00-00 00:00:00', '0000-00-00 00:00:00'),
(634, 'Atiba', 31, '0000-00-00 00:00:00', '0000-00-00 00:00:00'),
(635, 'Atisbo', 31, '0000-00-00 00:00:00', '0000-00-00 00:00:00'),
(636, 'Egbeda', 31, '0000-00-00 00:00:00', '0000-00-00 00:00:00'),
(637, 'Ibadan North', 31, '0000-00-00 00:00:00', '0000-00-00 00:00:00'),
(638, 'Ibadan North-East', 31, '0000-00-00 00:00:00', '0000-00-00 00:00:00'),
(639, 'Ibadan North-West', 31, '0000-00-00 00:00:00', '0000-00-00 00:00:00'),
(640, 'Ibadan South-East', 31, '0000-00-00 00:00:00', '0000-00-00 00:00:00'),
(641, 'Ibadan South-West', 31, '0000-00-00 00:00:00', '0000-00-00 00:00:00'),
(642, 'Ibarapa Central', 31, '0000-00-00 00:00:00', '0000-00-00 00:00:00'),
(643, 'Ibarapa East', 31, '0000-00-00 00:00:00', '0000-00-00 00:00:00'),
(644, 'Ibarapa North', 31, '0000-00-00 00:00:00', '0000-00-00 00:00:00'),
(645, 'Ido', 31, '0000-00-00 00:00:00', '0000-00-00 00:00:00'),
(646, 'Irepo', 31, '0000-00-00 00:00:00', '0000-00-00 00:00:00'),
(647, 'Iseyin', 31, '0000-00-00 00:00:00', '0000-00-00 00:00:00'),
(648, 'Itesiwaju', 31, '0000-00-00 00:00:00', '0000-00-00 00:00:00'),
(649, 'Iwajowa', 31, '0000-00-00 00:00:00', '0000-00-00 00:00:00'),
(650, 'Kajola', 31, '0000-00-00 00:00:00', '0000-00-00 00:00:00'),
(651, 'Lagelu', 31, '0000-00-00 00:00:00', '0000-00-00 00:00:00'),
(652, 'Ogbomosho North', 31, '0000-00-00 00:00:00', '0000-00-00 00:00:00'),
(653, 'Ogbomosho South', 31, '0000-00-00 00:00:00', '0000-00-00 00:00:00'),
(654, 'Ogo Oluwa', 31, '0000-00-00 00:00:00', '0000-00-00 00:00:00'),
(655, 'Olorunsogo', 31, '0000-00-00 00:00:00', '0000-00-00 00:00:00'),
(656, 'Oluyole', 31, '0000-00-00 00:00:00', '0000-00-00 00:00:00'),
(657, 'Ona Ara', 31, '0000-00-00 00:00:00', '0000-00-00 00:00:00'),
(658, 'Orelope', 31, '0000-00-00 00:00:00', '0000-00-00 00:00:00'),
(659, 'Ori Ire', 31, '0000-00-00 00:00:00', '0000-00-00 00:00:00'),
(660, 'Oyo', 31, '0000-00-00 00:00:00', '0000-00-00 00:00:00'),
(661, 'Oyo East', 31, '0000-00-00 00:00:00', '0000-00-00 00:00:00'),
(662, 'Saki East', 31, '0000-00-00 00:00:00', '0000-00-00 00:00:00'),
(663, 'Saki West', 31, '0000-00-00 00:00:00', '0000-00-00 00:00:00'),
(664, 'Surulere, Oyo State', 31, '0000-00-00 00:00:00', '0000-00-00 00:00:00'),
(665, 'Bokkos', 32, '0000-00-00 00:00:00', '0000-00-00 00:00:00'),
(666, 'Barkin Ladi', 32, '0000-00-00 00:00:00', '0000-00-00 00:00:00'),
(667, 'Bassa', 32, '0000-00-00 00:00:00', '0000-00-00 00:00:00'),
(668, 'Jos East', 32, '0000-00-00 00:00:00', '0000-00-00 00:00:00'),
(669, 'Jos North', 32, '0000-00-00 00:00:00', '0000-00-00 00:00:00'),
(670, 'Jos South', 32, '0000-00-00 00:00:00', '0000-00-00 00:00:00'),
(671, 'Kanam', 32, '0000-00-00 00:00:00', '0000-00-00 00:00:00'),
(672, 'Kanke', 32, '0000-00-00 00:00:00', '0000-00-00 00:00:00'),
(673, 'Langtang South', 32, '0000-00-00 00:00:00', '0000-00-00 00:00:00'),
(674, 'Langtang North', 32, '0000-00-00 00:00:00', '0000-00-00 00:00:00'),
(675, 'Mangu', 32, '0000-00-00 00:00:00', '0000-00-00 00:00:00'),
(676, 'Mikang', 32, '0000-00-00 00:00:00', '0000-00-00 00:00:00'),
(677, 'Pankshin', 32, '0000-00-00 00:00:00', '0000-00-00 00:00:00'),
(678, 'Qua''an Pan', 32, '0000-00-00 00:00:00', '0000-00-00 00:00:00'),
(679, 'Riyom', 32, '0000-00-00 00:00:00', '0000-00-00 00:00:00'),
(680, 'Shendam', 32, '0000-00-00 00:00:00', '0000-00-00 00:00:00'),
(681, 'Wase', 32, '0000-00-00 00:00:00', '0000-00-00 00:00:00'),
(682, 'Abua/Odual', 33, '0000-00-00 00:00:00', '0000-00-00 00:00:00'),
(683, 'Ahoada East', 33, '0000-00-00 00:00:00', '0000-00-00 00:00:00'),
(684, 'Ahoada West', 33, '0000-00-00 00:00:00', '0000-00-00 00:00:00'),
(685, 'Akuku-Toru', 33, '0000-00-00 00:00:00', '0000-00-00 00:00:00'),
(686, 'Andoni', 33, '0000-00-00 00:00:00', '0000-00-00 00:00:00'),
(687, 'Asari-Toru', 33, '0000-00-00 00:00:00', '0000-00-00 00:00:00'),
(688, 'Bonny', 33, '0000-00-00 00:00:00', '0000-00-00 00:00:00'),
(689, 'Degema', 33, '0000-00-00 00:00:00', '0000-00-00 00:00:00'),
(690, 'Eleme', 33, '0000-00-00 00:00:00', '0000-00-00 00:00:00'),
(691, 'Emuoha', 33, '0000-00-00 00:00:00', '0000-00-00 00:00:00'),
(692, 'Etche', 33, '0000-00-00 00:00:00', '0000-00-00 00:00:00'),
(693, 'Gokana', 33, '0000-00-00 00:00:00', '0000-00-00 00:00:00'),
(694, 'Ikwerre', 33, '0000-00-00 00:00:00', '0000-00-00 00:00:00'),
(695, 'Khana', 33, '0000-00-00 00:00:00', '0000-00-00 00:00:00'),
(696, 'Obio/Akpor', 33, '0000-00-00 00:00:00', '0000-00-00 00:00:00'),
(697, 'Ogba/Egbema/Ndoni', 33, '0000-00-00 00:00:00', '0000-00-00 00:00:00'),
(698, 'Ogu/Bolo', 33, '0000-00-00 00:00:00', '0000-00-00 00:00:00'),
(699, 'Okrika', 33, '0000-00-00 00:00:00', '0000-00-00 00:00:00'),
(700, 'Omuma', 33, '0000-00-00 00:00:00', '0000-00-00 00:00:00'),
(701, 'Opobo/Nkoro', 33, '0000-00-00 00:00:00', '0000-00-00 00:00:00'),
(702, 'Oyigbo', 33, '0000-00-00 00:00:00', '0000-00-00 00:00:00'),
(703, 'Port Harcourt', 33, '0000-00-00 00:00:00', '0000-00-00 00:00:00'),
(704, 'Tai', 33, '0000-00-00 00:00:00', '0000-00-00 00:00:00'),
(705, 'Binji', 34, '0000-00-00 00:00:00', '0000-00-00 00:00:00'),
(706, 'Bodinga', 34, '0000-00-00 00:00:00', '0000-00-00 00:00:00'),
(707, 'Dange Shuni', 34, '0000-00-00 00:00:00', '0000-00-00 00:00:00'),
(708, 'Gada', 34, '0000-00-00 00:00:00', '0000-00-00 00:00:00'),
(709, 'Goronyo', 34, '0000-00-00 00:00:00', '0000-00-00 00:00:00'),
(710, 'Gudu', 34, '0000-00-00 00:00:00', '0000-00-00 00:00:00'),
(711, 'Gwadabawa', 34, '0000-00-00 00:00:00', '0000-00-00 00:00:00'),
(712, 'Illela', 34, '0000-00-00 00:00:00', '0000-00-00 00:00:00'),
(713, 'Isa', 34, '0000-00-00 00:00:00', '0000-00-00 00:00:00'),
(714, 'Kebbe', 34, '0000-00-00 00:00:00', '0000-00-00 00:00:00'),
(715, 'Kware', 34, '0000-00-00 00:00:00', '0000-00-00 00:00:00'),
(716, 'Rabah', 34, '0000-00-00 00:00:00', '0000-00-00 00:00:00'),
(717, 'Sabon Birni', 34, '0000-00-00 00:00:00', '0000-00-00 00:00:00'),
(718, 'Shagari', 34, '0000-00-00 00:00:00', '0000-00-00 00:00:00'),
(719, 'Silame', 34, '0000-00-00 00:00:00', '0000-00-00 00:00:00'),
(720, 'Sokoto North', 34, '0000-00-00 00:00:00', '0000-00-00 00:00:00'),
(721, 'Sokoto South', 34, '0000-00-00 00:00:00', '0000-00-00 00:00:00'),
(722, 'Tambuwal', 34, '0000-00-00 00:00:00', '0000-00-00 00:00:00'),
(723, 'Tangaza', 34, '0000-00-00 00:00:00', '0000-00-00 00:00:00'),
(724, 'Tureta', 34, '0000-00-00 00:00:00', '0000-00-00 00:00:00'),
(725, 'Wamako', 34, '0000-00-00 00:00:00', '0000-00-00 00:00:00'),
(726, 'Wurno', 34, '0000-00-00 00:00:00', '0000-00-00 00:00:00'),
(727, 'Yabo', 34, '0000-00-00 00:00:00', '0000-00-00 00:00:00'),
(728, 'Ardo Kola', 35, '0000-00-00 00:00:00', '0000-00-00 00:00:00'),
(729, 'Bali', 35, '0000-00-00 00:00:00', '0000-00-00 00:00:00'),
(730, 'Donga', 35, '0000-00-00 00:00:00', '0000-00-00 00:00:00'),
(731, 'Gashaka', 35, '0000-00-00 00:00:00', '0000-00-00 00:00:00'),
(732, 'Gassol', 35, '0000-00-00 00:00:00', '0000-00-00 00:00:00'),
(733, 'Ibi', 35, '0000-00-00 00:00:00', '0000-00-00 00:00:00'),
(734, 'Jalingo', 35, '0000-00-00 00:00:00', '0000-00-00 00:00:00'),
(735, 'Karim Lamido', 35, '0000-00-00 00:00:00', '0000-00-00 00:00:00'),
(736, 'Kumi', 35, '0000-00-00 00:00:00', '0000-00-00 00:00:00'),
(737, 'Lau', 35, '0000-00-00 00:00:00', '0000-00-00 00:00:00'),
(738, 'Sardauna', 35, '0000-00-00 00:00:00', '0000-00-00 00:00:00'),
(739, 'Takum', 35, '0000-00-00 00:00:00', '0000-00-00 00:00:00'),
(740, 'Ussa', 35, '0000-00-00 00:00:00', '0000-00-00 00:00:00'),
(741, 'Wukari', 35, '0000-00-00 00:00:00', '0000-00-00 00:00:00'),
(742, 'Yorro', 35, '0000-00-00 00:00:00', '0000-00-00 00:00:00'),
(743, 'Zing', 35, '0000-00-00 00:00:00', '0000-00-00 00:00:00'),
(744, 'Bade', 36, '0000-00-00 00:00:00', '0000-00-00 00:00:00'),
(745, 'Bursari', 36, '0000-00-00 00:00:00', '0000-00-00 00:00:00'),
(746, 'Damaturu', 36, '0000-00-00 00:00:00', '0000-00-00 00:00:00'),
(747, 'Fika', 36, '0000-00-00 00:00:00', '0000-00-00 00:00:00'),
(748, 'Fune', 36, '0000-00-00 00:00:00', '0000-00-00 00:00:00'),
(749, 'Geidam', 36, '0000-00-00 00:00:00', '0000-00-00 00:00:00'),
(750, 'Gujba', 36, '0000-00-00 00:00:00', '0000-00-00 00:00:00'),
(751, 'Gulani', 36, '0000-00-00 00:00:00', '0000-00-00 00:00:00'),
(752, 'Jakusko', 36, '0000-00-00 00:00:00', '0000-00-00 00:00:00'),
(753, 'Karasuwa', 36, '0000-00-00 00:00:00', '0000-00-00 00:00:00');
INSERT INTO `lgas` (`lga_id`, `lga`, `state_id`, `created_at`, `updated_at`) VALUES
(754, 'Machina', 36, '0000-00-00 00:00:00', '0000-00-00 00:00:00'),
(755, 'Nangere', 36, '0000-00-00 00:00:00', '0000-00-00 00:00:00'),
(756, 'Nguru', 36, '0000-00-00 00:00:00', '0000-00-00 00:00:00'),
(757, 'Potiskum', 36, '0000-00-00 00:00:00', '0000-00-00 00:00:00'),
(758, 'Tarmuwa', 36, '0000-00-00 00:00:00', '0000-00-00 00:00:00'),
(759, 'Yunusari', 36, '0000-00-00 00:00:00', '0000-00-00 00:00:00'),
(760, 'Yusufari', 36, '0000-00-00 00:00:00', '0000-00-00 00:00:00'),
(761, 'Anka', 37, '0000-00-00 00:00:00', '0000-00-00 00:00:00'),
(762, 'Bakura', 37, '0000-00-00 00:00:00', '0000-00-00 00:00:00'),
(763, 'Birnin Magaji/Kiyaw', 37, '0000-00-00 00:00:00', '0000-00-00 00:00:00'),
(764, 'Bukkuyum', 37, '0000-00-00 00:00:00', '0000-00-00 00:00:00'),
(765, 'Bungudu', 37, '0000-00-00 00:00:00', '0000-00-00 00:00:00'),
(766, 'Gummi', 37, '0000-00-00 00:00:00', '0000-00-00 00:00:00'),
(767, 'Gusau', 37, '0000-00-00 00:00:00', '0000-00-00 00:00:00'),
(768, 'Kaura Namoda', 37, '0000-00-00 00:00:00', '0000-00-00 00:00:00'),
(769, 'Maradun', 37, '0000-00-00 00:00:00', '0000-00-00 00:00:00'),
(770, 'Maru', 37, '0000-00-00 00:00:00', '0000-00-00 00:00:00'),
(771, 'Shinkafi', 37, '0000-00-00 00:00:00', '0000-00-00 00:00:00'),
(772, 'Talata Mafara', 37, '0000-00-00 00:00:00', '0000-00-00 00:00:00'),
(773, 'Chafe', 37, '0000-00-00 00:00:00', '0000-00-00 00:00:00'),
(774, 'Zurmi', 37, '0000-00-00 00:00:00', '0000-00-00 00:00:00');

-- --------------------------------------------------------

--
-- Table structure for table `locations`
--

CREATE TABLE IF NOT EXISTS `locations` (
  `location_id` int(10) unsigned NOT NULL AUTO_INCREMENT,
  `country` varchar(100) COLLATE utf8_unicode_ci NOT NULL DEFAULT 'NIGERIA',
  `state` varchar(100) COLLATE utf8_unicode_ci DEFAULT NULL,
  `lga_city` varchar(255) COLLATE utf8_unicode_ci DEFAULT NULL,
  `address` text COLLATE utf8_unicode_ci,
  PRIMARY KEY (`location_id`)
) ENGINE=InnoDB  DEFAULT CHARSET=utf8 COLLATE=utf8_unicode_ci AUTO_INCREMENT=117 ;

--
-- Dumping data for table `locations`
--

INSERT INTO `locations` (`location_id`, `country`, `state`, `lga_city`, `address`) VALUES
(4, 'Nigeria', 'FCT', 'gaduwa', 'ddvdvdvdvdvvdvdvdvdvdv'),
(5, 'Nigeria', 'FCT', 'gaduwa', 'ddvdvdvdvdvvdvdvdvdvdv'),
(6, 'Nigeria', 'FCT', 'gaduwa', 'ddvdvdvdvdvvdvdvdvdvdv'),
(7, 'Nigeria', 'FCT', 'gaduwa', 'ddvdvdvdvdvvdvdvdvdvdv'),
(8, 'Nigeria', 'FCT', 'gaduwa', 'ddvdvdvdvdvvdvdvdvdvdv'),
(9, 'Nigeria', 'FCT', 'gaduwa', 'ddvdvdvdvdvvdvdvdvdvdv'),
(10, 'Nigeria', 'FCT', 'gaduwa', 'ddvdvdvdvdvvdvdvdvdvdv'),
(11, 'Nigeria', 'FCT', 'gaduwa', 'ddvdvdvdvdvvdvdvdvdvdv'),
(12, 'Nigeria', 'FCT', 'gaduwa', 'ddvdvdvdvdvvdvdvdvdvdv'),
(13, 'Nigeria', 'FCT', 'gaduwa', 'ddvdvdvdvdvvdvdvdvdvdv'),
(14, 'Nigeria', 'FCT', 'gaduwa', 'ddvdvdvdvdvvdvdvdvdvdv'),
(15, 'Nigeria', 'FCT', 'gaduwa', 'ddvdvdvdvdvvdvdvdvdvdv'),
(16, 'Nigeria', 'FCT', 'gaduwa', 'ddvdvdvdvdvvdvdvdvdvdv'),
(17, 'Nigeria', 'FCT', 'gaduwa', 'ddvdvdvdvdvvdvdvdvdvdv'),
(18, 'Nigeria', 'FCT', 'gaduwa', 'ddvdvdvdvdvvdvdvdvdvdv'),
(19, 'Nigeria', 'FCT', 'gaduwa', 'ddvdvdvdvdvvdvdvdvdvdv'),
(20, 'Nigeria', 'FCT', 'gaduwa', 'ddvdvdvdvdvvdvdvdvdvdv'),
(21, 'Nigeria', 'FCT', 'gaduwa', 'ddvdvdvdvdvvdvdvdvdvdv'),
(22, 'Nigeria', 'FCT', 'gaduwa', 'ddvdvdvdvdvvdvdvdvdvdv'),
(23, 'Nigeria', 'FCT', 'gaduwa', 'ddvdvdvdvdvvdvdvdvdvdv'),
(24, 'Nigeria', 'Abia', 'aba', 'gfggfgf  fbfbfbffvhfhfhf'),
(25, 'Nigeria', 'FCT', 'gaduwa', 'wwwjwhwhwhwhwhwhwh'),
(26, 'Nigeri', NULL, 'AMAC', 'Dhurumi Abuja'),
(27, 'Nigeria', NULL, 'AMAC', 'Dhurumi Abuja 2'),
(28, 'Nigeria', NULL, 'AMAC', 'Dhurumi Abuja 2'),
(29, 'Nigeria', NULL, 'AMAC', 'Dhurumi Abuja'),
(30, 'Nigeria', NULL, 'AMAC', 'Dhurumi Abuja'),
(31, 'Nigeria', NULL, 'AMAC', 'Dhurumi Abuja'),
(32, 'Nigeria', 'Abia', 'aba', 'complaint address'),
(33, 'Gambia', 'Abia', 'aba', 'complaint address'),
(34, 'Nigeria', NULL, 'AMAC', 'Dhurumi Abuja'),
(35, 'Nigeria', NULL, 'AMAC', 'Dhurumi Abuja'),
(36, 'Nigeria', NULL, 'AMAC', 'Dhurumi Abuja'),
(37, 'Nigeria', NULL, 'AMAC', 'Dhurumi Abuja'),
(38, 'Nigeria', NULL, 'AMAC', 'Dhurumi Abuja'),
(39, 'Nigeria', NULL, 'AMAC', 'Dhurumi Abuja'),
(40, 'Nigeria', NULL, 'AMAC', 'Dhurumi Abuja'),
(41, 'Nigeria', NULL, 'AMAC', 'Dhurumi Abuja'),
(42, 'Nigeria', NULL, 'AMAC', 'Dhurumi Abuja'),
(43, 'Nigeria', NULL, 'AMAC', 'Dhurumi Abuja'),
(44, 'Nigeria', NULL, 'AMAC', 'Dhurumi Abuja'),
(45, 'Nigeria', NULL, 'AMAC', 'Dhurumi Abuja'),
(46, 'Nigeria', NULL, 'ADO', ''),
(47, 'Nigeria', NULL, 'ADO', ''),
(48, 'Nigeria', NULL, 'ADO', ''),
(49, 'Nigeria', NULL, 'ADO', ''),
(50, 'Nigeria', NULL, 'ADO', ''),
(51, 'Nigeria', NULL, 'ADO', ''),
(52, 'Nigeria', NULL, 'ADO', ''),
(53, 'Nigeria', NULL, 'ADO', ''),
(54, 'Nigeria', NULL, 'ADO', ''),
(55, 'Nigeria', NULL, 'ADO', ''),
(56, 'Nigeria', NULL, 'ADO', ''),
(57, 'Nigeria', NULL, 'ADO', ''),
(58, 'Nigeria', NULL, 'ADO', ''),
(59, 'Nigeria', NULL, 'ADO', ''),
(60, 'Nigeria', NULL, 'ADO', ''),
(61, 'Nigeria', NULL, 'ADO', ''),
(62, 'Nigeria', NULL, 'ADO', ''),
(63, 'Nigeria', NULL, 'ADO', ''),
(64, 'Nigeria', NULL, 'ADO', ''),
(65, 'Nigeria', NULL, 'ADO', ''),
(66, 'Nigeria', NULL, 'ADO', ''),
(67, 'Nigeria', NULL, 'ADO', ''),
(68, 'Nigeria', NULL, 'ADO', ''),
(69, 'Nigeria', NULL, 'ADO', ''),
(70, 'Nigeria', NULL, 'ADO', ''),
(71, 'Nigeria', NULL, 'ADO', ''),
(72, 'Nigeria', NULL, 'ADO', ''),
(73, 'Nigeria', NULL, 'ADO', ''),
(74, 'Nigeria', NULL, 'ADO', ''),
(75, 'Nigeria', NULL, 'ADO', ''),
(76, 'Nigeria', NULL, 'ADO', ''),
(77, 'Nigeria', NULL, 'ADO', ''),
(78, 'Nigeria', NULL, 'ADO', ''),
(79, 'Nigeria', NULL, 'ADO', ''),
(80, 'Nigeria', NULL, 'ADO', ''),
(81, 'Nigeria', NULL, 'ADO', ''),
(82, 'Nigeria', NULL, 'ADO', ''),
(83, 'Nigeria', NULL, 'ADO', ''),
(84, 'Nigeria', NULL, 'ADO', ''),
(85, 'Nigeria', NULL, 'ADO', ''),
(86, 'Nigeria', NULL, 'ADO', ''),
(87, 'Nigeria', NULL, 'ADO', ''),
(88, 'Nigeria', NULL, 'ADO', ''),
(89, 'Nigeria', NULL, 'ADO', ''),
(90, 'Nigeria', NULL, 'ADO', ''),
(91, 'Nigeria', NULL, 'ADO', ''),
(92, 'Nigeria', NULL, 'ADO', ''),
(93, 'Nigeria', NULL, 'ADO', ''),
(94, 'Nigeria', NULL, 'ADO', ''),
(95, 'Nigeria', NULL, 'ADO', ''),
(96, 'Nigeria', NULL, 'ADO', ''),
(97, 'Nigeria', NULL, 'ADO', ''),
(98, 'Nigeria', NULL, 'ADO', ''),
(99, 'Nigeria', NULL, 'ADO', ''),
(100, 'Nigeria', NULL, 'ADO', ''),
(101, 'Nigeria', NULL, 'ADO', ''),
(102, 'Nigeria', NULL, 'ADO', ''),
(103, 'Nigeria', NULL, 'ADO', ''),
(104, 'Nigeria', NULL, 'ADO', ''),
(105, 'Nigeria', NULL, 'ADO', ''),
(106, 'Nigeria', NULL, 'ADO', ''),
(107, 'Nigeria', NULL, 'ADO', ''),
(108, 'Nigeria', NULL, 'ADO', ''),
(109, 'Nigeria', NULL, 'ADO', ''),
(110, 'Nigeria', NULL, 'ADO', ''),
(111, 'Nigeria', NULL, 'ADO', ''),
(112, 'Nigeria', NULL, 'ADO', ''),
(113, 'Nigeria', NULL, 'ADO', ''),
(114, 'Nigeria', NULL, 'ADO', ''),
(115, 'Nigeria', NULL, 'ADO', ''),
(116, 'Nigeria', NULL, 'ADO', '');

-- --------------------------------------------------------

--
-- Table structure for table `menu_items`
--

CREATE TABLE IF NOT EXISTS `menu_items` (
  `menu_item_id` int(10) unsigned NOT NULL AUTO_INCREMENT,
  `menu_item` varchar(150) COLLATE utf8_unicode_ci NOT NULL,
  `menu_item_url` varchar(150) COLLATE utf8_unicode_ci NOT NULL,
  `menu_item_icon` varchar(100) COLLATE utf8_unicode_ci NOT NULL,
  `active` int(10) unsigned NOT NULL DEFAULT '1',
  `sequence` varchar(255) COLLATE utf8_unicode_ci NOT NULL,
  `menu_id` int(10) unsigned NOT NULL,
  `created_at` timestamp NOT NULL DEFAULT '0000-00-00 00:00:00',
  `updated_at` timestamp NOT NULL DEFAULT '0000-00-00 00:00:00',
  PRIMARY KEY (`menu_item_id`),
  KEY `menu_items_menu_id_index` (`menu_id`)
) ENGINE=InnoDB  DEFAULT CHARSET=utf8 COLLATE=utf8_unicode_ci AUTO_INCREMENT=14 ;

--
-- Dumping data for table `menu_items`
--

INSERT INTO `menu_items` (`menu_item_id`, `menu_item`, `menu_item_url`, `menu_item_icon`, `active`, `sequence`, `menu_id`, `created_at`, `updated_at`) VALUES
(1, 'Admin Menus', '#', 'fa fa-table', 1, '6', 1, '2015-10-05 14:38:41', '2015-10-16 12:44:54'),
(2, 'Manage Reports', '/reports', 'fa fa-list-alt', 1, '1', 2, '2015-10-05 14:59:02', '2015-10-06 14:30:00'),
(3, 'Create Report', '/reports/create', 'fa fa-plus-square', 1, '2', 2, '2015-10-05 14:59:02', '2015-10-07 08:13:38'),
(4, 'Archived Reports', '/reports/archived', 'fa fa-file-archive-o', 1, '4', 2, '2015-10-05 14:59:02', '2015-10-06 14:46:37'),
(5, 'Basic Settings', '#', 'fa fa-gear', 1, '3', 1, '2015-10-05 15:01:43', '2015-10-16 09:17:20'),
(6, 'View Profile', '/profiles', 'fa fa-eye', 1, '1', 3, '2015-10-06 08:16:22', '2015-10-06 08:28:29'),
(7, 'Edit Profile', '/profiles/edit', 'fa fa-edit', 1, '2', 3, '2015-10-06 08:16:22', '2015-10-06 08:16:22'),
(8, 'User', '#', 'fa fa-user', 1, '5', 1, '2015-10-06 09:10:05', '2015-10-16 09:17:20'),
(9, 'Forwarded Reports', '/reports/forwarded', 'fa fa-send', 1, '3', 2, '2015-10-06 12:46:18', '2015-10-19 08:02:37'),
(10, 'Executives', '#', 'fa fa-briefcase', 1, '1', 1, '2015-10-16 09:17:20', '2015-10-16 09:17:20'),
(11, 'Legislators', '#', 'fa fa-group', 1, '2', 1, '2015-10-16 09:17:20', '2015-10-16 09:22:05'),
(12, 'Pledge Menus', '#', 'fa fa-gears', 1, '4', 1, '2015-10-16 12:44:54', '2015-10-16 12:45:17'),
(13, 'Approved Reports', '/reports/approved', 'fa fa-check', 1, '5', 2, '2015-10-22 06:57:10', '2015-10-22 06:57:10');

-- --------------------------------------------------------

--
-- Table structure for table `menus`
--

CREATE TABLE IF NOT EXISTS `menus` (
  `menu_id` int(10) unsigned NOT NULL AUTO_INCREMENT,
  `menu` varchar(150) COLLATE utf8_unicode_ci NOT NULL,
  `menu_url` varchar(150) COLLATE utf8_unicode_ci DEFAULT NULL,
  `active` int(10) unsigned NOT NULL DEFAULT '1',
  `sequence` int(10) unsigned NOT NULL,
  `icon` varchar(255) COLLATE utf8_unicode_ci NOT NULL,
  `created_at` timestamp NOT NULL DEFAULT '0000-00-00 00:00:00',
  `updated_at` timestamp NOT NULL DEFAULT '0000-00-00 00:00:00',
  PRIMARY KEY (`menu_id`)
) ENGINE=InnoDB  DEFAULT CHARSET=utf8 COLLATE=utf8_unicode_ci AUTO_INCREMENT=4 ;

--
-- Dumping data for table `menus`
--

INSERT INTO `menus` (`menu_id`, `menu`, `menu_url`, `active`, `sequence`, `icon`, `created_at`, `updated_at`) VALUES
(1, 'Master Records', '#', 1, 20, 'fa fa-gears', '2015-10-05 14:34:07', '2015-10-05 14:34:07'),
(2, 'Reports', '#', 1, 2, 'fa fa-folder-open-o', '2015-10-05 14:54:57', '2015-10-05 14:54:57'),
(3, 'Profile', '#', 1, 1, 'fa fa-users', '2015-10-06 08:14:40', '2015-10-06 08:14:40');

-- --------------------------------------------------------

--
-- Table structure for table `migrations`
--

CREATE TABLE IF NOT EXISTS `migrations` (
  `migration` varchar(255) COLLATE utf8_unicode_ci NOT NULL,
  `batch` int(11) NOT NULL
) ENGINE=InnoDB DEFAULT CHARSET=utf8 COLLATE=utf8_unicode_ci;

--
-- Dumping data for table `migrations`
--

INSERT INTO `migrations` (`migration`, `batch`) VALUES
('2014_10_12_000000_create_users_table', 1),
('2015_10_03_120301_create_states_table', 1),
('2015_10_03_120358_create_lgas_table', 1),
('2015_10_03_151340_create_api_keys_table', 2),
('2015_10_05_102133_create_sectors_table', 2),
('2015_10_05_102229_create_reports_table', 2),
('2015_10_05_104757_create_mobile_users_table', 2),
('2015_10_05_143006_create_salutations_table', 3),
('2015_10_05_145044_create_menus_table', 3),
('2015_10_05_145137_create_menu_items_table', 3),
('2015_10_05_145227_create_sub_menu_items_table', 3),
('2015_10_06_100422_create_user_types_table', 3),
('2015_10_06_122236_create_report_images_table', 4),
('2015_10_12_142806_create_report_sectors_users', 4),
('2015_10_12_142841_create_report_states_users', 4),
('2015_10_16_094851_create_organisations_table', 4),
('2015_10_16_094925_create_organisation_heads_table', 4),
('2015_10_16_131743_create_pledge_menus_table', 5),
('2015_10_16_131811_create_pledge_menu_items_table', 5),
('2015_10_16_131837_create_pledge_sub_menu_items_table', 5),
('2015_10_19_082400_create_government_reports', 6),
('2015_10_21_075430_create_status_table', 6),
('2015_10_23_075708_create_locations_table', 7);

-- --------------------------------------------------------

--
-- Table structure for table `mobile_users`
--

CREATE TABLE IF NOT EXISTS `mobile_users` (
  `mobile_user_id` int(10) unsigned NOT NULL AUTO_INCREMENT,
  `first_name` varchar(255) COLLATE utf8_unicode_ci NOT NULL,
  `last_name` varchar(255) COLLATE utf8_unicode_ci NOT NULL,
  `gender` varchar(255) COLLATE utf8_unicode_ci NOT NULL,
  `email` varchar(255) COLLATE utf8_unicode_ci NOT NULL,
  `mobile` varchar(255) COLLATE utf8_unicode_ci DEFAULT NULL,
  `lga_id` int(10) unsigned NOT NULL,
  `avatar` varchar(255) COLLATE utf8_unicode_ci DEFAULT NULL,
  `token` varchar(255) COLLATE utf8_unicode_ci NOT NULL,
  `created_at` timestamp NOT NULL DEFAULT '0000-00-00 00:00:00',
  `updated_at` timestamp NOT NULL DEFAULT '0000-00-00 00:00:00',
  PRIMARY KEY (`mobile_user_id`),
  UNIQUE KEY `mobile_users_email_unique` (`email`),
  KEY `mobile_users_lga_id_index` (`lga_id`)
) ENGINE=InnoDB  DEFAULT CHARSET=utf8 COLLATE=utf8_unicode_ci AUTO_INCREMENT=58 ;

--
-- Dumping data for table `mobile_users`
--

INSERT INTO `mobile_users` (`mobile_user_id`, `first_name`, `last_name`, `gender`, `email`, `mobile`, `lga_id`, `avatar`, `token`, `created_at`, `updated_at`) VALUES
(1, 'Ben', 'Ikeji', 'Male', 'benjaminikeji@gmail.com', '08035673792', 7, '', 'f3255bb0-6b47-11e5-801f-f93630412350', '2015-10-06 08:51:30', '2015-10-08 04:43:40'),
(2, 'Benjamin', 'Chinaka', 'Male', 'kheengz@gmail.com', '08030734377', 125, '', '626be150-6b49-11e5-801f-f93630412350', '2015-10-06 08:51:30', '2015-10-08 04:43:46'),
(3, 'Emmanuel', 'Okafor', 'Male', 'nondefyde@gmail.com', '08061537723', 0, '', 'aa2c0d20-6c08-11e5-bd01-51db441c6401', '2015-10-06 08:51:30', '2015-10-06 08:51:30'),
(4, 'Maazi', 'Joker', 'Female', 'chinonso@gmail.com', '08061537723', 0, '', 'e972c820-6c08-11e5-9670-472a8d27598f', '2015-10-06 08:51:30', '2015-10-06 08:51:30'),
(5, 'Meshack', 'Timothy', 'Female', 'timothymeshack@gmail.com', '08012345678', 0, '', '3f9304d0-6c19-11e5-8f40-f9a3a87d648e', '2015-10-06 09:59:00', '2015-10-06 09:59:00'),
(6, 'Aniekan', 'Meshack', 'Male', 'abah@gmail.com', '08034567654', 0, '', '251f4360-6c1f-11e5-96ca-85e0491f4ec2', '2015-10-06 10:41:12', '2015-10-06 10:41:12'),
(7, 'Emmanuel', 'Adams', 'Male', 'emmanueladams@gmail.com', '08166655234', 0, '', '92dffd30-6ced-11e5-a214-bb90dd839f8e', '2015-10-07 07:18:53', '2015-10-07 07:18:53'),
(8, 'KayOh', 'China', 'male', 'kheengz6@gmail.com', '08030734377', 0, '', '3d46ecb0-6cef-11e5-a214-bb90dd839f8e', '2015-10-07 07:30:48', '2015-10-07 07:30:48'),
(9, 'Adamu', 'Adams', 'Male', 'emmanueladamu@gmail.com', '08166655234', 0, '', 'b6fd2130-6d28-11e5-abd4-fd5c16255bf6', '2015-10-07 14:22:14', '2015-10-07 14:22:14'),
(10, 'Oche', 'Adikwu', 'Male', 'adikwuoche@gmail.com', '08060524005', 0, '', '9aaaa6f0-6d29-11e5-be39-89bdce11aca3', '2015-10-07 13:28:36', '2015-10-07 13:28:36'),
(11, 'Olosho', 'Micheal', 'Male', 'benjamin4mic@yahoo.com', '08134006523', 0, '', '1ac84380-6dd2-11e5-9d0e-f9670a0073b4', '2015-10-08 03:34:46', '2015-10-08 03:52:49'),
(12, 'Mobile', 'Freal', 'Male', 'lala@yahoo.com', '08123458592', 0, '', '3cd59830-76fe-11e5-956e-655e3168738e', '2015-10-20 14:43:21', '2015-10-20 14:43:21'),
(13, 'erubu@yahoo.com', 'erubu@yahoo.com', 'erubu@yahoo.com', 'erubu@yahoo.com', 'erubu@yahoo.com', 0, '', 'a6d4c0c0-7709-11e5-b251-19c08eddb650', '2015-10-20 16:05:04', '2015-10-20 16:05:04'),
(20, 'Olarewanju', 'Erubu', 'Male', 'pleralee@yahoo.com', '+2348176488661', 0, '', '52849e70-7720-11e5-9f49-57b21df508fd', '2015-10-20 18:47:21', '2015-10-20 18:47:21'),
(21, 'Richard', 'Awoseyin', 'Male', 'rawoseyin@gmail.com', '+2348037253034', 0, '', '5ae21420-7721-11e5-9f49-57b21df508fd', '2015-10-20 18:54:44', '2015-10-20 18:54:44'),
(25, 'Lallalalak', 'manollee', 'Male', 'leslie@yahoo.com', '+2348176488661', 0, '', 'a2bf8350-788d-11e5-9150-adaa50b322b2', '2015-10-22 14:22:22', '2015-10-22 14:22:22'),
(32, 'Taiwo', 'Awoniyi', 'Male', 'awonniyi@yahoo.com', '+2348176488661', 0, '', 'c15d2740-78a6-11e5-98c3-63fee25abe83', '2015-10-22 17:22:10', '2015-10-22 17:22:10'),
(38, 'Teila', 'leileee', 'Female', 'baronlee@yahoo.com', '+2348139494632', 0, '', 'f44615d0-78ac-11e5-98c3-63fee25abe83', '2015-10-22 18:06:33', '2015-10-22 18:06:33'),
(40, 'Emmanuel', 'Adikwu', 'Male', 'tenthmay@gmail.com', '08060524005', 0, '', 'f2b0c340-7b32-11e5-9487-95ed7b3dab56', '2015-10-25 12:10:45', '2015-10-25 12:10:45'),
(41, 'Kelvin', 'Omede', 'Male', 'eneojo@gmail.com', '08060524005', 0, '', 'abc23080-7b3d-11e5-8734-0b353903411b', '2015-10-25 13:27:30', '2015-10-25 13:27:30'),
(43, 'Mobile', 'Frealla', 'Male', 'lalali@yahoo.com', '08123458992', 0, '', '4ee94370-7cab-11e5-aa8f-3f41e08c9832', '2015-10-27 08:04:50', '2015-10-27 08:04:50'),
(46, 'Mobile', 'Frealla', 'Male', 'lalai@yahoo.com', '08123458992', 0, '', '4c2d9620-7cbc-11e5-86c2-0d97a96314bc', '2015-10-27 10:06:27', '2015-10-27 10:06:27');

-- --------------------------------------------------------

--
-- Table structure for table `organisation_heads`
--

CREATE TABLE IF NOT EXISTS `organisation_heads` (
  `organisation_head_id` int(10) unsigned NOT NULL AUTO_INCREMENT,
  `parent_user_id` int(10) unsigned NOT NULL,
  `child_user_id` int(10) unsigned NOT NULL,
  `state_id` int(10) unsigned NOT NULL,
  `created_at` timestamp NOT NULL DEFAULT '0000-00-00 00:00:00',
  `updated_at` timestamp NOT NULL DEFAULT '0000-00-00 00:00:00',
  PRIMARY KEY (`organisation_head_id`),
  KEY `organisation_heads_parent_user_id_index` (`parent_user_id`),
  KEY `organisation_heads_child_user_id_index` (`child_user_id`),
  KEY `organisation_heads_state_id_index` (`state_id`)
) ENGINE=InnoDB  DEFAULT CHARSET=utf8 COLLATE=utf8_unicode_ci AUTO_INCREMENT=2 ;

--
-- Dumping data for table `organisation_heads`
--

INSERT INTO `organisation_heads` (`organisation_head_id`, `parent_user_id`, `child_user_id`, `state_id`, `created_at`, `updated_at`) VALUES
(1, 6, 7, 1, '2015-10-16 14:32:21', '2015-10-16 14:32:21');

-- --------------------------------------------------------

--
-- Table structure for table `organisations`
--

CREATE TABLE IF NOT EXISTS `organisations` (
  `organisation_id` int(10) unsigned NOT NULL AUTO_INCREMENT,
  `name` varchar(255) COLLATE utf8_unicode_ci NOT NULL,
  `cac_registration_no` varchar(255) COLLATE utf8_unicode_ci DEFAULT NULL,
  `address` varchar(255) COLLATE utf8_unicode_ci NOT NULL,
  `email` varchar(255) COLLATE utf8_unicode_ci DEFAULT NULL,
  `phone_no` varchar(255) COLLATE utf8_unicode_ci DEFAULT NULL,
  `description` varchar(255) COLLATE utf8_unicode_ci DEFAULT NULL,
  `logo_url` varchar(255) COLLATE utf8_unicode_ci DEFAULT NULL,
  `responsibility` varchar(255) COLLATE utf8_unicode_ci DEFAULT NULL,
  `sector_id` int(10) unsigned NOT NULL,
  `lga_id` int(10) unsigned NOT NULL,
  `organisation_head_id` int(10) unsigned NOT NULL,
  `user_id` int(10) unsigned NOT NULL,
  `created_at` timestamp NOT NULL DEFAULT '0000-00-00 00:00:00',
  `updated_at` timestamp NOT NULL DEFAULT '0000-00-00 00:00:00',
  PRIMARY KEY (`organisation_id`),
  KEY `organisations_sector_id_index` (`sector_id`),
  KEY `organisations_lga_id_index` (`lga_id`),
  KEY `organisations_organisation_head_id_index` (`organisation_head_id`),
  KEY `organisations_user_id_index` (`user_id`)
) ENGINE=InnoDB  DEFAULT CHARSET=utf8 COLLATE=utf8_unicode_ci AUTO_INCREMENT=2 ;

--
-- Dumping data for table `organisations`
--

INSERT INTO `organisations` (`organisation_id`, `name`, `cac_registration_no`, `address`, `email`, `phone_no`, `description`, `logo_url`, `responsibility`, `sector_id`, `lga_id`, `organisation_head_id`, `user_id`, `created_at`, `updated_at`) VALUES
(1, 'Ministry of Youth and Sports', 'TAC849439004', 'Ministry of Youth and Sports', 'youthandsports@gmail.com', '', 'Ministry of Youth and Sports', NULL, 'Ministry of Youth and Sports', 4, 642, 7, 3, '2015-10-16 14:44:27', '2015-10-19 06:54:46');

-- --------------------------------------------------------

--
-- Table structure for table `pledge_menu_items`
--

CREATE TABLE IF NOT EXISTS `pledge_menu_items` (
  `pledge_menu_item_id` int(10) unsigned NOT NULL AUTO_INCREMENT,
  `pledge_menu_item` varchar(150) COLLATE utf8_unicode_ci NOT NULL,
  `pledge_menu_item_url` varchar(150) COLLATE utf8_unicode_ci NOT NULL,
  `pledge_menu_item_icon` varchar(100) COLLATE utf8_unicode_ci NOT NULL,
  `active` int(10) unsigned NOT NULL DEFAULT '1',
  `sequence` varchar(255) COLLATE utf8_unicode_ci NOT NULL,
  `pledge_menu_id` int(10) unsigned NOT NULL,
  `created_at` timestamp NOT NULL DEFAULT '0000-00-00 00:00:00',
  `updated_at` timestamp NOT NULL DEFAULT '0000-00-00 00:00:00',
  PRIMARY KEY (`pledge_menu_item_id`),
  KEY `pledge_menu_items_pledge_menu_id_index` (`pledge_menu_id`)
) ENGINE=InnoDB  DEFAULT CHARSET=utf8 COLLATE=utf8_unicode_ci AUTO_INCREMENT=11 ;

--
-- Dumping data for table `pledge_menu_items`
--

INSERT INTO `pledge_menu_items` (`pledge_menu_item_id`, `pledge_menu_item`, `pledge_menu_item_url`, `pledge_menu_item_icon`, `active`, `sequence`, `pledge_menu_id`, `created_at`, `updated_at`) VALUES
(1, 'View Profile', '/profiles', 'fa fa-eye', 1, '1', 1, '2015-10-16 12:29:23', '2015-10-16 12:29:23'),
(2, 'Edit Profile', '/profiles/edit', 'fa fa-edit', 1, '2', 1, '2015-10-16 12:29:23', '2015-10-16 12:29:23'),
(3, 'Manage Reports', '/reports', 'fa fa-list-alt', 1, '1', 2, '2015-10-16 12:37:51', '2015-10-21 11:47:07'),
(4, 'Pending Reports', '/reports/pending', 'fa fa-send', 1, '3', 2, '2015-10-16 12:37:51', '2015-10-22 06:55:40'),
(5, 'Approved Reports', '/reports/approved', 'fa fa-check', 1, '4', 2, '2015-10-16 12:37:51', '2015-10-22 06:54:55'),
(6, 'Manage ', '/organisations', 'fa fa-list-alt', 1, '1', 3, '2015-10-16 12:54:44', '2015-10-16 12:54:44'),
(7, 'Create', '/organisations/create', 'fa fa-plus', 1, '2', 3, '2015-10-16 12:54:44', '2015-10-16 12:54:44'),
(8, 'Organization Heads', '#', 'fa fa-user', 1, '3', 3, '2015-10-16 12:54:44', '2015-10-16 12:54:44'),
(9, 'Archived Reports', '/reports/archived', 'fa fa-file-archive-o', 1, '5', 2, '2015-10-21 07:19:46', '2015-10-21 10:29:53'),
(10, 'Recent Reports', '/reports/recent', 'fa fa-clock-o', 1, '2', 2, '2015-10-21 10:29:53', '2015-10-21 11:47:08');

-- --------------------------------------------------------

--
-- Table structure for table `pledge_menus`
--

CREATE TABLE IF NOT EXISTS `pledge_menus` (
  `pledge_menu_id` int(10) unsigned NOT NULL AUTO_INCREMENT,
  `pledge_menu` varchar(150) COLLATE utf8_unicode_ci NOT NULL,
  `pledge_menu_url` varchar(150) COLLATE utf8_unicode_ci DEFAULT NULL,
  `pledge_icon` varchar(255) COLLATE utf8_unicode_ci NOT NULL,
  `active` int(10) unsigned NOT NULL DEFAULT '1',
  `sequence` int(10) unsigned NOT NULL,
  `created_at` timestamp NOT NULL DEFAULT '0000-00-00 00:00:00',
  `updated_at` timestamp NOT NULL DEFAULT '0000-00-00 00:00:00',
  PRIMARY KEY (`pledge_menu_id`)
) ENGINE=InnoDB  DEFAULT CHARSET=utf8 COLLATE=utf8_unicode_ci AUTO_INCREMENT=4 ;

--
-- Dumping data for table `pledge_menus`
--

INSERT INTO `pledge_menus` (`pledge_menu_id`, `pledge_menu`, `pledge_menu_url`, `pledge_icon`, `active`, `sequence`, `created_at`, `updated_at`) VALUES
(1, 'Profile', '#', 'fa fa-users', 1, 1, '2015-10-16 12:12:05', '2015-10-16 12:12:05'),
(2, 'Reports', '#', 'fa fa-folder-open-o', 1, 2, '2015-10-16 12:12:05', '2015-10-16 12:12:05'),
(3, 'Organizations', '#', 'fa fa-table', 1, 4, '2015-10-16 12:52:56', '2015-10-16 12:57:42');

-- --------------------------------------------------------

--
-- Table structure for table `pledge_sub_menu_items`
--

CREATE TABLE IF NOT EXISTS `pledge_sub_menu_items` (
  `pledge_sub_menu_item_id` int(10) unsigned NOT NULL AUTO_INCREMENT,
  `pledge_sub_menu_item` varchar(150) COLLATE utf8_unicode_ci NOT NULL,
  `pledge_sub_menu_item_url` varchar(150) COLLATE utf8_unicode_ci NOT NULL,
  `pledge_sub_menu_item_icon` varchar(100) COLLATE utf8_unicode_ci NOT NULL,
  `active` int(10) unsigned NOT NULL DEFAULT '1',
  `sequence` varchar(255) COLLATE utf8_unicode_ci NOT NULL,
  `pledge_menu_item_id` int(10) unsigned NOT NULL,
  `created_at` timestamp NOT NULL DEFAULT '0000-00-00 00:00:00',
  `updated_at` timestamp NOT NULL DEFAULT '0000-00-00 00:00:00',
  PRIMARY KEY (`pledge_sub_menu_item_id`),
  KEY `pledge_sub_menu_items_pledge_menu_item_id_index` (`pledge_menu_item_id`)
) ENGINE=InnoDB  DEFAULT CHARSET=utf8 COLLATE=utf8_unicode_ci AUTO_INCREMENT=3 ;

--
-- Dumping data for table `pledge_sub_menu_items`
--

INSERT INTO `pledge_sub_menu_items` (`pledge_sub_menu_item_id`, `pledge_sub_menu_item`, `pledge_sub_menu_item_url`, `pledge_sub_menu_item_icon`, `active`, `sequence`, `pledge_menu_item_id`, `created_at`, `updated_at`) VALUES
(1, 'Manage', '/organisation-heads', 'fa fa-table', 1, '1', 8, '2015-10-16 12:55:54', '2015-10-16 12:57:26'),
(2, 'Create', '/organisation-heads/create', 'fa fa-plus', 1, '2', 8, '2015-10-16 12:55:54', '2015-10-16 12:55:54');

-- --------------------------------------------------------

--
-- Table structure for table `report_sectors_users`
--

CREATE TABLE IF NOT EXISTS `report_sectors_users` (
  `sector_id` int(10) unsigned NOT NULL,
  `user_id` int(10) unsigned NOT NULL,
  KEY `report_sectors_users_sector_id_index` (`sector_id`),
  KEY `report_sectors_users_user_id_index` (`user_id`)
) ENGINE=InnoDB DEFAULT CHARSET=utf8 COLLATE=utf8_unicode_ci;

--
-- Dumping data for table `report_sectors_users`
--

INSERT INTO `report_sectors_users` (`sector_id`, `user_id`) VALUES
(4, 1),
(3, 1),
(2, 1),
(1, 1),
(3, 2),
(1, 2),
(5, 1),
(4, 4),
(2, 4),
(5, 5),
(9, 1),
(8, 1),
(6, 1),
(7, 1),
(10, 1),
(11, 1),
(4, 6),
(8, 6),
(5, 6),
(11, 6),
(2, 2),
(7, 2),
(3, 5),
(4, 5),
(10, 5),
(9, 5),
(2, 5),
(8, 5),
(1, 5),
(6, 5),
(11, 5),
(7, 5);

-- --------------------------------------------------------

--
-- Table structure for table `report_states_users`
--

CREATE TABLE IF NOT EXISTS `report_states_users` (
  `state_id` int(10) unsigned NOT NULL,
  `user_id` int(10) unsigned NOT NULL,
  KEY `report_states_users_state_id_index` (`state_id`),
  KEY `report_states_users_user_id_index` (`user_id`)
) ENGINE=InnoDB DEFAULT CHARSET=utf8 COLLATE=utf8_unicode_ci;

--
-- Dumping data for table `report_states_users`
--

INSERT INTO `report_states_users` (`state_id`, `user_id`) VALUES
(1, 1),
(2, 1),
(3, 1),
(4, 1),
(5, 1),
(6, 1),
(7, 1),
(8, 1),
(9, 1),
(10, 1),
(11, 1),
(12, 1),
(13, 1),
(14, 1),
(15, 1),
(16, 1),
(17, 1),
(18, 1),
(19, 1),
(20, 1),
(21, 1),
(22, 1),
(23, 1),
(24, 1),
(25, 1),
(26, 1),
(27, 1),
(28, 1),
(29, 1),
(30, 1),
(31, 1),
(32, 1),
(33, 1),
(34, 1),
(35, 1),
(36, 1),
(37, 1),
(4, 6),
(5, 6),
(6, 6),
(6, 3),
(27, 3),
(30, 3),
(32, 5);

-- --------------------------------------------------------

--
-- Table structure for table `reports`
--

CREATE TABLE IF NOT EXISTS `reports` (
  `report_id` int(10) unsigned NOT NULL AUTO_INCREMENT,
  `title` varchar(255) COLLATE utf8_unicode_ci NOT NULL,
  `description` varchar(255) COLLATE utf8_unicode_ci DEFAULT NULL,
  `report_time` timestamp NOT NULL DEFAULT '0000-00-00 00:00:00',
  `forward` int(11) NOT NULL DEFAULT '0',
  `archive` int(11) NOT NULL DEFAULT '0',
  `notification` int(11) NOT NULL DEFAULT '0',
  `sector_id` int(10) unsigned NOT NULL,
  `mobile_user_id` int(10) unsigned NOT NULL,
  `state_id` int(10) unsigned NOT NULL,
  `location_id` int(10) unsigned NOT NULL,
  `created_at` timestamp NOT NULL DEFAULT '0000-00-00 00:00:00',
  `updated_at` timestamp NOT NULL DEFAULT '0000-00-00 00:00:00',
  PRIMARY KEY (`report_id`),
  KEY `reports_sector_id_index` (`sector_id`),
  KEY `reports_user_id_index` (`mobile_user_id`),
  KEY `reports_location_id_index` (`location_id`),
  KEY `state_id` (`state_id`)
) ENGINE=InnoDB  DEFAULT CHARSET=utf8 COLLATE=utf8_unicode_ci AUTO_INCREMENT=134 ;

--
-- Dumping data for table `reports`
--

INSERT INTO `reports` (`report_id`, `title`, `description`, `report_time`, `forward`, `archive`, `notification`, `sector_id`, `mobile_user_id`, `state_id`, `location_id`, `created_at`, `updated_at`) VALUES
(1, 'Broke Pipeline', 'There is a broken pipeline along Nnewi road close to Basinga hotel. The thing is causing too much oil spill and there is fear of explosion', '2015-10-07 23:00:00', 1, 0, 0, 1, 7, 32, 0, '2015-10-14 07:35:21', '2015-10-19 08:56:36'),
(2, 'Damaged Hospital', 'There is a damaged hospital. This is preventing people from getting the necessary treatment needed', '2015-10-04 23:00:00', 1, 0, 0, 2, 1, 36, 0, '2015-10-14 07:37:48', '2015-10-14 07:37:48'),
(3, 'Rioting in School', 'Riot outbreak in Ododo High School where students are beating teahers', '2015-09-29 23:00:00', 1, 0, 0, 3, 4, 30, 0, '2015-10-14 07:42:53', '2015-10-22 06:57:48'),
(4, 'Junction Destruction', 'Broken down junction overturn that is preventing people from sitting down at the junction to the other places of the junction so that the junction will not be able to be a junction for the rest part of the junction.', '2015-09-27 23:00:00', 1, 0, 0, 7, 8, 6, 0, '2015-10-14 08:50:41', '2015-10-19 11:33:59'),
(5, 'Huge Pot Hole', 'There is a huge pot hole blocking the residents of Nnewi land, preventing free flow of transportation', '2015-09-07 23:00:00', 1, 0, 1, 7, 6, 35, 0, '2015-10-14 08:52:25', '2015-10-19 15:39:43'),
(6, 'Collapsed Building', 'There is a collapsed story building near 24street road. There seems to be a lot of individuals trapped inside', '2015-08-31 23:00:00', 1, 0, 0, 8, 2, 25, 0, '2015-10-14 08:57:15', '2015-10-22 08:18:29'),
(7, 'Overflood', 'There is overflooding in Leki beach. There is a lot of damaged property and people struggling to survive the situation.', '2015-08-10 23:00:00', 0, 0, 0, 7, 4, 34, 0, '2015-10-14 09:00:28', '2015-10-14 09:00:28'),
(8, 'Release of zoo animals', 'The lion cage has been left open mistakenly and there are alot of animals running all around. The streets are not safe', '2015-08-03 23:00:00', 0, 0, 0, 2, 6, 37, 0, '2015-10-14 09:03:58', '2015-10-14 09:03:58'),
(9, 'Destroyed Bridge', 'The Niger-Delta intercontinental bridge has been broken and there are people all around who do not know what to do. Transportation has been halted', '2015-10-06 23:00:00', 0, 0, 0, 7, 9, 27, 0, '2015-10-14 09:05:26', '2015-10-19 15:04:16'),
(10, 'Dead Cattle by River', 'There are dead cattle everywhere in the Lake chad river in borno. for some reason i don''t know all the cattle here are dead beside the river bank. there are about 1000 catle dead', '2015-07-19 23:00:00', 0, 0, 0, 2, 5, 8, 0, '2015-10-14 09:11:12', '2015-10-19 15:07:33'),
(11, 'Bomb Blast', 'Bomb blast near the place where there was a bomb blast. Dont wish this to happen at all because we want peace in the nation', '2015-08-03 23:00:00', 0, 0, 0, 6, 3, 29, 0, '2015-10-14 09:13:50', '2015-10-19 15:06:27'),
(12, 'Broken Tree branch', 'There is a broken tree branch that is blocking the whole area in the region', '2015-06-07 23:00:00', 1, 0, 0, 4, 6, 27, 0, '2015-10-14 09:16:34', '2015-10-22 07:18:48'),
(13, 'Wild Fire', 'Wild fire broke out in the western river region where the green grass was not able to be contained in the location of the other place', '2015-07-05 23:00:00', 0, 0, 0, 8, 8, 34, 0, '2015-10-14 09:18:41', '2015-10-14 09:18:41'),
(14, 'Dirty Dam', 'The sushisi dam has been dirty and been a site of pollution for more than 15 years. This is the only source of water for people', '2015-07-06 23:00:00', 0, 0, 0, 2, 7, 31, 0, '2015-10-14 09:42:40', '2015-10-14 09:42:40'),
(15, 'Terminus Market ', 'The terminus market place once considered the heart of the north has been long neglected for nearly 10years now since the bombings that took place in 2005.', '2015-10-11 23:00:00', 0, 0, 0, 9, 4, 32, 0, '2015-10-14 09:44:48', '2015-10-14 09:44:48'),
(16, 'Idowu Musical Theatre', 'The musical instrument center is less of a thing of the past as the thing doesn''t want to be constructed to bring about the real deal of the other real deals', '2015-08-17 23:00:00', 0, 0, 0, 3, 8, 32, 0, '2015-10-14 09:58:39', '2015-10-14 09:58:39'),
(17, 'Underdeveloped sports center', 'The international sports center for the club federation is something that has to do with the educational sector and other sectors that i''m not aware of in that case so do something about it', '2015-09-21 23:00:00', 0, 0, 0, 8, 1, 37, 0, '2015-10-14 10:02:14', '2015-10-19 15:06:44'),
(18, 'Blown out  streetlights', 'The street lights along ramp pang road in the middle of no where are still not in utilization till this moment. They cause accidents everywhere', '2015-06-27 23:00:00', 0, 0, 0, 1, 4, 32, 0, '2015-10-14 11:48:00', '2015-10-19 15:03:02'),
(19, 'No streetlights', 'There are no streetlights across the whole country from the ajucamikiti junction to the other junction of the road where the people can actually drive at night. this causes accidents in the highest order to the community and we request that you can highly', '2015-09-27 23:00:00', 0, 0, 0, 1, 10, 32, 0, '2015-10-14 12:01:16', '2015-10-19 15:07:19'),
(20, 'Destroyed Tarmac', 'The Nnamdi Azikiwe airport has a destoyed tarmac that doesn''t work when airplanes do drive throughs. as a result there have been alot of delayed flights y the community and the other people have also been having issues with the whole situation of that fli', '2015-09-28 23:00:00', 0, 0, 0, 10, 2, 27, 0, '2015-10-14 12:04:34', '2015-10-19 15:06:59'),
(21, 'Poor state of taxis ', 'The independent commission on local government taxi taking places is that one of which one cannot really say really what is wrong with the taxi people and as such cannot blame anyone for the issue that the taxis don''t have ac. see to it', '2015-09-26 23:00:00', 0, 0, 0, 11, 3, 36, 0, '2015-10-14 12:08:09', '2015-10-19 14:34:00'),
(22, 'Iloffa Park Inoperative', 'The iloffa international national park is inoperative and has been for more than 20years. There is need for the government to look into this so as to enable proper movement of people from one state to another and stop stressing indigenes and corps members', '2015-08-10 23:00:00', 0, 0, 0, 11, 1, 24, 0, '2015-10-14 12:27:51', '2015-10-19 14:34:32'),
(23, 'Destroyed Car park', 'The jabbi car park in the Abuja area sister for the people and now the thing doesn''t change for anything at all', '2015-07-06 23:00:00', 0, 0, 0, 11, 3, 32, 0, '2015-10-14 13:34:51', '2015-10-19 14:30:40'),
(24, 'School Reconstruction', 'There have been several schools in the other place where there is no school for anything else and when the problem is other there', '2015-08-03 23:00:00', 0, 0, 0, 3, 1, 36, 0, '2015-10-14 13:36:25', '2015-10-19 14:37:07'),
(25, 'Odduduwa Market stands', 'as a result of the reconstruction of the whole market force, the oduduwa market has lost every single thing that made it unique in aspects of other things as i don''t know what that even means but they say help is required', '2015-07-05 23:00:00', 0, 0, 0, 9, 9, 31, 0, '2015-10-14 13:41:34', '2015-10-19 14:35:07'),
(26, 'Desolate Computer Center', 'The computer center of the lokoja kiniko is now in an archaic state because no one  has actually decided to let go of the whole situation and decided that they are not going to do anything else new to the place so they have now said that they are in need ', '2015-08-03 23:00:00', 0, 0, 0, 5, 2, 36, 0, '2015-10-14 13:43:56', '2015-10-19 13:45:03'),
(27, 'Test Report here', 'Test report with improved API', '2015-10-25 14:34:52', 0, 0, 0, 4, 1, 3, 10, '2015-10-25 14:34:52', '2015-10-25 14:34:52'),
(28, 'Test Report here', 'Test report with improved API', '2015-10-25 16:48:57', 0, 0, 0, 4, 1, 3, 11, '2015-10-25 16:48:58', '2015-10-25 16:48:58'),
(29, 'Test Report here', 'Test report with improved API', '2015-10-25 17:08:14', 0, 0, 0, 4, 1, 3, 12, '2015-10-25 17:08:15', '2015-10-25 17:08:15'),
(30, 'Test Report here', 'Test report with improved API', '2015-10-25 17:10:57', 0, 0, 0, 4, 1, 3, 13, '2015-10-25 17:10:57', '2015-10-25 17:10:57'),
(31, 'Test Report here', 'Test report with improved API', '2015-10-25 17:12:56', 0, 0, 0, 4, 1, 3, 14, '2015-10-25 17:12:56', '2015-10-25 17:12:56'),
(32, 'Test Report here', 'Test report with improved API', '2015-10-25 17:14:51', 0, 0, 0, 4, 1, 3, 15, '2015-10-25 17:14:51', '2015-10-25 17:14:51'),
(33, 'Test Report here', 'Test report with improved API', '2015-10-25 17:16:50', 0, 0, 0, 4, 1, 3, 16, '2015-10-25 17:16:50', '2015-10-25 17:16:50'),
(34, 'Test Report here', 'Test report with improved API', '2015-10-25 17:17:32', 0, 0, 0, 4, 1, 3, 17, '2015-10-25 17:17:33', '2015-10-25 17:17:33'),
(35, 'Test Report here', 'Test report with improved API', '2015-10-25 17:19:31', 0, 0, 0, 4, 1, 3, 18, '2015-10-25 17:19:32', '2015-10-25 17:19:32'),
(36, 'Test Report here', 'Test report with improved API', '2015-10-25 17:21:50', 0, 0, 0, 4, 1, 3, 19, '2015-10-25 17:21:50', '2015-10-25 17:21:50'),
(37, 'Test Report here', 'Test report with improved API', '2015-10-25 17:24:48', 0, 0, 0, 4, 1, 3, 20, '2015-10-25 17:24:49', '2015-10-25 17:24:49'),
(38, 'Test Report here', 'Test report with improved API', '2015-10-25 17:27:29', 0, 0, 0, 4, 1, 3, 21, '2015-10-25 17:27:29', '2015-10-25 17:27:29'),
(39, 'Test Report here', 'Test report with improved API', '2015-10-25 17:28:26', 0, 0, 0, 4, 1, 3, 22, '2015-10-25 17:28:27', '2015-10-25 17:28:27'),
(40, 'Test Report here', 'Test report with improved API', '2015-10-26 17:46:18', 0, 0, 0, 4, 1, 3, 23, '2015-10-26 17:46:18', '2015-10-26 17:46:18'),
(41, 'Online report test', 'This is an online report test', '2015-10-26 17:12:07', 0, 0, 0, 4, 2, 3, 24, '2015-10-26 17:12:07', '2015-10-26 17:12:07'),
(42, 'xxxxxxxxxxxxxxxxxxxxxx', 'male nfnfnfn nfnfn', '2015-10-26 17:21:28', 0, 0, 0, 9, 3, 4, 25, '2015-10-26 17:21:28', '2015-10-26 17:21:28'),
(43, 'Mobile api test report three', 'just a test description', '2015-10-26 08:51:30', 0, 0, 0, 3, 38, 2, 26, '2015-10-26 17:52:20', '2015-10-26 17:52:20'),
(44, 'Mobile api test report four', 'just a test description', '2015-10-27 08:51:30', 0, 0, 0, 3, 37, 2, 27, '2015-10-27 08:17:32', '2015-10-27 08:17:32'),
(45, 'Mobile api test report four', 'just a test description', '2015-10-27 08:51:30', 0, 0, 0, 3, 37, 2, 28, '2015-10-27 08:30:22', '2015-10-27 08:30:22'),
(46, 'Mobile api test report four', 'just a test description', '2015-10-27 08:51:30', 0, 0, 0, 3, 37, 2, 29, '2015-10-27 09:25:37', '2015-10-27 09:25:37'),
(47, 'Mobile api test report four', 'just a test description', '2015-10-27 08:51:30', 0, 0, 0, 3, 37, 2, 30, '2015-10-27 09:26:24', '2015-10-27 09:26:24'),
(48, 'Mobile api test report four', 'just a test description', '2015-10-27 08:51:30', 0, 0, 0, 3, 37, 2, 31, '2015-10-27 09:33:06', '2015-10-27 09:33:06'),
(49, 'Online report test', 'This is an online report test', '2015-10-27 10:38:26', 0, 0, 0, 4, 2, 3, 32, '2015-10-27 10:38:26', '2015-10-27 10:38:26'),
(50, 'Online report test', 'This is an online report test', '2015-10-27 09:39:47', 0, 0, 0, 4, 2, 3, 33, '2015-10-27 09:39:47', '2015-10-27 09:39:47'),
(51, 'Mobile api test report four', 'just a test description', '2015-10-27 08:51:30', 0, 0, 0, 3, 37, 2, 34, '2015-10-27 09:40:43', '2015-10-27 09:40:43'),
(52, 'Mobile api test report four', 'just a test description on report four', '2015-10-27 08:51:30', 0, 0, 0, 3, 3, 2, 35, '2015-10-27 09:42:18', '2015-10-27 09:42:18'),
(53, 'Mobile api test report four', 'just a test description on report four', '2015-10-27 08:51:30', 0, 0, 0, 3, 3, 2, 36, '2015-10-27 09:42:51', '2015-10-27 09:42:51'),
(54, 'Mobile api test report four', 'just a test description on report', '2015-10-27 08:51:30', 0, 0, 0, 3, 3, 2, 37, '2015-10-27 09:43:32', '2015-10-27 09:43:32'),
(55, 'Mobile api test report four', 'just a test description', '2015-10-27 08:51:30', 0, 0, 0, 3, 37, 2, 38, '2015-10-27 09:44:54', '2015-10-27 09:44:54'),
(56, 'Mobile api test report four', 'just a test description on report', '2015-10-27 08:51:30', 0, 0, 0, 3, 37, 2, 39, '2015-10-27 09:49:00', '2015-10-27 09:49:00'),
(57, 'Mobile api test report four', 'just a test description on report', '2015-10-27 08:51:30', 0, 0, 0, 3, 48, 2, 40, '2015-10-27 09:52:26', '2015-10-27 09:52:26'),
(58, 'Mobile api test report four', 'just a test description on report', '2015-10-27 08:51:30', 0, 0, 0, 3, 38, 2, 41, '2015-10-27 09:53:00', '2015-10-27 09:53:00'),
(59, 'Mobile api test report four', 'just a test description on report', '2015-10-27 08:51:30', 0, 0, 0, 3, 38, 2, 42, '2015-10-28 18:47:01', '2015-10-28 18:47:01'),
(60, 'Mobile api test report five', 'just a test description on report', '2015-10-27 08:51:30', 0, 0, 0, 3, 3, 2, 43, '2015-10-29 09:19:19', '2015-10-29 09:19:19'),
(61, 'Mobile api test report five', 'just a test description on report', '2015-10-27 08:51:30', 0, 0, 0, 3, 3, 2, 44, '2015-10-29 09:21:41', '2015-10-29 09:21:41'),
(62, 'Mobile api test report five', 'just a test description on report', '2015-10-27 08:51:30', 0, 0, 0, 3, 3, 2, 45, '2015-10-29 09:33:34', '2015-10-29 09:33:34'),
(63, 'broken wall', 'demo report', '2015-10-30 19:11:30', 0, 0, 0, 2, 38, 3, 46, '2015-10-30 19:11:30', '2015-10-30 19:11:30'),
(64, 'broken wall', 'demo report', '2015-10-30 19:12:11', 0, 0, 0, 2, 38, 3, 47, '2015-10-30 19:12:11', '2015-10-30 19:12:11'),
(65, 'broken wall', 'demo report', '2015-10-30 19:12:23', 0, 0, 0, 2, 38, 3, 48, '2015-10-30 19:12:23', '2015-10-30 19:12:23'),
(66, 'broken wall', 'demo report', '2015-10-30 19:12:39', 0, 0, 0, 2, 38, 3, 49, '2015-10-30 19:12:39', '2015-10-30 19:12:39'),
(67, 'broken wall', 'demo report', '2015-10-30 19:12:53', 0, 0, 0, 2, 38, 3, 50, '2015-10-30 19:12:53', '2015-10-30 19:12:53'),
(68, 'broken wall', 'demo report', '2015-10-30 19:13:05', 0, 0, 0, 2, 38, 3, 51, '2015-10-30 19:13:05', '2015-10-30 19:13:05'),
(69, 'broken wall', 'demo report', '2015-10-30 19:13:27', 0, 0, 0, 2, 38, 3, 52, '2015-10-30 19:13:27', '2015-10-30 19:13:27'),
(70, 'broken wall', 'demo report', '2015-10-30 19:13:43', 0, 0, 0, 2, 38, 3, 53, '2015-10-30 19:13:43', '2015-10-30 19:13:43'),
(71, 'broken wall', 'demo report', '2015-10-30 19:13:54', 0, 0, 0, 2, 38, 3, 54, '2015-10-30 19:13:54', '2015-10-30 19:13:54'),
(72, 'broken wall', 'demo report', '2015-10-30 19:14:05', 0, 0, 0, 2, 38, 3, 55, '2015-10-30 19:14:05', '2015-10-30 19:14:05'),
(73, 'broken wall', 'demo report', '2015-10-30 19:14:17', 0, 0, 0, 2, 38, 3, 56, '2015-10-30 19:14:17', '2015-10-30 19:14:17'),
(74, 'broken wall', 'demo report', '2015-10-30 19:14:28', 0, 0, 0, 2, 38, 3, 57, '2015-10-30 19:14:28', '2015-10-30 19:14:28'),
(75, 'broken wall', 'demo report', '2015-10-30 19:14:40', 0, 0, 0, 2, 38, 3, 58, '2015-10-30 19:14:40', '2015-10-30 19:14:40'),
(76, 'broken wall', 'demo report', '2015-10-30 19:18:18', 0, 0, 0, 2, 38, 3, 59, '2015-10-30 19:18:18', '2015-10-30 19:18:18'),
(77, 'broken wall', 'demo report', '2015-10-30 19:18:29', 0, 0, 0, 2, 38, 3, 60, '2015-10-30 19:18:29', '2015-10-30 19:18:29'),
(78, 'broken wall', 'demo report', '2015-10-30 19:18:41', 0, 0, 0, 2, 38, 3, 61, '2015-10-30 19:18:41', '2015-10-30 19:18:41'),
(79, 'broken wall', 'demo report', '2015-10-30 19:18:52', 0, 0, 0, 2, 38, 3, 62, '2015-10-30 19:18:52', '2015-10-30 19:18:52'),
(80, 'broken wall', 'demo report', '2015-10-30 19:19:05', 0, 0, 0, 2, 38, 3, 63, '2015-10-30 19:19:05', '2015-10-30 19:19:05'),
(81, 'broken wall', 'demo report', '2015-10-30 09:23:17', 0, 0, 0, 2, 38, 3, 64, '2015-10-30 09:23:17', '2015-10-30 09:23:17'),
(82, 'broken wall', 'demo report', '2015-10-30 09:23:52', 0, 0, 0, 2, 38, 3, 65, '2015-10-30 09:23:52', '2015-10-30 09:23:52'),
(83, 'broken wall', 'demo report', '2015-10-30 09:37:30', 0, 0, 0, 2, 38, 3, 66, '2015-10-30 09:37:30', '2015-10-30 09:37:30'),
(84, 'broken wall', 'demo report', '2015-10-30 09:38:06', 0, 0, 0, 2, 38, 3, 67, '2015-10-30 09:38:07', '2015-10-30 09:38:07'),
(85, 'broken wall', 'demo report', '2015-10-30 09:38:32', 0, 0, 0, 2, 38, 3, 68, '2015-10-30 09:38:32', '2015-10-30 09:38:32'),
(86, 'broken wall', 'demo report', '2015-10-30 09:39:12', 0, 0, 0, 2, 38, 3, 69, '2015-10-30 09:39:12', '2015-10-30 09:39:12'),
(87, 'broken wall', 'demo report', '2015-10-30 09:39:48', 0, 0, 0, 2, 38, 3, 70, '2015-10-30 09:39:48', '2015-10-30 09:39:48'),
(88, 'broken wall', 'demo report', '2015-10-30 09:40:19', 0, 0, 0, 2, 38, 3, 71, '2015-10-30 09:40:19', '2015-10-30 09:40:19'),
(89, 'broken wall', 'demo report', '2015-10-30 09:40:26', 0, 0, 0, 2, 38, 3, 72, '2015-10-30 09:40:26', '2015-10-30 09:40:26'),
(90, 'broken wall', 'demo report', '2015-10-30 09:40:40', 0, 0, 0, 2, 38, 3, 73, '2015-10-30 09:40:40', '2015-10-30 09:40:40'),
(91, 'broken wall', 'demo report', '2015-10-30 09:41:17', 0, 0, 0, 2, 38, 3, 74, '2015-10-30 09:41:17', '2015-10-30 09:41:17'),
(92, 'broken wall', 'demo report', '2015-10-30 09:41:32', 0, 0, 0, 2, 38, 3, 75, '2015-10-30 09:41:32', '2015-10-30 09:41:32'),
(93, 'broken wall', 'demo report', '2015-10-30 09:42:10', 0, 0, 0, 2, 38, 3, 76, '2015-10-30 09:42:10', '2015-10-30 09:42:10'),
(94, 'broken wall', 'demo report', '2015-10-30 09:42:27', 0, 0, 0, 2, 38, 3, 77, '2015-10-30 09:42:27', '2015-10-30 09:42:27'),
(95, 'broken wall', 'demo report', '2015-10-30 09:43:06', 0, 0, 0, 2, 38, 3, 78, '2015-10-30 09:43:06', '2015-10-30 09:43:06'),
(96, 'broken wall', 'demo report', '2015-10-30 09:43:19', 0, 0, 0, 2, 38, 3, 79, '2015-10-30 09:43:19', '2015-10-30 09:43:19'),
(97, 'broken wall', 'demo report', '2015-10-30 09:43:59', 0, 0, 0, 2, 38, 3, 80, '2015-10-30 09:43:59', '2015-10-30 09:43:59'),
(98, 'broken wall', 'demo report', '2015-10-30 09:45:08', 0, 0, 0, 2, 38, 3, 81, '2015-10-30 09:45:08', '2015-10-30 09:45:08'),
(99, 'broken wall', 'demo report', '2015-10-30 10:03:27', 0, 0, 0, 2, 38, 3, 82, '2015-10-30 10:03:27', '2015-10-30 10:03:27'),
(100, 'broken wall', 'demo report', '2015-10-30 12:35:41', 0, 0, 0, 2, 38, 3, 83, '2015-10-30 12:35:41', '2015-10-30 12:35:41'),
(101, 'broken wall', 'demo report', '2015-10-30 12:36:12', 0, 0, 0, 2, 38, 3, 84, '2015-10-30 12:36:12', '2015-10-30 12:36:12'),
(102, 'broken wall', 'demo report', '2015-10-30 12:36:56', 0, 0, 0, 2, 38, 3, 85, '2015-10-30 12:36:56', '2015-10-30 12:36:56'),
(103, 'broken wall', 'demo report', '2015-10-30 13:03:52', 0, 0, 0, 2, 38, 3, 86, '2015-10-30 13:03:52', '2015-10-30 13:03:52'),
(104, 'broken wall', 'demo report', '2015-10-30 13:05:51', 0, 0, 0, 2, 38, 3, 87, '2015-10-30 13:05:52', '2015-10-30 13:05:52'),
(105, 'broken wall', 'demo report', '2015-10-30 13:06:25', 0, 0, 0, 2, 38, 3, 88, '2015-10-30 13:06:25', '2015-10-30 13:06:25'),
(106, 'broken wall', 'demo report', '2015-10-30 13:07:01', 0, 0, 0, 2, 38, 3, 89, '2015-10-30 13:07:01', '2015-10-30 13:07:01'),
(107, 'broken wall', 'demo report', '2015-10-30 13:19:18', 0, 0, 0, 2, 38, 3, 90, '2015-10-30 13:19:18', '2015-10-30 13:19:18'),
(108, 'broken wall', 'demo report', '2015-10-30 13:28:00', 0, 0, 0, 2, 38, 3, 91, '2015-10-30 13:28:00', '2015-10-30 13:28:00'),
(109, 'broken wall', 'demo report', '2015-10-30 13:28:48', 0, 0, 0, 2, 38, 3, 92, '2015-10-30 13:28:48', '2015-10-30 13:28:48'),
(110, 'broken wall', 'demo report', '2015-10-30 13:29:41', 0, 0, 0, 2, 38, 3, 93, '2015-10-30 13:29:41', '2015-10-30 13:29:41'),
(111, 'broken wall', 'demo report', '2015-10-30 13:29:44', 0, 0, 0, 2, 38, 3, 94, '2015-10-30 13:29:44', '2015-10-30 13:29:44'),
(112, 'broken wall', 'demo report', '2015-10-30 13:30:33', 0, 0, 0, 2, 38, 3, 95, '2015-10-30 13:30:33', '2015-10-30 13:30:33'),
(113, 'broken wall', 'demo report', '2015-10-30 13:30:39', 0, 0, 0, 2, 38, 3, 96, '2015-10-30 13:30:39', '2015-10-30 13:30:39'),
(114, 'broken wall', 'demo report', '2015-10-30 13:31:36', 0, 0, 0, 2, 38, 3, 97, '2015-10-30 13:31:36', '2015-10-30 13:31:36'),
(115, 'broken wall', 'demo report', '2015-10-30 13:41:05', 0, 0, 0, 2, 38, 3, 98, '2015-10-30 13:41:05', '2015-10-30 13:41:05'),
(116, 'broken wall', 'demo report', '2015-10-30 13:41:41', 0, 0, 0, 2, 38, 3, 99, '2015-10-30 13:41:41', '2015-10-30 13:41:41'),
(117, 'broken wall', 'demo report', '2015-10-30 13:45:43', 0, 0, 0, 2, 38, 3, 100, '2015-10-30 13:45:43', '2015-10-30 13:45:43'),
(118, 'broken wall', 'demo report', '2015-10-30 13:49:19', 0, 0, 0, 2, 38, 3, 101, '2015-10-30 13:49:19', '2015-10-30 13:49:19'),
(119, 'broken wall', 'demo report', '2015-10-30 13:50:19', 0, 0, 0, 2, 38, 3, 102, '2015-10-30 13:50:19', '2015-10-30 13:50:19'),
(120, 'broken wall', 'demo report', '2015-10-30 13:53:05', 0, 0, 0, 2, 38, 3, 103, '2015-10-30 13:53:06', '2015-10-30 13:53:06'),
(121, 'broken wall', 'demo report', '2015-10-30 13:54:12', 0, 0, 0, 2, 38, 3, 104, '2015-10-30 13:54:12', '2015-10-30 13:54:12'),
(122, 'broken wall', 'demo report', '2015-10-30 13:56:38', 0, 0, 0, 2, 38, 3, 105, '2015-10-30 13:56:38', '2015-10-30 13:56:38'),
(123, 'broken wall', 'demo report', '2015-10-30 13:57:13', 0, 0, 0, 2, 38, 3, 106, '2015-10-30 13:57:13', '2015-10-30 13:57:13'),
(124, 'broken wall', 'demo report', '2015-10-30 13:57:48', 0, 0, 0, 2, 38, 3, 107, '2015-10-30 13:57:48', '2015-10-30 13:57:48'),
(125, 'broken wall', 'demo report', '2015-10-30 13:58:20', 0, 0, 0, 2, 38, 3, 108, '2015-10-30 13:58:20', '2015-10-30 13:58:20'),
(126, 'broken wall', 'demo report', '2015-10-30 13:59:15', 0, 0, 0, 2, 38, 3, 109, '2015-10-30 13:59:16', '2015-10-30 13:59:16'),
(127, 'broken wall', 'demo report', '2015-10-30 13:59:46', 0, 0, 0, 2, 38, 3, 110, '2015-10-30 13:59:46', '2015-10-30 13:59:46'),
(128, 'broken wall', 'demo report', '2015-10-30 14:06:40', 0, 0, 0, 2, 38, 3, 111, '2015-10-30 14:06:40', '2015-10-30 14:06:40'),
(129, 'broken wall', 'demo report', '2015-10-30 14:11:44', 0, 0, 0, 2, 38, 3, 112, '2015-10-30 14:11:44', '2015-10-30 14:11:44'),
(130, 'broken wall', 'demo report', '2015-10-30 14:16:17', 0, 0, 0, 2, 38, 3, 113, '2015-10-30 14:16:17', '2015-10-30 14:16:17'),
(131, 'broken wall', 'demo report', '2015-10-30 14:19:30', 0, 0, 0, 2, 38, 3, 114, '2015-10-30 14:19:30', '2015-10-30 14:19:30'),
(132, 'broken wall', 'demo report', '2015-10-30 14:22:38', 0, 0, 0, 2, 38, 3, 115, '2015-10-30 14:22:38', '2015-10-30 14:22:38'),
(133, 'broken wall', 'demo report', '2015-10-30 14:45:06', 0, 0, 0, 2, 38, 3, 116, '2015-10-30 14:45:06', '2015-10-30 14:45:06');

-- --------------------------------------------------------

--
-- Table structure for table `reports_images`
--

CREATE TABLE IF NOT EXISTS `reports_images` (
  `report_image_id` int(10) unsigned NOT NULL AUTO_INCREMENT,
  `image_url` varchar(255) COLLATE utf8_unicode_ci NOT NULL,
  `report_id` int(10) unsigned NOT NULL,
  `created_at` timestamp NOT NULL DEFAULT '0000-00-00 00:00:00',
  `updated_at` timestamp NOT NULL DEFAULT '0000-00-00 00:00:00',
  PRIMARY KEY (`report_image_id`),
  KEY `reports_images_report_id_index` (`report_id`)
) ENGINE=InnoDB  DEFAULT CHARSET=utf8 COLLATE=utf8_unicode_ci AUTO_INCREMENT=172 ;

--
-- Dumping data for table `reports_images`
--

INSERT INTO `reports_images` (`report_image_id`, `image_url`, `report_id`, `created_at`, `updated_at`) VALUES
(1, '1_report.JPG', 1, '2015-10-14 07:35:21', '2015-10-14 07:35:21'),
(2, '2_report.JPG', 2, '2015-10-14 07:37:48', '2015-10-14 07:37:48'),
(3, '3_report.JPG', 3, '2015-10-14 07:42:53', '2015-10-14 07:42:53'),
(4, '2_report.JPG', 3, '2015-10-14 07:42:53', '2015-10-14 07:42:53'),
(5, '3_report.JPG', 3, '2015-10-14 07:42:53', '2015-10-14 07:42:53'),
(6, '4_report.jpg', 4, '2015-10-14 08:50:41', '2015-10-14 08:50:41'),
(7, '5_report.JPG', 5, '2015-10-14 08:52:25', '2015-10-14 08:52:25'),
(8, '6_report.jpg', 6, '2015-10-14 08:57:15', '2015-10-14 08:57:15'),
(9, '7_report.JPG', 7, '2015-10-14 09:00:28', '2015-10-14 09:00:28'),
(10, '8_report.jpg', 8, '2015-10-14 09:03:58', '2015-10-14 09:03:58'),
(11, '9_report.JPG', 9, '2015-10-14 09:05:27', '2015-10-14 09:05:27'),
(12, '10_report.JPG', 10, '2015-10-14 09:11:12', '2015-10-14 09:11:12'),
(13, '11_report.jpg', 11, '2015-10-14 09:13:50', '2015-10-14 09:13:50'),
(14, '12_report.JPG', 12, '2015-10-14 09:16:34', '2015-10-14 09:16:34'),
(15, '13_report.JPG', 13, '2015-10-14 09:18:41', '2015-10-14 09:18:41'),
(16, '14_report.JPG', 14, '2015-10-14 09:42:40', '2015-10-14 09:42:40'),
(17, '15_report.jpg', 15, '2015-10-14 09:44:48', '2015-10-14 09:44:48'),
(18, '11_report.JPG', 9, '2015-10-14 09:05:27', '2015-10-14 09:05:27'),
(19, '11_report.JPG', 12, '2015-10-14 09:16:34', '2015-10-14 09:16:34'),
(20, '13_report.JPG', 12, '2015-10-14 09:16:34', '2015-10-14 09:16:34'),
(21, '16_report.JPG', 16, '2015-10-14 09:58:39', '2015-10-14 09:58:39'),
(22, '17_report.JPG', 17, '2015-10-14 10:02:14', '2015-10-14 10:02:14'),
(23, '18_report.jpg', 18, '2015-10-14 11:48:01', '2015-10-14 11:48:01'),
(24, '19_report.jpg', 19, '2015-10-14 12:01:16', '2015-10-14 12:01:16'),
(25, '20_report.JPG', 20, '2015-10-14 12:04:35', '2015-10-14 12:04:35'),
(26, '21_report.jpg', 21, '2015-10-14 12:08:09', '2015-10-14 12:08:09'),
(27, '22_report.JPG', 22, '2015-10-14 12:27:51', '2015-10-14 12:27:51'),
(28, '23_report.JPG', 23, '2015-10-14 13:34:51', '2015-10-14 13:34:51'),
(29, '24_report.JPG', 24, '2015-10-14 13:36:25', '2015-10-14 13:36:25'),
(30, '25_report.JPG', 25, '2015-10-14 13:41:34', '2015-10-14 13:41:34'),
(31, '26_report.jpg', 26, '2015-10-14 13:43:56', '2015-10-14 13:43:56'),
(32, '12_report.JPG', 17, '2015-10-14 10:02:14', '2015-10-14 10:02:14'),
(33, '14_report.jpg', 18, '2015-10-14 11:48:01', '2015-10-14 11:48:01'),
(34, '11_report.jpg', 4, '2015-10-14 08:50:41', '2015-10-14 08:50:41'),
(35, '16_report.JPG', 12, '2015-10-14 09:16:34', '2015-10-14 09:16:34'),
(36, '18_report.jpg', 4, '2015-10-14 08:50:41', '2015-10-14 08:50:41'),
(37, 'ben.jpg', 39, '2015-10-25 17:28:28', '2015-10-25 17:28:28'),
(38, 'hallow.jpg', 39, '2015-10-25 17:28:28', '2015-10-25 17:28:28'),
(39, 'eeeee.png', 39, '2015-10-25 17:28:28', '2015-10-25 17:28:28'),
(40, 'etisalat.png', 40, '2015-10-26 16:46:22', '2015-10-26 16:46:22'),
(41, 'mtn.jpg', 40, '2015-10-26 16:46:22', '2015-10-26 16:46:22'),
(42, 'glo.jpg', 40, '2015-10-26 16:46:22', '2015-10-26 16:46:22'),
(43, 'picture1.jpg', 41, '2015-10-26 17:12:07', '2015-10-26 17:12:07'),
(44, 'photo2.jpg', 41, '2015-10-26 17:12:07', '2015-10-26 17:12:07'),
(45, 'photo1.jpg', 42, '2015-10-26 17:21:28', '2015-10-26 17:21:28'),
(46, 'photo2.png', 42, '2015-10-26 17:21:28', '2015-10-26 17:21:28'),
(47, 'pic.jpg', 42, '2015-10-26 17:21:28', '2015-10-26 17:21:28'),
(48, 'picture_01', 43, '2015-10-26 17:52:20', '2015-10-26 17:52:20'),
(49, ' picture_02', 43, '2015-10-26 17:52:20', '2015-10-26 17:52:20'),
(50, 'picture_03', 43, '2015-10-26 17:52:20', '2015-10-26 17:52:20'),
(51, 'picture_01', 44, '2015-10-27 08:17:32', '2015-10-27 08:17:32'),
(52, ' picture_02', 44, '2015-10-27 08:17:32', '2015-10-27 08:17:32'),
(53, 'picture_03', 44, '2015-10-27 08:17:32', '2015-10-27 08:17:32'),
(54, 'road_r', 45, '2015-10-27 08:30:22', '2015-10-27 08:30:22'),
(55, ' tarry', 45, '2015-10-27 08:30:22', '2015-10-27 08:30:22'),
(56, 'picture_01', 46, '2015-10-27 09:25:37', '2015-10-27 09:25:37'),
(57, ' picture_72', 46, '2015-10-27 09:25:37', '2015-10-27 09:25:37'),
(58, 'picture_037', 46, '2015-10-27 09:25:37', '2015-10-27 09:25:37'),
(59, 'picture_01', 47, '2015-10-27 09:26:25', '2015-10-27 09:26:25'),
(60, ' picture_72', 47, '2015-10-27 09:26:25', '2015-10-27 09:26:25'),
(61, 'picture_037', 47, '2015-10-27 09:26:25', '2015-10-27 09:26:25'),
(62, 'picture_01', 48, '2015-10-27 09:33:07', '2015-10-27 09:33:07'),
(63, ' picture_72', 48, '2015-10-27 09:33:07', '2015-10-27 09:33:07'),
(64, 'picture_037', 48, '2015-10-27 09:33:07', '2015-10-27 09:33:07'),
(65, 'picture001.jpg', 49, '2015-10-27 09:38:47', '2015-10-27 09:38:47'),
(66, 'photo002.jpg', 49, '2015-10-27 09:38:47', '2015-10-27 09:38:47'),
(67, 'picture001.jpg', 50, '2015-10-27 09:39:47', '2015-10-27 09:39:47'),
(68, 'photo002.jpg', 50, '2015-10-27 09:39:47', '2015-10-27 09:39:47'),
(69, 'picture_01', 51, '2015-10-27 09:40:43', '2015-10-27 09:40:43'),
(70, ' picture_72', 51, '2015-10-27 09:40:43', '2015-10-27 09:40:43'),
(71, 'picture_037', 51, '2015-10-27 09:40:43', '2015-10-27 09:40:43'),
(72, 'picture_041', 52, '2015-10-27 09:42:18', '2015-10-27 09:42:18'),
(73, ' picture_72', 52, '2015-10-27 09:42:18', '2015-10-27 09:42:18'),
(74, 'picture_037', 52, '2015-10-27 09:42:18', '2015-10-27 09:42:18'),
(75, 'picture_041', 53, '2015-10-27 09:42:51', '2015-10-27 09:42:51'),
(76, ' picture_72', 53, '2015-10-27 09:42:51', '2015-10-27 09:42:51'),
(77, 'picture_037', 53, '2015-10-27 09:42:51', '2015-10-27 09:42:51'),
(78, 'picture_041', 54, '2015-10-27 09:43:32', '2015-10-27 09:43:32'),
(79, ' picture_72', 54, '2015-10-27 09:43:32', '2015-10-27 09:43:32'),
(80, 'picture_037', 54, '2015-10-27 09:43:32', '2015-10-27 09:43:32'),
(81, 'picture_01', 55, '2015-10-27 09:44:54', '2015-10-27 09:44:54'),
(82, ' picture_72', 55, '2015-10-27 09:44:54', '2015-10-27 09:44:54'),
(83, 'picture_037', 55, '2015-10-27 09:44:54', '2015-10-27 09:44:54'),
(84, 'picture_041', 56, '2015-10-27 09:49:00', '2015-10-27 09:49:00'),
(85, ' picture_72', 56, '2015-10-27 09:49:00', '2015-10-27 09:49:00'),
(86, 'picture_037', 56, '2015-10-27 09:49:00', '2015-10-27 09:49:00'),
(87, 'picture_041', 57, '2015-10-27 09:52:26', '2015-10-27 09:52:26'),
(88, ' picture_72', 57, '2015-10-27 09:52:26', '2015-10-27 09:52:26'),
(89, 'picture_037', 57, '2015-10-27 09:52:26', '2015-10-27 09:52:26'),
(90, 'picture_041', 58, '2015-10-27 09:53:00', '2015-10-27 09:53:00'),
(91, ' picture_72', 58, '2015-10-27 09:53:00', '2015-10-27 09:53:00'),
(92, 'picture_037', 58, '2015-10-27 09:53:00', '2015-10-27 09:53:00'),
(93, 'picture_041', 59, '2015-10-28 18:47:01', '2015-10-28 18:47:01'),
(94, ' picture_72', 59, '2015-10-28 18:47:01', '2015-10-28 18:47:01'),
(95, 'picture_037', 59, '2015-10-28 18:47:01', '2015-10-28 18:47:01'),
(96, 'picture_041', 60, '2015-10-29 09:19:20', '2015-10-29 09:19:20'),
(97, ' picture_72', 60, '2015-10-29 09:19:20', '2015-10-29 09:19:20'),
(98, 'picture_037', 60, '2015-10-29 09:19:20', '2015-10-29 09:19:20'),
(99, 'picture_041', 62, '2015-10-29 09:33:34', '2015-10-29 09:33:34'),
(100, ' picture_72', 62, '2015-10-29 09:33:34', '2015-10-29 09:33:34'),
(101, 'picture_037', 62, '2015-10-29 09:33:34', '2015-10-29 09:33:34'),
(102, '&#x2F;storage&#x2F;sdcard0&#x2F;Pictures&#x2F;JPEG_20151027_184535_-1789454852.jpg', 63, '2015-10-30 19:11:30', '2015-10-30 19:11:30'),
(103, '&#x2F;storage&#x2F;sdcard0&#x2F;Pictures&#x2F;JPEG_20151027_184535_-1789454852.jpg', 64, '2015-10-30 19:12:11', '2015-10-30 19:12:11'),
(104, '&#x2F;storage&#x2F;sdcard0&#x2F;Pictures&#x2F;JPEG_20151027_184535_-1789454852.jpg', 65, '2015-10-30 19:12:24', '2015-10-30 19:12:24'),
(105, '&#x2F;storage&#x2F;sdcard0&#x2F;Pictures&#x2F;JPEG_20151027_184535_-1789454852.jpg', 66, '2015-10-30 19:12:39', '2015-10-30 19:12:39'),
(106, '&#x2F;storage&#x2F;sdcard0&#x2F;Pictures&#x2F;JPEG_20151027_184535_-1789454852.jpg', 67, '2015-10-30 19:12:53', '2015-10-30 19:12:53'),
(107, '&#x2F;storage&#x2F;sdcard0&#x2F;Pictures&#x2F;JPEG_20151027_184535_-1789454852.jpg', 68, '2015-10-30 19:13:05', '2015-10-30 19:13:05'),
(108, '&#x2F;storage&#x2F;sdcard0&#x2F;Pictures&#x2F;JPEG_20151027_184535_-1789454852.jpg', 69, '2015-10-30 19:13:27', '2015-10-30 19:13:27'),
(109, '&#x2F;storage&#x2F;sdcard0&#x2F;Pictures&#x2F;JPEG_20151027_184535_-1789454852.jpg', 70, '2015-10-30 19:13:43', '2015-10-30 19:13:43'),
(110, '&#x2F;storage&#x2F;sdcard0&#x2F;Pictures&#x2F;JPEG_20151027_184535_-1789454852.jpg', 71, '2015-10-30 19:13:54', '2015-10-30 19:13:54'),
(111, '&#x2F;storage&#x2F;sdcard0&#x2F;Pictures&#x2F;JPEG_20151027_184535_-1789454852.jpg', 72, '2015-10-30 19:14:06', '2015-10-30 19:14:06'),
(112, '&#x2F;storage&#x2F;sdcard0&#x2F;Pictures&#x2F;JPEG_20151027_184535_-1789454852.jpg', 73, '2015-10-30 19:14:17', '2015-10-30 19:14:17'),
(113, '&#x2F;storage&#x2F;sdcard0&#x2F;Pictures&#x2F;JPEG_20151027_184535_-1789454852.jpg', 74, '2015-10-30 19:14:28', '2015-10-30 19:14:28'),
(114, '&#x2F;storage&#x2F;sdcard0&#x2F;Pictures&#x2F;JPEG_20151027_184535_-1789454852.jpg', 75, '2015-10-30 19:14:40', '2015-10-30 19:14:40'),
(115, '&#x2F;storage&#x2F;sdcard0&#x2F;Pictures&#x2F;JPEG_20151027_184535_-1789454852.jpg', 76, '2015-10-30 19:18:18', '2015-10-30 19:18:18'),
(116, '&#x2F;storage&#x2F;sdcard0&#x2F;Pictures&#x2F;JPEG_20151027_184535_-1789454852.jpg', 77, '2015-10-30 19:18:30', '2015-10-30 19:18:30'),
(117, '&#x2F;storage&#x2F;sdcard0&#x2F;Pictures&#x2F;JPEG_20151027_184535_-1789454852.jpg', 78, '2015-10-30 19:18:41', '2015-10-30 19:18:41'),
(118, '&#x2F;storage&#x2F;sdcard0&#x2F;Pictures&#x2F;JPEG_20151027_184535_-1789454852.jpg', 79, '2015-10-30 19:18:52', '2015-10-30 19:18:52'),
(119, '&#x2F;storage&#x2F;sdcard0&#x2F;Pictures&#x2F;JPEG_20151027_184535_-1789454852.jpg', 81, '2015-10-30 09:23:17', '2015-10-30 09:23:17'),
(120, '&#x2F;storage&#x2F;sdcard0&#x2F;Pictures&#x2F;JPEG_20151027_184535_-1789454852.jpg', 82, '2015-10-30 09:23:52', '2015-10-30 09:23:52'),
(121, '&#x2F;storage&#x2F;sdcard0&#x2F;Pictures&#x2F;JPEG_20151027_184535_-1789454852.jpg', 83, '2015-10-30 09:37:30', '2015-10-30 09:37:30'),
(122, '&#x2F;storage&#x2F;sdcard0&#x2F;Pictures&#x2F;JPEG_20151027_184535_-1789454852.jpg', 84, '2015-10-30 09:38:07', '2015-10-30 09:38:07'),
(123, '&#x2F;storage&#x2F;sdcard0&#x2F;Pictures&#x2F;JPEG_20151027_184535_-1789454852.jpg', 85, '2015-10-30 09:38:32', '2015-10-30 09:38:32'),
(124, '&#x2F;storage&#x2F;sdcard0&#x2F;Pictures&#x2F;JPEG_20151027_184535_-1789454852.jpg', 86, '2015-10-30 09:39:12', '2015-10-30 09:39:12'),
(125, '&#x2F;storage&#x2F;sdcard0&#x2F;Pictures&#x2F;JPEG_20151027_184535_-1789454852.jpg', 87, '2015-10-30 09:39:48', '2015-10-30 09:39:48'),
(126, '&#x2F;storage&#x2F;sdcard0&#x2F;Pictures&#x2F;JPEG_20151027_184535_-1789454852.jpg', 88, '2015-10-30 09:40:19', '2015-10-30 09:40:19'),
(127, '&#x2F;storage&#x2F;sdcard0&#x2F;Pictures&#x2F;JPEG_20151027_184535_-1789454852.jpg', 89, '2015-10-30 09:40:26', '2015-10-30 09:40:26'),
(128, '&#x2F;storage&#x2F;sdcard0&#x2F;Pictures&#x2F;JPEG_20151027_184535_-1789454852.jpg', 90, '2015-10-30 09:40:40', '2015-10-30 09:40:40'),
(129, '&#x2F;storage&#x2F;sdcard0&#x2F;Pictures&#x2F;JPEG_20151027_184535_-1789454852.jpg', 91, '2015-10-30 09:41:17', '2015-10-30 09:41:17'),
(130, '&#x2F;storage&#x2F;sdcard0&#x2F;Pictures&#x2F;JPEG_20151027_184535_-1789454852.jpg', 92, '2015-10-30 09:41:32', '2015-10-30 09:41:32'),
(131, '&#x2F;storage&#x2F;sdcard0&#x2F;Pictures&#x2F;JPEG_20151027_184535_-1789454852.jpg', 93, '2015-10-30 09:42:10', '2015-10-30 09:42:10'),
(132, '&#x2F;storage&#x2F;sdcard0&#x2F;Pictures&#x2F;JPEG_20151027_184535_-1789454852.jpg', 94, '2015-10-30 09:42:27', '2015-10-30 09:42:27'),
(133, '&#x2F;storage&#x2F;sdcard0&#x2F;Pictures&#x2F;JPEG_20151027_184535_-1789454852.jpg', 95, '2015-10-30 09:43:06', '2015-10-30 09:43:06'),
(134, '&#x2F;storage&#x2F;sdcard0&#x2F;Pictures&#x2F;JPEG_20151027_184535_-1789454852.jpg', 96, '2015-10-30 09:43:20', '2015-10-30 09:43:20'),
(135, '&#x2F;storage&#x2F;sdcard0&#x2F;Pictures&#x2F;JPEG_20151027_184535_-1789454852.jpg', 97, '2015-10-30 09:43:59', '2015-10-30 09:43:59'),
(136, '&#x2F;storage&#x2F;sdcard0&#x2F;Pictures&#x2F;JPEG_20151027_184535_-1789454852.jpg', 98, '2015-10-30 09:45:09', '2015-10-30 09:45:09'),
(137, '&#x2F;storage&#x2F;sdcard0&#x2F;Pictures&#x2F;JPEG_20151027_184535_-1789454852.jpg', 99, '2015-10-30 10:03:27', '2015-10-30 10:03:27'),
(138, '&#x2F;storage&#x2F;sdcard0&#x2F;Pictures&#x2F;JPEG_20151027_184535_-1789454852.jpg', 100, '2015-10-30 12:35:42', '2015-10-30 12:35:42'),
(139, '&#x2F;storage&#x2F;sdcard0&#x2F;Pictures&#x2F;JPEG_20151027_184535_-1789454852.jpg', 101, '2015-10-30 12:36:13', '2015-10-30 12:36:13'),
(140, '&#x2F;storage&#x2F;sdcard0&#x2F;Pictures&#x2F;JPEG_20151027_184535_-1789454852.jpg', 102, '2015-10-30 12:36:56', '2015-10-30 12:36:56'),
(141, '&#x2F;storage&#x2F;sdcard0&#x2F;Pictures&#x2F;JPEG_20151027_184535_-1789454852.jpg', 103, '2015-10-30 13:03:52', '2015-10-30 13:03:52'),
(142, '&#x2F;storage&#x2F;sdcard0&#x2F;Pictures&#x2F;JPEG_20151027_184535_-1789454852.jpg', 104, '2015-10-30 13:05:52', '2015-10-30 13:05:52'),
(143, '&#x2F;storage&#x2F;sdcard0&#x2F;Pictures&#x2F;JPEG_20151027_184535_-1789454852.jpg', 105, '2015-10-30 13:06:25', '2015-10-30 13:06:25'),
(144, '&#x2F;storage&#x2F;sdcard0&#x2F;Pictures&#x2F;JPEG_20151027_184535_-1789454852.jpg', 106, '2015-10-30 13:07:01', '2015-10-30 13:07:01'),
(145, '&#x2F;storage&#x2F;sdcard0&#x2F;Pictures&#x2F;JPEG_20151027_184535_-1789454852.jpg', 107, '2015-10-30 13:19:18', '2015-10-30 13:19:18'),
(146, '&#x2F;storage&#x2F;sdcard0&#x2F;Pictures&#x2F;JPEG_20151027_184535_-1789454852.jpg', 108, '2015-10-30 13:28:01', '2015-10-30 13:28:01'),
(147, '&#x2F;storage&#x2F;sdcard0&#x2F;Pictures&#x2F;JPEG_20151027_184535_-1789454852.jpg', 109, '2015-10-30 13:28:49', '2015-10-30 13:28:49'),
(148, '&#x2F;storage&#x2F;sdcard0&#x2F;Pictures&#x2F;JPEG_20151027_184535_-1789454852.jpg', 110, '2015-10-30 13:29:41', '2015-10-30 13:29:41'),
(149, '&#x2F;storage&#x2F;sdcard0&#x2F;Pictures&#x2F;JPEG_20151027_184535_-1789454852.jpg', 111, '2015-10-30 13:29:44', '2015-10-30 13:29:44'),
(150, '&#x2F;storage&#x2F;sdcard0&#x2F;Pictures&#x2F;JPEG_20151027_184535_-1789454852.jpg', 112, '2015-10-30 13:30:33', '2015-10-30 13:30:33'),
(151, '&#x2F;storage&#x2F;sdcard0&#x2F;Pictures&#x2F;JPEG_20151027_184535_-1789454852.jpg', 113, '2015-10-30 13:30:39', '2015-10-30 13:30:39'),
(152, '&#x2F;storage&#x2F;sdcard0&#x2F;Pictures&#x2F;JPEG_20151027_184535_-1789454852.jpg', 114, '2015-10-30 13:31:36', '2015-10-30 13:31:36'),
(153, '&#x2F;storage&#x2F;sdcard0&#x2F;Pictures&#x2F;JPEG_20151027_184535_-1789454852.jpg', 115, '2015-10-30 13:41:06', '2015-10-30 13:41:06'),
(154, '&#x2F;storage&#x2F;sdcard0&#x2F;Pictures&#x2F;JPEG_20151027_184535_-1789454852.jpg', 116, '2015-10-30 13:41:41', '2015-10-30 13:41:41'),
(155, '&#x2F;storage&#x2F;sdcard0&#x2F;Pictures&#x2F;JPEG_20151027_184535_-1789454852.jpg', 117, '2015-10-30 13:45:43', '2015-10-30 13:45:43'),
(156, '&#x2F;storage&#x2F;sdcard0&#x2F;Pictures&#x2F;JPEG_20151027_184535_-1789454852.jpg', 118, '2015-10-30 13:49:20', '2015-10-30 13:49:20'),
(157, '&#x2F;storage&#x2F;sdcard0&#x2F;Pictures&#x2F;JPEG_20151027_184535_-1789454852.jpg', 119, '2015-10-30 13:50:19', '2015-10-30 13:50:19'),
(158, '&#x2F;storage&#x2F;sdcard0&#x2F;Pictures&#x2F;JPEG_20151027_184535_-1789454852.jpg', 120, '2015-10-30 13:53:06', '2015-10-30 13:53:06'),
(159, '&#x2F;storage&#x2F;sdcard0&#x2F;Pictures&#x2F;JPEG_20151027_184535_-1789454852.jpg', 121, '2015-10-30 13:54:12', '2015-10-30 13:54:12'),
(160, '&#x2F;storage&#x2F;sdcard0&#x2F;Pictures&#x2F;JPEG_20151027_184535_-1789454852.jpg', 122, '2015-10-30 13:56:38', '2015-10-30 13:56:38'),
(161, '&#x2F;storage&#x2F;sdcard0&#x2F;Pictures&#x2F;JPEG_20151027_184535_-1789454852.jpg', 123, '2015-10-30 13:57:14', '2015-10-30 13:57:14'),
(162, '&#x2F;storage&#x2F;sdcard0&#x2F;Pictures&#x2F;JPEG_20151027_184535_-1789454852.jpg', 124, '2015-10-30 13:57:48', '2015-10-30 13:57:48'),
(163, '&#x2F;storage&#x2F;sdcard0&#x2F;Pictures&#x2F;JPEG_20151027_184535_-1789454852.jpg', 125, '2015-10-30 13:58:20', '2015-10-30 13:58:20'),
(164, '&#x2F;storage&#x2F;sdcard0&#x2F;Pictures&#x2F;JPEG_20151027_184535_-1789454852.jpg', 126, '2015-10-30 13:59:16', '2015-10-30 13:59:16'),
(165, '&#x2F;storage&#x2F;sdcard0&#x2F;Pictures&#x2F;JPEG_20151027_184535_-1789454852.jpg', 127, '2015-10-30 13:59:47', '2015-10-30 13:59:47'),
(166, '&#x2F;storage&#x2F;sdcard0&#x2F;Pictures&#x2F;JPEG_20151027_184535_-1789454852.jpg', 128, '2015-10-30 14:06:40', '2015-10-30 14:06:40'),
(167, '&#x2F;storage&#x2F;sdcard0&#x2F;Pictures&#x2F;JPEG_20151027_184535_-1789454852.jpg', 129, '2015-10-30 14:11:44', '2015-10-30 14:11:44'),
(168, '&#x2F;storage&#x2F;sdcard0&#x2F;Pictures&#x2F;JPEG_20151027_184535_-1789454852.jpg', 130, '2015-10-30 14:16:17', '2015-10-30 14:16:17'),
(169, '&#x2F;storage&#x2F;sdcard0&#x2F;Pictures&#x2F;JPEG_20151027_184535_-1789454852.jpg', 131, '2015-10-30 14:19:31', '2015-10-30 14:19:31'),
(170, '&#x2F;storage&#x2F;sdcard0&#x2F;Pictures&#x2F;JPEG_20151027_184535_-1789454852.jpg', 132, '2015-10-30 14:22:39', '2015-10-30 14:22:39'),
(171, '&#x2F;storage&#x2F;sdcard0&#x2F;Pictures&#x2F;JPEG_20151027_184535_-1789454852.jpg', 133, '2015-10-30 14:45:06', '2015-10-30 14:45:06');

-- --------------------------------------------------------

--
-- Table structure for table `salutations`
--

CREATE TABLE IF NOT EXISTS `salutations` (
  `salutation_id` int(10) unsigned NOT NULL AUTO_INCREMENT,
  `salutation` varchar(255) COLLATE utf8_unicode_ci NOT NULL,
  `salutation_abbr` varchar(255) COLLATE utf8_unicode_ci NOT NULL,
  `created_at` timestamp NOT NULL DEFAULT '0000-00-00 00:00:00',
  `updated_at` timestamp NOT NULL DEFAULT '0000-00-00 00:00:00',
  PRIMARY KEY (`salutation_id`)
) ENGINE=InnoDB  DEFAULT CHARSET=utf8 COLLATE=utf8_unicode_ci AUTO_INCREMENT=13 ;

--
-- Dumping data for table `salutations`
--

INSERT INTO `salutations` (`salutation_id`, `salutation`, `salutation_abbr`, `created_at`, `updated_at`) VALUES
(1, 'Mister', 'Mr.', '0000-00-00 00:00:00', '0000-00-00 00:00:00'),
(2, 'Mistress', 'Mrs.', '0000-00-00 00:00:00', '0000-00-00 00:00:00'),
(3, 'Miss', 'Miss.', '0000-00-00 00:00:00', '0000-00-00 00:00:00'),
(4, 'Mrs.', 'Mrs', '0000-00-00 00:00:00', '0000-00-00 00:00:00'),
(5, 'Doctor', 'Dr.', '0000-00-00 00:00:00', '0000-00-00 00:00:00'),
(6, 'Chief', 'Chief.', '0000-00-00 00:00:00', '0000-00-00 00:00:00'),
(7, 'Barrister', 'Barr.', '0000-00-00 00:00:00', '0000-00-00 00:00:00'),
(8, 'Engineer', 'Engr.', '0000-00-00 00:00:00', '0000-00-00 00:00:00'),
(9, 'Honorable', 'Hon.', '0000-00-00 00:00:00', '0000-00-00 00:00:00'),
(10, 'Arch', 'Arch.', '0000-00-00 00:00:00', '0000-00-00 00:00:00'),
(11, 'Alhaji', 'Alh.', '0000-00-00 00:00:00', '0000-00-00 00:00:00'),
(12, 'Professor', 'Prof.', '0000-00-00 00:00:00', '0000-00-00 00:00:00');

-- --------------------------------------------------------

--
-- Table structure for table `sectors`
--

CREATE TABLE IF NOT EXISTS `sectors` (
  `sector_id` int(10) unsigned NOT NULL AUTO_INCREMENT,
  `sector` varchar(150) COLLATE utf8_unicode_ci NOT NULL,
  `created_at` timestamp NOT NULL DEFAULT '0000-00-00 00:00:00',
  `updated_at` timestamp NOT NULL DEFAULT '0000-00-00 00:00:00',
  PRIMARY KEY (`sector_id`)
) ENGINE=InnoDB  DEFAULT CHARSET=utf8 COLLATE=utf8_unicode_ci AUTO_INCREMENT=12 ;

--
-- Dumping data for table `sectors`
--

INSERT INTO `sectors` (`sector_id`, `sector`, `created_at`, `updated_at`) VALUES
(1, 'Power', '2015-10-05 13:02:58', '2015-10-05 13:02:58'),
(2, 'Health', '2015-10-05 13:03:20', '2015-10-05 13:03:20'),
(3, 'Education', '2015-10-05 13:03:20', '2015-10-05 13:03:20'),
(4, 'Agriculture', '2015-10-12 07:32:37', '2015-10-12 07:32:37'),
(5, 'Information Technology', '2015-10-12 07:32:37', '2015-10-12 07:32:37'),
(6, 'Security', '2015-10-14 07:57:53', '2015-10-14 07:57:53'),
(7, 'Works', '2015-10-14 08:03:37', '2015-10-14 08:03:37'),
(8, 'Housing', '2015-10-14 08:03:48', '2015-10-14 08:03:48'),
(9, 'Commerce and Industries', '2015-10-14 08:03:48', '2015-10-14 08:03:48'),
(10, 'Aviation', '2015-10-14 10:44:20', '2015-10-14 10:44:20'),
(11, 'Transportation', '2015-10-14 10:44:32', '2015-10-14 10:44:32');

-- --------------------------------------------------------

--
-- Table structure for table `states`
--

CREATE TABLE IF NOT EXISTS `states` (
  `state_id` int(10) unsigned NOT NULL AUTO_INCREMENT,
  `state` varchar(255) COLLATE utf8_unicode_ci NOT NULL,
  `state_code` varchar(10) COLLATE utf8_unicode_ci NOT NULL,
  `created_at` timestamp NOT NULL DEFAULT '0000-00-00 00:00:00',
  `updated_at` timestamp NOT NULL DEFAULT '0000-00-00 00:00:00',
  PRIMARY KEY (`state_id`)
) ENGINE=InnoDB  DEFAULT CHARSET=utf8 COLLATE=utf8_unicode_ci AUTO_INCREMENT=38 ;

--
-- Dumping data for table `states`
--

INSERT INTO `states` (`state_id`, `state`, `state_code`, `created_at`, `updated_at`) VALUES
(1, 'Abia', 'AB', '0000-00-00 00:00:00', '0000-00-00 00:00:00'),
(2, 'Adamawa', 'AD', '0000-00-00 00:00:00', '0000-00-00 00:00:00'),
(3, 'Akwa Ibom', 'AK', '0000-00-00 00:00:00', '0000-00-00 00:00:00'),
(4, 'Anambra', 'AN', '0000-00-00 00:00:00', '0000-00-00 00:00:00'),
(5, 'Bauchi', 'BA', '0000-00-00 00:00:00', '0000-00-00 00:00:00'),
(6, 'Bayelsa', 'BY', '0000-00-00 00:00:00', '0000-00-00 00:00:00'),
(7, 'Benue', 'BN', '0000-00-00 00:00:00', '0000-00-00 00:00:00'),
(8, 'Borno', 'BO', '0000-00-00 00:00:00', '0000-00-00 00:00:00'),
(9, 'Cross River', 'CR', '0000-00-00 00:00:00', '0000-00-00 00:00:00'),
(10, 'Delta', 'DT', '0000-00-00 00:00:00', '0000-00-00 00:00:00'),
(11, 'Ebonyi', 'EB', '0000-00-00 00:00:00', '0000-00-00 00:00:00'),
(12, 'Edo', 'ED', '0000-00-00 00:00:00', '0000-00-00 00:00:00'),
(13, 'Ekiti', 'EK', '0000-00-00 00:00:00', '0000-00-00 00:00:00'),
(14, 'Enugu', 'EN', '0000-00-00 00:00:00', '0000-00-00 00:00:00'),
(15, 'FCT', 'FCT', '0000-00-00 00:00:00', '0000-00-00 00:00:00'),
(16, 'Gombe', 'GM', '0000-00-00 00:00:00', '0000-00-00 00:00:00'),
(17, 'Imo', 'IM', '0000-00-00 00:00:00', '0000-00-00 00:00:00'),
(18, 'Jigawa', 'JG', '0000-00-00 00:00:00', '0000-00-00 00:00:00'),
(19, 'Kaduna', 'KD', '0000-00-00 00:00:00', '0000-00-00 00:00:00'),
(20, 'Kano', 'KN', '0000-00-00 00:00:00', '0000-00-00 00:00:00'),
(21, 'Katsina', 'KT', '0000-00-00 00:00:00', '0000-00-00 00:00:00'),
(22, 'Kebbi', 'KB', '0000-00-00 00:00:00', '0000-00-00 00:00:00'),
(23, 'Kogi', 'KG', '0000-00-00 00:00:00', '0000-00-00 00:00:00'),
(24, 'Kwara', 'KW', '0000-00-00 00:00:00', '0000-00-00 00:00:00'),
(25, 'Lagos', 'LA', '0000-00-00 00:00:00', '0000-00-00 00:00:00'),
(26, 'Nasarawa', 'NW', '0000-00-00 00:00:00', '0000-00-00 00:00:00'),
(27, 'Niger', 'NG', '0000-00-00 00:00:00', '0000-00-00 00:00:00'),
(28, 'Ogun', 'OG', '0000-00-00 00:00:00', '0000-00-00 00:00:00'),
(29, 'Ondo', 'OD', '0000-00-00 00:00:00', '0000-00-00 00:00:00'),
(30, 'Osun', 'OS', '0000-00-00 00:00:00', '0000-00-00 00:00:00'),
(31, 'Oyo', 'OY', '0000-00-00 00:00:00', '0000-00-00 00:00:00'),
(32, 'Plateau', 'PL', '0000-00-00 00:00:00', '0000-00-00 00:00:00'),
(33, 'Rivers', 'RV', '0000-00-00 00:00:00', '0000-00-00 00:00:00'),
(34, 'Sokoto', 'SO', '0000-00-00 00:00:00', '0000-00-00 00:00:00'),
(35, 'Taraba', 'TR', '0000-00-00 00:00:00', '0000-00-00 00:00:00'),
(36, 'Yobe', 'YB', '0000-00-00 00:00:00', '0000-00-00 00:00:00'),
(37, 'Zamfara', 'ZF', '0000-00-00 00:00:00', '0000-00-00 00:00:00');

-- --------------------------------------------------------

--
-- Table structure for table `status`
--

CREATE TABLE IF NOT EXISTS `status` (
  `status_id` int(10) unsigned NOT NULL AUTO_INCREMENT,
  `status` varchar(50) COLLATE utf8_unicode_ci NOT NULL,
  `label_class` varchar(50) COLLATE utf8_unicode_ci DEFAULT NULL,
  PRIMARY KEY (`status_id`)
) ENGINE=InnoDB  DEFAULT CHARSET=utf8 COLLATE=utf8_unicode_ci AUTO_INCREMENT=4 ;

--
-- Dumping data for table `status`
--

INSERT INTO `status` (`status_id`, `status`, `label_class`) VALUES
(0, 'Recent', 'label label-info'),
(1, 'Approved', 'label label-success'),
(2, 'Pending', 'label label-warning'),
(3, 'Archived', 'label label-danger');

-- --------------------------------------------------------

--
-- Table structure for table `sub_menu_items`
--

CREATE TABLE IF NOT EXISTS `sub_menu_items` (
  `sub_menu_item_id` int(10) unsigned NOT NULL AUTO_INCREMENT,
  `sub_menu_item` varchar(150) COLLATE utf8_unicode_ci NOT NULL,
  `sub_menu_item_url` varchar(150) COLLATE utf8_unicode_ci NOT NULL,
  `sub_menu_item_icon` varchar(100) COLLATE utf8_unicode_ci NOT NULL,
  `active` int(10) unsigned NOT NULL DEFAULT '1',
  `sequence` varchar(255) COLLATE utf8_unicode_ci NOT NULL,
  `menu_item_id` int(10) unsigned NOT NULL,
  `created_at` timestamp NOT NULL DEFAULT '0000-00-00 00:00:00',
  `updated_at` timestamp NOT NULL DEFAULT '0000-00-00 00:00:00',
  PRIMARY KEY (`sub_menu_item_id`),
  KEY `sub_menu_items_menu_item_id_index` (`menu_item_id`)
) ENGINE=InnoDB  DEFAULT CHARSET=utf8 COLLATE=utf8_unicode_ci AUTO_INCREMENT=14 ;

--
-- Dumping data for table `sub_menu_items`
--

INSERT INTO `sub_menu_items` (`sub_menu_item_id`, `sub_menu_item`, `sub_menu_item_url`, `sub_menu_item_icon`, `active`, `sequence`, `menu_item_id`, `created_at`, `updated_at`) VALUES
(1, 'Menus', '/menus', 'fa fa-group', 1, '1', 1, '2015-10-05 14:48:44', '2015-10-05 14:48:44'),
(2, 'Menu Items', '/menu-items', 'fa fa-list-alt', 1, '2', 1, '2015-10-05 14:49:37', '2015-10-05 14:49:37'),
(3, 'Sub Menu Items', '/sub-menu-items', 'fa fa-plus-square', 1, '3', 1, '2015-10-05 14:49:37', '2015-10-05 14:49:37'),
(4, 'Sectors', '/sectors', 'fa fa-upload', 1, '2', 5, '2015-10-05 15:02:38', '2015-10-05 15:02:38'),
(5, 'Register User', '/users/create', 'fa fa-plus-square', 1, '1', 8, '2015-10-06 09:12:48', '2015-10-06 09:12:48'),
(6, 'Manage Users', '/users', 'fa fa-table', 1, '2', 8, '2015-10-06 09:12:48', '2015-10-06 09:12:48'),
(7, 'User Types', '/user-types', 'fa fa-users', 1, '3', 8, '2015-10-06 09:12:48', '2015-10-06 09:12:48'),
(8, 'Users Report Roles', '/report-roles', 'fa fa-users', 1, '1', 5, '2015-10-08 09:27:04', '2015-10-08 10:47:54'),
(9, 'Report Roles', '/report-roles/executives', 'fa fa-users', 1, '1', 10, '2015-10-16 09:21:46', '2015-10-16 09:21:46'),
(10, 'Report Roles', '/report-roles/legislators', 'fa fa-plus-square', 1, '1', 11, '2015-10-16 09:21:46', '2015-10-16 09:21:46'),
(11, 'Menus', '/pledge-menus', 'fa fa-group', 1, '1', 12, '2015-10-16 12:46:52', '2015-10-16 12:46:52'),
(12, 'Menu Items', '/pledge-menu-items', 'fa fa-list-alt', 1, '2', 12, '2015-10-16 12:46:52', '2015-10-16 12:46:52'),
(13, 'Sub Menu Items', '/pledge-sub-menu-items', 'fa fa-plus-square', 1, '3', 12, '2015-10-16 12:46:53', '2015-10-16 12:46:53');

-- --------------------------------------------------------

--
-- Table structure for table `user_types`
--

CREATE TABLE IF NOT EXISTS `user_types` (
  `user_type_id` int(10) unsigned NOT NULL AUTO_INCREMENT,
  `user_type` varchar(150) COLLATE utf8_unicode_ci NOT NULL,
  `created_at` timestamp NOT NULL DEFAULT '0000-00-00 00:00:00',
  `updated_at` timestamp NOT NULL DEFAULT '0000-00-00 00:00:00',
  PRIMARY KEY (`user_type_id`)
) ENGINE=InnoDB  DEFAULT CHARSET=utf8 COLLATE=utf8_unicode_ci AUTO_INCREMENT=11 ;

--
-- Dumping data for table `user_types`
--

INSERT INTO `user_types` (`user_type_id`, `user_type`, `created_at`, `updated_at`) VALUES
(1, 'Admin', '2015-10-06 09:13:31', '2015-10-06 09:13:31'),
(2, 'Developer', '2015-10-06 09:13:31', '2015-10-06 09:13:31'),
(3, 'User', '2015-10-14 23:00:00', '0000-00-00 00:00:00'),
(4, 'Executives', '2015-10-14 23:00:00', '0000-00-00 00:00:00'),
(5, 'Legislators', '2015-10-12 23:00:00', '0000-00-00 00:00:00'),
(10, 'Organisation Heads', '2015-10-13 23:00:00', '0000-00-00 00:00:00');

-- --------------------------------------------------------

--
-- Table structure for table `users`
--

CREATE TABLE IF NOT EXISTS `users` (
  `user_id` int(10) unsigned NOT NULL AUTO_INCREMENT,
  `first_name` varchar(255) COLLATE utf8_unicode_ci NOT NULL,
  `last_name` varchar(255) COLLATE utf8_unicode_ci NOT NULL,
  `middle_name` varchar(50) COLLATE utf8_unicode_ci DEFAULT NULL,
  `dob` date DEFAULT NULL,
  `email` varchar(255) COLLATE utf8_unicode_ci NOT NULL,
  `gender` varchar(255) COLLATE utf8_unicode_ci NOT NULL,
  `mobile` varchar(255) COLLATE utf8_unicode_ci DEFAULT NULL,
  `lga_id` int(10) unsigned NOT NULL,
  `salutation_id` int(11) DEFAULT NULL,
  `user_type_id` int(10) unsigned NOT NULL,
  `avatar` varchar(255) COLLATE utf8_unicode_ci DEFAULT NULL,
  `status` int(11) NOT NULL DEFAULT '1',
  `verified` int(11) NOT NULL DEFAULT '0',
  `verification_code` varchar(150) COLLATE utf8_unicode_ci DEFAULT NULL,
  `password` varchar(150) COLLATE utf8_unicode_ci NOT NULL,
  `remember_token` varchar(100) COLLATE utf8_unicode_ci DEFAULT NULL,
  `created_at` timestamp NOT NULL DEFAULT '0000-00-00 00:00:00',
  `updated_at` timestamp NOT NULL DEFAULT '0000-00-00 00:00:00',
  PRIMARY KEY (`user_id`),
  KEY `users_lga_id_index` (`lga_id`),
  KEY `user_type_id` (`user_type_id`)
) ENGINE=InnoDB  DEFAULT CHARSET=utf8 COLLATE=utf8_unicode_ci AUTO_INCREMENT=8 ;

--
-- Dumping data for table `users`
--

INSERT INTO `users` (`user_id`, `first_name`, `last_name`, `middle_name`, `dob`, `email`, `gender`, `mobile`, `lga_id`, `salutation_id`, `user_type_id`, `avatar`, `status`, `verified`, `verification_code`, `password`, `remember_token`, `created_at`, `updated_at`) VALUES
(1, 'Kingsley', 'Chinaka', NULL, '2010-05-12', 'admin@gmail.com', 'Male', '08030734377', 295, 1, 2, 'uploads/avartars/1_avartar.jpg', 1, 1, NULL, '$2y$10$hW6o/LX6/Yl3M1jzJBVv1ebL3b0unT2Ms7pt/f0GPS4EJTjymG2iK', 'WqptQrqzl0Kq38FIVx93nzPQ8K6475zyOiPFEILUHRyipXjTeLjPnans9FGc', '2015-10-04 04:00:23', '2015-10-22 08:49:20'),
(2, 'Ben', 'Ikeji', '', NULL, 'ben04@gmail.com', 'Male', '09088475643', 80, 1, 4, NULL, 1, 1, 'cL4VxCWe5kjycJ9iI8xwP22DBmWmoGWGBmSL1nDM', '$2y$10$bc5R0RwVDeOLIgwpBEKcLejNlPzy/1Kac31wGNOXuHaYeyU5TQ49e', '42EZaNfTNZg6FytFerzhheWuuci993fS06pTP5nb8hCedSmlkuOYkVk94jwE', '2015-10-06 09:14:48', '2015-10-22 07:48:25'),
(3, 'Aniekan', 'Moboi', 'Moani', '2010-05-12', 'aniekan@gmail.com', 'Male', '08093847483', 195, 1, 5, NULL, 1, 1, NULL, '$2y$10$hW6o/LX6/Yl3M1jzJBVv1ebL3b0unT2Ms7pt/f0GPS4EJTjymG2iK', 'fQoLBTAxdwrZWF5MLKGAFMfNrF8wf4FwG1yaVCdAfP1w5C6V12xpvTO48HP8', '2015-10-04 04:00:23', '2015-10-22 07:59:25'),
(4, 'AmaUchenne', 'Ben', NULL, '2010-05-12', 'amauche@gmail.com', 'Male', '08057875678', 395, 1, 3, NULL, 1, 1, NULL, '$2y$10$hW6o/LX6/Yl3M1jzJBVv1ebL3b0unT2Ms7pt/f0GPS4EJTjymG2iK', 'RfDxC7N7EodXKTY5BV2mW0pmQwxrwHdHyRCOci7MiqY6GzhASUXsuHi4yfmb', '2015-10-04 04:00:23', '2015-10-19 15:18:34'),
(5, 'Emmanuel', 'Okafor', NULL, '2010-05-12', 'emma@gmail.com', 'Male', '08063958294', 495, 1, 1, NULL, 1, 1, NULL, '$2y$10$hW6o/LX6/Yl3M1jzJBVv1ebL3b0unT2Ms7pt/f0GPS4EJTjymG2iK', 'Wl8lcOVqIbMXS7cH3oaij74iMyyzDW84oGuZP1JHp52YZWr4NbSP07j1TkGd', '2015-10-04 04:00:23', '2015-10-19 15:14:57'),
(6, 'Kabila', 'Joseph', NULL, '2010-05-12', 'joh@gmail.com', 'Male', '08063958294', 115, 1, 4, NULL, 1, 1, NULL, '$2y$10$hW6o/LX6/Yl3M1jzJBVv1ebL3b0unT2Ms7pt/f0GPS4EJTjymG2iK', 'qaQ6txqFmgGk8W9siej1iNhIvfuwphr8IEnKCO5ER4cAF5gZcxagygQnZsu1', '2015-10-04 04:00:23', '2015-10-19 15:18:25'),
(7, 'George', 'Chinaka', NULL, NULL, 'george@gmail.com', 'Male', '09045368273', 0, NULL, 10, NULL, 1, 1, 'HEmlIYZQDWGj2RMk3SNG0IMfMcoC6ZpVO31qmFoF', '$2y$10$NiQp3ym6O6Ln6kpA/1nonO3I2BXgsuyeu9DLh4lH1TbPsirXZ9c6u', NULL, '2015-10-16 14:32:21', '2015-10-16 14:32:21');

--
-- Constraints for dumped tables
--

--
-- Constraints for table `government_reports`
--
ALTER TABLE `government_reports`
  ADD CONSTRAINT `government_reports_report_id_foreign` FOREIGN KEY (`report_id`) REFERENCES `reports` (`report_id`) ON DELETE CASCADE;

--
-- Constraints for table `organisations`
--
ALTER TABLE `organisations`
  ADD CONSTRAINT `organisations_sector_id_foreign` FOREIGN KEY (`sector_id`) REFERENCES `sectors` (`sector_id`) ON DELETE CASCADE;

--
-- Constraints for table `report_sectors_users`
--
ALTER TABLE `report_sectors_users`
  ADD CONSTRAINT `report_sectors_users_sector_id_foreign` FOREIGN KEY (`sector_id`) REFERENCES `sectors` (`sector_id`) ON DELETE CASCADE,
  ADD CONSTRAINT `report_sectors_users_user_id_foreign` FOREIGN KEY (`user_id`) REFERENCES `users` (`user_id`) ON DELETE CASCADE;

--
-- Constraints for table `report_states_users`
--
ALTER TABLE `report_states_users`
  ADD CONSTRAINT `report_states_users_state_id_foreign` FOREIGN KEY (`state_id`) REFERENCES `states` (`state_id`) ON DELETE CASCADE,
  ADD CONSTRAINT `report_states_users_user_id_foreign` FOREIGN KEY (`user_id`) REFERENCES `users` (`user_id`) ON DELETE CASCADE;

/*!40101 SET CHARACTER_SET_CLIENT=@OLD_CHARACTER_SET_CLIENT */;
/*!40101 SET CHARACTER_SET_RESULTS=@OLD_CHARACTER_SET_RESULTS */;
/*!40101 SET COLLATION_CONNECTION=@OLD_COLLATION_CONNECTION */;
